<?xml version="1.0" encoding="utf-8"?>
<toc image="$toolbox/matlab/icons/book_mat.gif" version="2.0">
   <tocitem target="product_page.html">AROC<tocitem image="HelpIcon.FUNCTION" target="functions_index.html">Function Reference<tocitem image="HelpIcon.FUNCTION" target="algorithms_index.html">Algorithms<tocitem image="HelpIcon.FUNCTION" target="convexInterpolationControl_index.html">Convex Interpolation Control<tocitem image="HelpIcon.FUNCTION" target="@objConvInterContr_index.html">@objConvInterContr<tocitem image="HelpIcon.FUNCTION" target="@objConvInterControbjConvInterContrhelp.html">objConvInterContr</tocitem>
                  <tocitem image="HelpIcon.FUNCTION" target="@objConvInterContrsimulatehelp.html">simulate</tocitem>
                  <tocitem image="HelpIcon.FUNCTION" target="@objConvInterContrsimulateRandomhelp.html">simulateRandom</tocitem>
               </tocitem>
               <tocitem image="HelpIcon.FUNCTION" target="src_index.html">Src<tocitem image="HelpIcon.FUNCTION" target="src_auxiliary_index.html">Auxiliary<tocitem image="HelpIcon.FUNCTION" target="computeInputZonotopehelp.html">computeInputZonotope</tocitem>
                     <tocitem image="HelpIcon.FUNCTION" target="computeQuadraticControlLawhelp.html">computeQuadraticControlLaw</tocitem>
                     <tocitem image="HelpIcon.FUNCTION" target="constraintfunctionQuadhelp.html">constraintfunctionQuad</tocitem>
                     <tocitem image="HelpIcon.FUNCTION" target="exactControlLawhelp.html">exactControlLaw</tocitem>
                     <tocitem image="HelpIcon.FUNCTION" target="localCornerControlhelp.html">localCornerControl</tocitem>
                     <tocitem image="HelpIcon.FUNCTION" target="symExtremePointshelp.html">symExtremePoints</tocitem>
                  </tocitem>
                  <tocitem image="HelpIcon.FUNCTION" target="contolLaws_index.html">Contol Laws<tocitem image="HelpIcon.FUNCTION" target="dynamicsClosedLoopExacthelp.html">dynamicsClosedLoopExact</tocitem>
                     <tocitem image="HelpIcon.FUNCTION" target="dynamicsClosedLoopLinearhelp.html">dynamicsClosedLoopLinear</tocitem>
                     <tocitem image="HelpIcon.FUNCTION" target="dynamicsClosedLoopQuadratichelp.html">dynamicsClosedLoopQuadratic</tocitem>
                  </tocitem>
                  <tocitem image="HelpIcon.FUNCTION" target="reachablityAnalysis_index.html">Reachablity Analysis<tocitem image="HelpIcon.FUNCTION" target="exactController_index.html">Exact Controller<tocitem image="HelpIcon.FUNCTION" target="computeExactControllerhelp.html">computeExactController</tocitem>
                        <tocitem image="HelpIcon.FUNCTION" target="reachExactControllerhelp.html">reachExactController</tocitem>
                     </tocitem>
                     <tocitem image="HelpIcon.FUNCTION" target="linearController_index.html">Linear Controller<tocitem image="HelpIcon.FUNCTION" target="computeLinearControllerhelp.html">computeLinearController</tocitem>
                        <tocitem image="HelpIcon.FUNCTION" target="reachLinearControllerhelp.html">reachLinearController</tocitem>
                     </tocitem>
                     <tocitem image="HelpIcon.FUNCTION" target="quadraticController_index.html">Quadratic Controller<tocitem image="HelpIcon.FUNCTION" target="computeQuadraticControllerhelp.html">computeQuadraticController</tocitem>
                     </tocitem>
                  </tocitem>
               </tocitem>
               <tocitem image="HelpIcon.FUNCTION" target="convexInterpolationControlhelp.html">convexInterpolationControl</tocitem>
            </tocitem>
            <tocitem image="HelpIcon.FUNCTION" target="generatorSpaceControl_index.html">Generator Space Control<tocitem image="HelpIcon.FUNCTION" target="@objGenSpaceContr_index.html">@objGenSpaceContr<tocitem image="HelpIcon.FUNCTION" target="@objGenSpaceControbjGenSpaceContrhelp.html">objGenSpaceContr</tocitem>
                  <tocitem image="HelpIcon.FUNCTION" target="@objGenSpaceContrsimulatehelp.html">simulate</tocitem>
                  <tocitem image="HelpIcon.FUNCTION" target="@objGenSpaceContrsimulateRandomhelp.html">simulateRandom</tocitem>
               </tocitem>
               <tocitem image="HelpIcon.FUNCTION" target="src_index.html">Src<tocitem image="HelpIcon.FUNCTION" target="computeAlphahelp.html">computeAlpha</tocitem>
                  <tocitem image="HelpIcon.FUNCTION" target="linearizeSystemhelp.html">linearizeSystem</tocitem>
                  <tocitem image="HelpIcon.FUNCTION" target="reachSetGenSpaceContrhelp.html">reachSetGenSpaceContr</tocitem>
               </tocitem>
               <tocitem image="HelpIcon.FUNCTION" target="generatorSpaceControlhelp.html">generatorSpaceControl</tocitem>
            </tocitem>
            <tocitem image="HelpIcon.FUNCTION" target="optimizationBasedControl_index.html">Optimization Based Control<tocitem image="HelpIcon.FUNCTION" target="@objOptBasedContr_index.html">@objOptBasedContr<tocitem image="HelpIcon.FUNCTION" target="@objOptBasedControbjOptBasedContrhelp.html">objOptBasedContr</tocitem>
                  <tocitem image="HelpIcon.FUNCTION" target="@objOptBasedContrsimulatehelp.html">simulate</tocitem>
                  <tocitem image="HelpIcon.FUNCTION" target="@objOptBasedContrsimulateRandomhelp.html">simulateRandom</tocitem>
               </tocitem>
               <tocitem image="HelpIcon.FUNCTION" target="src_index.html">Src<tocitem image="HelpIcon.FUNCTION" target="checkConstraintshelp.html">checkConstraints</tocitem>
                  <tocitem image="HelpIcon.FUNCTION" target="closedLoopSystemLinhelp.html">closedLoopSystemLin</tocitem>
                  <tocitem image="HelpIcon.FUNCTION" target="closedLoopSystemNonlinhelp.html">closedLoopSystemNonlin</tocitem>
                  <tocitem image="HelpIcon.FUNCTION" target="compFeedbackMatrixhelp.html">compFeedbackMatrix</tocitem>
                  <tocitem image="HelpIcon.FUNCTION" target="computeFinalReachSethelp.html">computeFinalReachSet</tocitem>
                  <tocitem image="HelpIcon.FUNCTION" target="conFunhelp.html">conFun</tocitem>
                  <tocitem image="HelpIcon.FUNCTION" target="costFunhelp.html">costFun</tocitem>
               </tocitem>
               <tocitem image="HelpIcon.FUNCTION" target="optimizationBasedControlhelp.html">optimizationBasedControl</tocitem>
            </tocitem>
            <tocitem image="HelpIcon.FUNCTION" target="reachsetMPC_index.html">Reachset MPC<tocitem image="HelpIcon.FUNCTION" target="src_index.html">Src<tocitem image="HelpIcon.FUNCTION" target="src_auxiliary_index.html">Auxiliary<tocitem image="HelpIcon.FUNCTION" target="checkConstrainthelp.html">checkConstraint</tocitem>
                     <tocitem image="HelpIcon.FUNCTION" target="checkInputConstraintshelp.html">checkInputConstraints</tocitem>
                     <tocitem image="HelpIcon.FUNCTION" target="closedLoopTrackinghelp.html">closedLoopTracking</tocitem>
                     <tocitem image="HelpIcon.FUNCTION" target="compReachSethelp.html">compReachSet</tocitem>
                     <tocitem image="HelpIcon.FUNCTION" target="costSetDistancehelp.html">costSetDistance</tocitem>
                     <tocitem image="HelpIcon.FUNCTION" target="distPhihelp.html">distPhi</tocitem>
                     <tocitem image="HelpIcon.FUNCTION" target="reachSetHorizonhelp.html">reachSetHorizon</tocitem>
                     <tocitem image="HelpIcon.FUNCTION" target="simulateSyshelp.html">simulateSys</tocitem>
                  </tocitem>
                  <tocitem image="HelpIcon.FUNCTION" target="optimalControl_index.html">Optimal Control<tocitem image="HelpIcon.FUNCTION" target="optimalControlReachsetMPChelp.html">optimalControlReachsetMPC</tocitem>
                     <tocitem image="HelpIcon.FUNCTION" target="writeAcadoFilesReachsetMPChelp.html">writeAcadoFilesReachsetMPC</tocitem>
                  </tocitem>
                  <tocitem image="HelpIcon.FUNCTION" target="trackingController_index.html">Tracking Controller<tocitem image="HelpIcon.FUNCTION" target="lqrTrackhelp.html">lqrTrack</tocitem>
                  </tocitem>
               </tocitem>
               <tocitem image="HelpIcon.FUNCTION" target="reachsetMPChelp.html">reachsetMPC</tocitem>
            </tocitem>
         </tocitem>
         <tocitem image="HelpIcon.FUNCTION" target="aroc_auxiliary_index.html">Auxiliary<tocitem image="HelpIcon.FUNCTION" target="acadoConvertDynamicshelp.html">acadoConvertDynamics</tocitem>
            <tocitem image="HelpIcon.FUNCTION" target="animateCommonRoadhelp.html">animateCommonRoad</tocitem>
            <tocitem image="HelpIcon.FUNCTION" target="centerTrajectoryhelp.html">centerTrajectory</tocitem>
            <tocitem image="HelpIcon.FUNCTION" target="checkOptshelp.html">checkOpts</tocitem>
            <tocitem image="HelpIcon.FUNCTION" target="checkParamhelp.html">checkParam</tocitem>
            <tocitem image="HelpIcon.FUNCTION" target="checkStateConstraintshelp.html">checkStateConstraints</tocitem>
            <tocitem image="HelpIcon.FUNCTION" target="collisionCheckerhelp.html">collisionChecker</tocitem>
            <tocitem image="HelpIcon.FUNCTION" target="compOccupancySethelp.html">compOccupancySet</tocitem>
            <tocitem image="HelpIcon.FUNCTION" target="constraintfunctionFminconhelp.html">constraintfunctionFmincon</tocitem>
            <tocitem image="HelpIcon.FUNCTION" target="costfunctionFminconhelp.html">costfunctionFmincon</tocitem>
            <tocitem image="HelpIcon.FUNCTION" target="decayFunctionshelp.html">decayFunctions</tocitem>
            <tocitem image="HelpIcon.FUNCTION" target="getNameValuePairhelp.html">getNameValuePair</tocitem>
            <tocitem image="HelpIcon.FUNCTION" target="initOptshelp.html">initOpts</tocitem>
            <tocitem image="HelpIcon.FUNCTION" target="isLinearModelhelp.html">isLinearModel</tocitem>
            <tocitem image="HelpIcon.FUNCTION" target="optimalControlhelp.html">optimalControl</tocitem>
            <tocitem image="HelpIcon.FUNCTION" target="optimalControlFminconhelp.html">optimalControlFmincon</tocitem>
            <tocitem image="HelpIcon.FUNCTION" target="parseOptshelp.html">parseOpts</tocitem>
            <tocitem image="HelpIcon.FUNCTION" target="plotOccupancySethelp.html">plotOccupancySet</tocitem>
            <tocitem image="HelpIcon.FUNCTION" target="projectReachSethelp.html">projectReachSet</tocitem>
            <tocitem image="HelpIcon.FUNCTION" target="reachNonlinearhelp.html">reachNonlinear</tocitem>
            <tocitem image="HelpIcon.FUNCTION" target="visualizeCommonRoadhelp.html">visualizeCommonRoad</tocitem>
            <tocitem image="HelpIcon.FUNCTION" target="writeAcadoFileshelp.html">writeAcadoFiles</tocitem>
         </tocitem>
         <tocitem image="HelpIcon.FUNCTION" target="benchmarks_index.html">Benchmarks<tocitem image="HelpIcon.FUNCTION" target="automaton_index.html">Automaton<tocitem image="HelpIcon.FUNCTION" target="postprocessing_carhelp.html">postprocessing_car</tocitem>
               <tocitem image="HelpIcon.FUNCTION" target="postprocessing_mobileRobothelp.html">postprocessing_mobileRobot</tocitem>
               <tocitem image="HelpIcon.FUNCTION" target="shiftInitSet_carhelp.html">shiftInitSet_car</tocitem>
               <tocitem image="HelpIcon.FUNCTION" target="shiftInitSet_mobileRobothelp.html">shiftInitSet_mobileRobot</tocitem>
               <tocitem image="HelpIcon.FUNCTION" target="shiftOccupancySet_carhelp.html">shiftOccupancySet_car</tocitem>
               <tocitem image="HelpIcon.FUNCTION" target="shiftOccupancySet_mobileRobothelp.html">shiftOccupancySet_mobileRobot</tocitem>
            </tocitem>
            <tocitem image="HelpIcon.FUNCTION" target="dynamics_index.html">Dynamics<tocitem image="HelpIcon.FUNCTION" target="artificialSystemhelp.html">artificialSystem</tocitem>
               <tocitem image="HelpIcon.FUNCTION" target="carhelp.html">car</tocitem>
               <tocitem image="HelpIcon.FUNCTION" target="carthelp.html">cart</tocitem>
               <tocitem image="HelpIcon.FUNCTION" target="doubleIntegratorhelp.html">doubleIntegrator</tocitem>
               <tocitem image="HelpIcon.FUNCTION" target="mobileRobothelp.html">mobileRobot</tocitem>
               <tocitem image="HelpIcon.FUNCTION" target="platoonhelp.html">platoon</tocitem>
               <tocitem image="HelpIcon.FUNCTION" target="robotArmhelp.html">robotArm</tocitem>
               <tocitem image="HelpIcon.FUNCTION" target="stirredTankReactorhelp.html">stirredTankReactor</tocitem>
            </tocitem>
            <tocitem image="HelpIcon.FUNCTION" target="parameter_index.html">Parameter<tocitem image="HelpIcon.FUNCTION" target="param_artificialSystemhelp.html">param_artificialSystem</tocitem>
               <tocitem image="HelpIcon.FUNCTION" target="param_artificialSystem_traj1help.html">param_artificialSystem_traj1</tocitem>
               <tocitem image="HelpIcon.FUNCTION" target="param_artificialSystem_traj2help.html">param_artificialSystem_traj2</tocitem>
               <tocitem image="HelpIcon.FUNCTION" target="param_carhelp.html">param_car</tocitem>
               <tocitem image="HelpIcon.FUNCTION" target="param_car_acceleratehelp.html">param_car_accelerate</tocitem>
               <tocitem image="HelpIcon.FUNCTION" target="param_car_deceleratehelp.html">param_car_decelerate</tocitem>
               <tocitem image="HelpIcon.FUNCTION" target="param_car_driveStraighthelp.html">param_car_driveStraight</tocitem>
               <tocitem image="HelpIcon.FUNCTION" target="param_car_turnRighthelp.html">param_car_turnRight</tocitem>
               <tocitem image="HelpIcon.FUNCTION" target="param_carthelp.html">param_cart</tocitem>
               <tocitem image="HelpIcon.FUNCTION" target="param_doubleIntegratorhelp.html">param_doubleIntegrator</tocitem>
               <tocitem image="HelpIcon.FUNCTION" target="param_mobileRobothelp.html">param_mobileRobot</tocitem>
               <tocitem image="HelpIcon.FUNCTION" target="param_platoonhelp.html">param_platoon</tocitem>
               <tocitem image="HelpIcon.FUNCTION" target="param_robotArmhelp.html">param_robotArm</tocitem>
               <tocitem image="HelpIcon.FUNCTION" target="param_stirredTankReactorhelp.html">param_stirredTankReactor</tocitem>
               <tocitem image="HelpIcon.FUNCTION" target="param_stirredTankReactor_traj1help.html">param_stirredTankReactor_traj1</tocitem>
               <tocitem image="HelpIcon.FUNCTION" target="param_stirredTankReactor_traj2help.html">param_stirredTankReactor_traj2</tocitem>
            </tocitem>
            <tocitem image="HelpIcon.FUNCTION" target="benchmarks_settings_index.html">Settings<tocitem image="HelpIcon.FUNCTION" target="SettingsConvexInterpolationControl_index.html">Settings Convex Interpolation Control<tocitem image="HelpIcon.FUNCTION" target="settings_convInterContr_carhelp.html">settings_convInterContr_car</tocitem>
                  <tocitem image="HelpIcon.FUNCTION" target="settings_convInterContr_carthelp.html">settings_convInterContr_cart</tocitem>
                  <tocitem image="HelpIcon.FUNCTION" target="settings_convInterContr_doubleIntegratorhelp.html">settings_convInterContr_doubleIntegrator</tocitem>
                  <tocitem image="HelpIcon.FUNCTION" target="settings_convInterContr_mobileRobothelp.html">settings_convInterContr_mobileRobot</tocitem>
                  <tocitem image="HelpIcon.FUNCTION" target="settings_convInterContr_platoonhelp.html">settings_convInterContr_platoon</tocitem>
                  <tocitem image="HelpIcon.FUNCTION" target="settings_convInterContr_robotArmhelp.html">settings_convInterContr_robotArm</tocitem>
               </tocitem>
               <tocitem image="HelpIcon.FUNCTION" target="SettingsGeneratorSpaceControl_index.html">Settings Generator Space Control<tocitem image="HelpIcon.FUNCTION" target="settings_genSpaceContr_carhelp.html">settings_genSpaceContr_car</tocitem>
                  <tocitem image="HelpIcon.FUNCTION" target="settings_genSpaceContr_carthelp.html">settings_genSpaceContr_cart</tocitem>
               </tocitem>
               <tocitem image="HelpIcon.FUNCTION" target="SettingsOptimizationBasedControl_index.html">Settings Optimization Based Control<tocitem image="HelpIcon.FUNCTION" target="settings_optBasedContr_carhelp.html">settings_optBasedContr_car</tocitem>
                  <tocitem image="HelpIcon.FUNCTION" target="settings_optBasedContr_platoonhelp.html">settings_optBasedContr_platoon</tocitem>
               </tocitem>
               <tocitem image="HelpIcon.FUNCTION" target="SettingsReachsetMPC_index.html">Settings Reachset MPC<tocitem image="HelpIcon.FUNCTION" target="settings_reachsetMPC_artificialSystem_traj1help.html">settings_reachsetMPC_artificialSystem_traj1</tocitem>
                  <tocitem image="HelpIcon.FUNCTION" target="settings_reachsetMPC_artificialSystem_traj2help.html">settings_reachsetMPC_artificialSystem_traj2</tocitem>
                  <tocitem image="HelpIcon.FUNCTION" target="settings_reachsetMPC_stirredTankReactor_traj1help.html">settings_reachsetMPC_stirredTankReactor_traj1</tocitem>
                  <tocitem image="HelpIcon.FUNCTION" target="settings_reachsetMPC_stirredTankReactor_traj2help.html">settings_reachsetMPC_stirredTankReactor_traj2</tocitem>
               </tocitem>
            </tocitem>
         </tocitem>
         <tocitem image="HelpIcon.FUNCTION" target="classes_index.html">Classes<tocitem image="HelpIcon.FUNCTION" target="@maneuverAutomaton_index.html">@maneuverAutomaton<tocitem image="HelpIcon.FUNCTION" target="@maneuverAutomatonmaneuverAutomatonhelp.html">maneuverAutomaton</tocitem>
               <tocitem image="HelpIcon.FUNCTION" target="@maneuverAutomatonmotionPlannerhelp.html">motionPlanner</tocitem>
            </tocitem>
            <tocitem image="HelpIcon.FUNCTION" target="@objController_index.html">@objController<tocitem image="HelpIcon.FUNCTION" target="@objControllerobjControllerhelp.html">objController</tocitem>
            </tocitem>
            <tocitem image="HelpIcon.FUNCTION" target="@results_index.html">@results<tocitem image="HelpIcon.FUNCTION" target="@resultsplotReachhelp.html">plotReach</tocitem>
               <tocitem image="HelpIcon.FUNCTION" target="@resultsplotReachTimePointhelp.html">plotReachTimePoint</tocitem>
               <tocitem image="HelpIcon.FUNCTION" target="@resultsplotSimulationhelp.html">plotSimulation</tocitem>
               <tocitem image="HelpIcon.FUNCTION" target="@resultsresultshelp.html">results</tocitem>
            </tocitem>
         </tocitem>
      </tocitem>
   </tocitem>
</toc>