0,5,0,0
0.01,5,0.01,-0.0098333
0.02,4.9998,0.02,-0.028373
0.03,4.9996,0.029999,-0.045272
0.04,4.9993,0.039998,-0.060781
0.05,4.9989,0.049996,-0.075155
0.06,4.9985,0.059994,-0.088602
0.07,4.998,0.06999,-0.10129
0.08,4.9974,0.079985,-0.11335
0.09,4.9968,0.08998,-0.1249
0.1,4.9961,0.099972,-0.13602
0.11,4.9953,0.10996,-0.14679
0.12,4.9946,0.11995,-0.15727
0.13,4.9937,0.12994,-0.16749
0.14,4.9928,0.13993,-0.17751
0.15,4.9919,0.14991,-0.18735
0.16,4.9909,0.1599,-0.19703
0.17,4.9899,0.16988,-0.20658
0.18,4.9888,0.17986,-0.21601
0.19,4.9877,0.18983,-0.22534
0.2,4.9865,0.19981,-0.23457
0.21,4.9853,0.20978,-0.24372
0.22,4.984,0.21975,-0.25279
0.23,4.9827,0.22971,-0.26179
0.24,4.9814,0.23968,-0.27073
0.25,4.98,0.24964,-0.2796
0.26,4.9785,0.2596,-0.28841
0.27,4.977,0.26955,-0.29716
0.28,4.9755,0.27951,-0.30586
0.29,4.9739,0.28946,-0.3145
0.3,4.9723,0.2994,-0.32309
0.31,4.9707,0.30934,-0.33163
0.32,4.969,0.31928,-0.34012
0.33,4.9672,0.32922,-0.34857
0.34,4.9654,0.33915,-0.35696
0.35,4.9636,0.34908,-0.3653
0.36,4.9617,0.35901,-0.3736
0.37,4.9598,0.36893,-0.38185
0.38,4.9579,0.37885,-0.39005
0.39,4.9559,0.38876,-0.39821
0.4,4.9539,0.39867,-0.40632
0.41,4.9518,0.40858,-0.41439
0.42,4.9497,0.41848,-0.42241
0.43,4.9475,0.42837,-0.43038
0.44,4.9453,0.43827,-0.43831
0.45,4.9431,0.44816,-0.4462
0.46,4.9408,0.45804,-0.45404
0.47,4.9385,0.46792,-0.46184
0.48,4.9362,0.47779,-0.46959
0.49,4.9338,0.48766,-0.4773
0.5,4.9314,0.49753,-0.48496
0.51,4.9289,0.50739,-0.49258
0.52,4.9264,0.51724,-0.50016
0.53,4.9239,0.52709,-0.50769
0.54,4.9213,0.53694,-0.51518
0.55,4.9187,0.54678,-0.52263
0.56,4.916,0.55661,-0.53003
0.57,4.9133,0.56644,-0.53739
0.58,4.9106,0.57627,-0.54471
0.59,4.9078,0.58609,-0.55198
0.6,4.905,0.5959,-0.55922
0.61,4.9022,0.60571,-0.56641
0.62,4.8993,0.61551,-0.57356
0.63,4.8964,0.6253,-0.58066
0.64,4.8935,0.63509,-0.58773
0.65,4.8905,0.64488,-0.59475
0.66,4.8875,0.65466,-0.60173
0.67,4.8845,0.66443,-0.60867
0.68,4.8814,0.67419,-0.61557
0.69,4.8783,0.68395,-0.62243
0.7,4.8751,0.69371,-0.62924
0.71,4.872,0.70345,-0.63602
0.72,4.8687,0.71319,-0.64275
0.73,4.8655,0.72293,-0.64945
0.74,4.8622,0.73266,-0.6561
0.75,4.8589,0.74238,-0.66271
0.76,4.8556,0.75209,-0.66928
0.77,4.8522,0.7618,-0.67582
0.78,4.8488,0.7715,-0.68231
0.79,4.8453,0.7812,-0.68876
0.8,4.8419,0.79088,-0.69518
0.81,4.8383,0.80056,-0.70155
0.82,4.8348,0.81024,-0.70788
0.83,4.8312,0.8199,-0.71418
0.84,4.8276,0.82956,-0.72044
0.85,4.824,0.83921,-0.72665
0.86,4.8203,0.84886,-0.73283
0.87,4.8166,0.85849,-0.73897
0.88,4.8129,0.86812,-0.74507
0.89,4.8092,0.87775,-0.75113
0.9,4.8054,0.88736,-0.75716
0.91,4.8016,0.89697,-0.76314
0.92,4.7977,0.90657,-0.76909
0.93,4.7938,0.91616,-0.775
0.94,4.7899,0.92574,-0.78087
0.95,4.786,0.93532,-0.78671
0.96,4.782,0.94489,-0.7925
0.97,4.778,0.95445,-0.79826
0.98,4.774,0.964,-0.80398
0.99,4.77,0.97354,-0.80967
1,4.7659,0.98308,-0.81532
1.01,4.7618,0.9926,-0.82093
1.02,4.7577,1.0021,-0.8265
1.03,4.7535,1.0116,-0.83204
1.04,4.7493,1.0211,-0.83754
1.05,4.7451,1.0306,-0.843
1.06,4.7409,1.0401,-0.84843
1.07,4.7366,1.0496,-0.85382
1.08,4.7323,1.0591,-0.85918
1.09,4.728,1.0685,-0.8645
1.1,4.7236,1.078,-0.86979
1.11,4.7192,1.0874,-0.87503
1.12,4.7148,1.0969,-0.88025
1.13,4.7104,1.1063,-0.88543
1.14,4.706,1.1157,-0.89057
1.15,4.7015,1.1251,-0.89568
1.16,4.697,1.1345,-0.90075
1.17,4.6925,1.1439,-0.90579
1.18,4.6879,1.1533,-0.91079
1.19,4.6833,1.1626,-0.91576
1.2,4.6787,1.172,-0.92069
1.21,4.6741,1.1814,-0.92559
1.22,4.6694,1.1907,-0.93046
1.23,4.6648,1.2,-0.93529
1.24,4.6601,1.2094,-0.94009
1.25,4.6553,1.2187,-0.94485
1.26,4.6506,1.228,-0.94958
1.27,4.6458,1.2373,-0.95428
1.28,4.641,1.2466,-0.95894
1.29,4.6362,1.2558,-0.96357
1.3,4.6314,1.2651,-0.96816
1.31,4.6265,1.2744,-0.97273
1.32,4.6216,1.2836,-0.97726
1.33,4.6167,1.2929,-0.98175
1.34,4.6118,1.3021,-0.98622
1.35,4.6068,1.3113,-0.99065
1.36,4.6018,1.3205,-0.99505
1.37,4.5968,1.3297,-0.99941
1.38,4.5918,1.3389,-1.0037
1.39,4.5868,1.3481,-1.0081
1.4,4.5817,1.3572,-1.0123
1.41,4.5766,1.3664,-1.0166
1.42,4.5715,1.3756,-1.0208
1.43,4.5664,1.3847,-1.0249
1.44,4.5613,1.3938,-1.0291
1.45,4.5561,1.4029,-1.0332
1.46,4.5509,1.412,-1.0373
1.47,4.5457,1.4211,-1.0413
1.48,4.5405,1.4302,-1.0453
1.49,4.5352,1.4393,-1.0493
1.5,4.53,1.4484,-1.0533
1.51,4.5247,1.4574,-1.0572
1.52,4.5194,1.4665,-1.0611
1.53,4.5141,1.4755,-1.065
1.54,4.5087,1.4845,-1.0688
1.55,4.5033,1.4935,-1.0726
1.56,4.498,1.5025,-1.0764
1.57,4.4926,1.5115,-1.0801
1.58,4.4871,1.5205,-1.0838
1.59,4.4817,1.5295,-1.0875
1.6,4.4763,1.5384,-1.0912
1.61,4.4708,1.5474,-1.0948
1.62,4.4653,1.5563,-1.0984
1.63,4.4598,1.5652,-1.102
1.64,4.4542,1.5742,-1.1055
1.65,4.4487,1.5831,-1.109
1.66,4.4431,1.5919,-1.1125
1.67,4.4376,1.6008,-1.1159
1.68,4.432,1.6097,-1.1193
1.69,4.4264,1.6186,-1.1227
1.7,4.4207,1.6274,-1.1261
1.71,4.4151,1.6362,-1.1294
1.72,4.4094,1.6451,-1.1327
1.73,4.4037,1.6539,-1.136
1.74,4.398,1.6627,-1.1393
1.75,4.3923,1.6715,-1.1425
1.76,4.3866,1.6802,-1.1457
1.77,4.3808,1.689,-1.1488
1.78,4.3751,1.6978,-1.152
1.79,4.3693,1.7065,-1.1551
1.8,4.3635,1.7152,-1.1582
1.81,4.3577,1.724,-1.1612
1.82,4.3519,1.7327,-1.1642
1.83,4.3461,1.7414,-1.1672
1.84,4.3402,1.7501,-1.1702
1.85,4.3343,1.7587,-1.1732
1.86,4.3285,1.7674,-1.1761
1.87,4.3226,1.7761,-1.179
1.88,4.3167,1.7847,-1.1818
1.89,4.3107,1.7933,-1.1847
1.9,4.3048,1.8019,-1.1875
1.91,4.2988,1.8105,-1.1903
1.92,4.2929,1.8191,-1.193
1.93,4.2869,1.8277,-1.1958
1.94,4.2809,1.8363,-1.1985
1.95,4.2749,1.8448,-1.2012
1.96,4.2689,1.8534,-1.2038
1.97,4.2629,1.8619,-1.2065
1.98,4.2568,1.8704,-1.2091
1.99,4.2507,1.8789,-1.2116
2,4.2447,1.8874,-1.2142
2.01,4.2386,1.8959,-1.2167
2.02,4.2325,1.9044,-1.2192
2.03,4.2264,1.9128,-1.2217
2.04,4.2203,1.9213,-1.2242
2.05,4.2141,1.9297,-1.2266
2.06,4.208,1.9381,-1.229
2.07,4.2018,1.9466,-1.2314
2.08,4.1957,1.955,-1.2337
2.09,4.1895,1.9633,-1.236
2.1,4.1833,1.9717,-1.2384
2.11,4.1771,1.9801,-1.2406
2.12,4.1709,1.9884,-1.2429
2.13,4.1646,1.9968,-1.2451
2.14,4.1584,2.0051,-1.2473
2.15,4.1522,2.0134,-1.2495
2.16,4.1459,2.0217,-1.2517
2.17,4.1396,2.03,-1.2538
2.18,4.1334,2.0382,-1.2559
2.19,4.1271,2.0465,-1.258
2.2,4.1208,2.0548,-1.2601
2.21,4.1145,2.063,-1.2621
2.22,4.1081,2.0712,-1.2641
2.23,4.1018,2.0794,-1.2661
2.24,4.0955,2.0876,-1.2681
2.25,4.0891,2.0958,-1.2701
2.26,4.0828,2.104,-1.272
2.27,4.0764,2.1121,-1.2739
2.28,4.07,2.1203,-1.2758
2.29,4.0636,2.1284,-1.2776
2.3,4.0572,2.1365,-1.2795
2.31,4.0508,2.1446,-1.2813
2.32,4.0444,2.1527,-1.2831
2.33,4.038,2.1608,-1.2849
2.34,4.0315,2.1689,-1.2866
2.35,4.0251,2.1769,-1.2883
2.36,4.0186,2.185,-1.29
2.37,4.0122,2.193,-1.2917
2.38,4.0057,2.201,-1.2934
2.39,3.9992,2.209,-1.295
2.4,3.9928,2.217,-1.2966
2.41,3.9863,2.225,-1.2982
2.42,3.9798,2.233,-1.2998
2.43,3.9733,2.2409,-1.3014
2.44,3.9668,2.2489,-1.3029
2.45,3.9602,2.2568,-1.3044
2.46,3.9537,2.2647,-1.3059
2.47,3.9472,2.2726,-1.3074
2.48,3.9406,2.2805,-1.3088
2.49,3.9341,2.2884,-1.3103
2.5,3.9275,2.2962,-1.3117
2.51,3.9209,2.3041,-1.3131
2.52,3.9144,2.3119,-1.3144
2.53,3.9078,2.3197,-1.3158
2.54,3.9012,2.3276,-1.3171
2.55,3.8946,2.3354,-1.3184
2.56,3.888,2.3431,-1.3197
2.57,3.8814,2.3509,-1.321
2.58,3.8748,2.3587,-1.3222
2.59,3.8682,2.3664,-1.3234
2.6,3.8616,2.3741,-1.3246
2.61,3.8549,2.3818,-1.3258
2.62,3.8483,2.3896,-1.327
2.63,3.8417,2.3972,-1.3281
2.64,3.835,2.4049,-1.3293
2.65,3.8284,2.4126,-1.3304
2.66,3.8217,2.4202,-1.3315
2.67,3.815,2.4279,-1.3325
2.68,3.8084,2.4355,-1.3336
2.69,3.8017,2.4431,-1.3346
2.7,3.795,2.4507,-1.3356
2.71,3.7883,2.4583,-1.3366
2.72,3.7817,2.4659,-1.3376
2.73,3.775,2.4734,-1.3386
2.74,3.7683,2.481,-1.3395
2.75,3.7616,2.4885,-1.3404
2.76,3.7549,2.496,-1.3413
2.77,3.7481,2.5035,-1.3422
2.78,3.7414,2.511,-1.3431
2.79,3.7347,2.5185,-1.3439
2.8,3.728,2.5259,-1.3448
2.81,3.7213,2.5334,-1.3456
2.82,3.7145,2.5408,-1.3464
2.83,3.7078,2.5482,-1.3471
2.84,3.701,2.5556,-1.3479
2.85,3.6943,2.563,-1.3486
2.86,3.6876,2.5704,-1.3494
2.87,3.6808,2.5778,-1.3501
2.88,3.6741,2.5851,-1.3508
2.89,3.6673,2.5925,-1.3514
2.9,3.6605,2.5998,-1.3521
2.91,3.6538,2.6071,-1.3527
2.92,3.647,2.6144,-1.3533
2.93,3.6402,2.6217,-1.354
2.94,3.6335,2.629,-1.3545
2.95,3.6267,2.6363,-1.3551
2.96,3.6199,2.6435,-1.3557
2.97,3.6131,2.6507,-1.3562
2.98,3.6063,2.658,-1.3567
2.99,3.5996,2.6652,-1.3572
3,3.5928,2.6723,-1.3577
3.01,3.586,2.6795,-1.3582
3.02,3.5792,2.6867,-1.3586
3.03,3.5724,2.6938,-1.3591
3.04,3.5656,2.701,-1.3595
3.05,3.5588,2.7081,-1.3599
3.06,3.552,2.7152,-1.3603
3.07,3.5452,2.7223,-1.3607
3.08,3.5384,2.7294,-1.361
3.09,3.5316,2.7365,-1.3614
3.1,3.5248,2.7435,-1.3617
3.11,3.518,2.7506,-1.362
3.12,3.5111,2.7576,-1.3623
3.13,3.5043,2.7646,-1.3626
3.14,3.4975,2.7716,-1.3629
3.15,3.4907,2.7786,-1.3631
3.16,3.4839,2.7856,-1.3633
3.17,3.4771,2.7925,-1.3636
3.18,3.4702,2.7995,-1.3638
3.19,3.4634,2.8064,-1.364
3.2,3.4566,2.8133,-1.3641
3.21,3.4498,2.8202,-1.3643
3.22,3.443,2.8271,-1.3644
3.23,3.4361,2.834,-1.3646
3.24,3.4293,2.8409,-1.3647
3.25,3.4225,2.8477,-1.3648
3.26,3.4157,2.8546,-1.3649
3.27,3.4088,2.8614,-1.3649
3.28,3.402,2.8682,-1.365
3.29,3.3952,2.875,-1.365
3.3,3.3884,2.8818,-1.3651
3.31,3.3815,2.8886,-1.3651
3.32,3.3747,2.8953,-1.3651
3.33,3.3679,2.9021,-1.3651
3.34,3.3611,2.9088,-1.3651
3.35,3.3542,2.9155,-1.365
3.36,3.3474,2.9222,-1.365
3.37,3.3406,2.9289,-1.3649
3.38,3.3338,2.9356,-1.3648
3.39,3.3269,2.9422,-1.3647
3.4,3.3201,2.9489,-1.3646
3.41,3.3133,2.9555,-1.3645
3.42,3.3065,2.9621,-1.3644
3.43,3.2997,2.9687,-1.3642
3.44,3.2928,2.9753,-1.3641
3.45,3.286,2.9819,-1.3639
3.46,3.2792,2.9885,-1.3637
3.47,3.2724,2.995,-1.3635
3.48,3.2656,3.0016,-1.3633
3.49,3.2588,3.0081,-1.3631
3.5,3.2519,3.0146,-1.3628
3.51,3.2451,3.0211,-1.3626
3.52,3.2383,3.0276,-1.3623
3.53,3.2315,3.034,-1.362
3.54,3.2247,3.0405,-1.3617
3.55,3.2179,3.0469,-1.3614
3.56,3.2111,3.0534,-1.3611
3.57,3.2043,3.0598,-1.3608
3.58,3.1975,3.0662,-1.3605
3.59,3.1907,3.0726,-1.3601
3.6,3.1839,3.079,-1.3597
3.61,3.1771,3.0853,-1.3594
3.62,3.1703,3.0917,-1.359
3.63,3.1635,3.098,-1.3586
3.64,3.1567,3.1043,-1.3582
3.65,3.1499,3.1106,-1.3577
3.66,3.1431,3.1169,-1.3573
3.67,3.1363,3.1232,-1.3569
3.68,3.1296,3.1295,-1.3564
3.69,3.1228,3.1357,-1.3559
3.7,3.116,3.142,-1.3555
3.71,3.1092,3.1482,-1.355
3.72,3.1025,3.1544,-1.3545
3.73,3.0957,3.1606,-1.354
3.74,3.0889,3.1668,-1.3534
3.75,3.0822,3.1729,-1.3529
3.76,3.0754,3.1791,-1.3523
3.77,3.0686,3.1852,-1.3518
3.78,3.0619,3.1914,-1.3512
3.79,3.0551,3.1975,-1.3506
3.8,3.0484,3.2036,-1.35
3.81,3.0416,3.2097,-1.3494
3.82,3.0349,3.2158,-1.3488
3.83,3.0281,3.2218,-1.3482
3.84,3.0214,3.2279,-1.3476
3.85,3.0147,3.2339,-1.3469
3.86,3.0079,3.2399,-1.3463
3.87,3.0012,3.2459,-1.3456
3.88,2.9945,3.2519,-1.3449
3.89,2.9878,3.2579,-1.3442
3.9,2.981,3.2639,-1.3435
3.91,2.9743,3.2698,-1.3428
3.92,2.9676,3.2758,-1.3421
3.93,2.9609,3.2817,-1.3414
3.94,2.9542,3.2876,-1.3407
3.95,2.9475,3.2935,-1.3399
3.96,2.9408,3.2994,-1.3391
3.97,2.9341,3.3053,-1.3384
3.98,2.9274,3.3112,-1.3376
3.99,2.9208,3.317,-1.3368
4,2.9141,3.3228,-1.336
4.01,2.9074,3.3287,-1.3352
4.02,2.9007,3.3345,-1.3344
4.03,2.8941,3.3403,-1.3336
4.04,2.8874,3.346,-1.3327
4.05,2.8807,3.3518,-1.3319
4.06,2.8741,3.3576,-1.331
4.07,2.8674,3.3633,-1.3302
4.08,2.8608,3.369,-1.3293
4.09,2.8541,3.3748,-1.3284
4.1,2.8475,3.3805,-1.3275
4.11,2.8409,3.3861,-1.3266
4.12,2.8342,3.3918,-1.3257
4.13,2.8276,3.3975,-1.3248
4.14,2.821,3.4031,-1.3239
4.15,2.8144,3.4088,-1.323
4.16,2.8078,3.4144,-1.322
4.17,2.8012,3.42,-1.3211
4.18,2.7946,3.4256,-1.3201
4.19,2.788,3.4312,-1.3191
4.2,2.7814,3.4367,-1.3182
4.21,2.7748,3.4423,-1.3172
4.22,2.7682,3.4478,-1.3162
4.23,2.7616,3.4534,-1.3152
4.24,2.7551,3.4589,-1.3142
4.25,2.7485,3.4644,-1.3131
4.26,2.7419,3.4699,-1.3121
4.27,2.7354,3.4754,-1.3111
4.28,2.7288,3.4808,-1.31
4.29,2.7223,3.4863,-1.309
4.3,2.7157,3.4917,-1.3079
4.31,2.7092,3.4971,-1.3068
4.32,2.7027,3.5025,-1.3058
4.33,2.6962,3.5079,-1.3047
4.34,2.6896,3.5133,-1.3036
4.35,2.6831,3.5187,-1.3025
4.36,2.6766,3.5241,-1.3014
4.37,2.6701,3.5294,-1.3003
4.38,2.6636,3.5347,-1.2991
4.39,2.6571,3.5401,-1.298
4.4,2.6507,3.5454,-1.2969
4.41,2.6442,3.5507,-1.2957
4.42,2.6377,3.556,-1.2946
4.43,2.6312,3.5612,-1.2934
4.44,2.6248,3.5665,-1.2922
4.45,2.6183,3.5717,-1.2911
4.46,2.6119,3.5769,-1.2899
4.47,2.6054,3.5822,-1.2887
4.48,2.599,3.5874,-1.2875
4.49,2.5926,3.5926,-1.2863
4.5,2.5861,3.5977,-1.2851
4.51,2.5797,3.6029,-1.2839
4.52,2.5733,3.6081,-1.2826
4.53,2.5669,3.6132,-1.2814
4.54,2.5605,3.6183,-1.2802
4.55,2.5541,3.6234,-1.2789
4.56,2.5477,3.6285,-1.2777
4.57,2.5413,3.6336,-1.2764
4.58,2.5349,3.6387,-1.2752
4.59,2.5286,3.6438,-1.2739
4.6,2.5222,3.6488,-1.2726
4.61,2.5159,3.6539,-1.2713
4.62,2.5095,3.6589,-1.27
4.63,2.5032,3.6639,-1.2687
4.64,2.4968,3.6689,-1.2674
4.65,2.4905,3.6739,-1.2661
4.66,2.4842,3.6789,-1.2648
4.67,2.4779,3.6838,-1.2635
4.68,2.4715,3.6888,-1.2621
4.69,2.4652,3.6937,-1.2608
4.7,2.4589,3.6986,-1.2595
4.71,2.4527,3.7035,-1.2581
4.72,2.4464,3.7084,-1.2568
4.73,2.4401,3.7133,-1.2554
4.74,2.4338,3.7182,-1.254
4.75,2.4276,3.7231,-1.2527
4.76,2.4213,3.7279,-1.2513
4.77,2.4151,3.7328,-1.2499
4.78,2.4088,3.7376,-1.2485
4.79,2.4026,3.7424,-1.2471
4.8,2.3963,3.7472,-1.2457
4.81,2.3901,3.752,-1.2443
4.82,2.3839,3.7567,-1.2429
4.83,2.3777,3.7615,-1.2415
4.84,2.3715,3.7663,-1.2401
4.85,2.3653,3.771,-1.2386
4.86,2.3591,3.7757,-1.2372
4.87,2.3529,3.7804,-1.2358
4.88,2.3468,3.7851,-1.2343
4.89,2.3406,3.7898,-1.2329
4.9,2.3345,3.7945,-1.2314
4.91,2.3283,3.7992,-1.2299
4.92,2.3222,3.8038,-1.2285
4.93,2.316,3.8084,-1.227
4.94,2.3099,3.8131,-1.2255
4.95,2.3038,3.8177,-1.224
4.96,2.2977,3.8223,-1.2226
4.97,2.2916,3.8269,-1.2211
4.98,2.2855,3.8315,-1.2196
4.99,2.2794,3.836,-1.2181
5,2.2733,3.8406,-1.2166
5.01,2.2672,3.8451,-1.2151
5.02,2.2611,3.8496,-1.2135
5.03,2.2551,3.8542,-1.212
5.04,2.249,3.8587,-1.2105
5.05,2.243,3.8632,-1.209
5.06,2.237,3.8676,-1.2074
5.07,2.2309,3.8721,-1.2059
5.08,2.2249,3.8766,-1.2044
5.09,2.2189,3.881,-1.2028
5.1,2.2129,3.8854,-1.2013
5.11,2.2069,3.8898,-1.1997
5.12,2.2009,3.8943,-1.1981
5.13,2.1949,3.8987,-1.1966
5.14,2.1889,3.903,-1.195
5.15,2.183,3.9074,-1.1934
5.16,2.177,3.9118,-1.1919
5.17,2.1711,3.9161,-1.1903
5.18,2.1651,3.9205,-1.1887
5.19,2.1592,3.9248,-1.1871
5.2,2.1532,3.9291,-1.1855
5.21,2.1473,3.9334,-1.1839
5.22,2.1414,3.9377,-1.1823
5.23,2.1355,3.942,-1.1807
5.24,2.1296,3.9462,-1.1791
5.25,2.1237,3.9505,-1.1775
5.26,2.1179,3.9547,-1.1758
5.27,2.112,3.9589,-1.1742
5.28,2.1061,3.9632,-1.1726
5.29,2.1003,3.9674,-1.171
5.3,2.0944,3.9716,-1.1693
5.31,2.0886,3.9757,-1.1677
5.32,2.0827,3.9799,-1.1661
5.33,2.0769,3.9841,-1.1644
5.34,2.0711,3.9882,-1.1628
5.35,2.0653,3.9924,-1.1611
5.36,2.0595,3.9965,-1.1595
5.37,2.0537,4.0006,-1.1578
5.38,2.0479,4.0047,-1.1561
5.39,2.0422,4.0088,-1.1545
5.4,2.0364,4.0129,-1.1528
5.41,2.0306,4.0169,-1.1511
5.42,2.0249,4.021,-1.1495
5.43,2.0192,4.025,-1.1478
5.44,2.0134,4.0291,-1.1461
5.45,2.0077,4.0331,-1.1444
5.46,2.002,4.0371,-1.1427
5.47,1.9963,4.0411,-1.141
5.48,1.9906,4.0451,-1.1393
5.49,1.9849,4.0491,-1.1376
5.5,1.9792,4.053,-1.1359
5.51,1.9736,4.057,-1.1342
5.52,1.9679,4.0609,-1.1325
5.53,1.9622,4.0649,-1.1308
5.54,1.9566,4.0688,-1.1291
5.55,1.951,4.0727,-1.1274
5.56,1.9453,4.0766,-1.1257
5.57,1.9397,4.0805,-1.124
5.58,1.9341,4.0843,-1.1222
5.59,1.9285,4.0882,-1.1205
5.6,1.9229,4.092,-1.1188
5.61,1.9173,4.0959,-1.1171
5.62,1.9117,4.0997,-1.1153
5.63,1.9062,4.1035,-1.1136
5.64,1.9006,4.1073,-1.1118
5.65,1.8951,4.1111,-1.1101
5.66,1.8895,4.1149,-1.1084
5.67,1.884,4.1187,-1.1066
5.68,1.8785,4.1225,-1.1049
5.69,1.8729,4.1262,-1.1031
5.7,1.8674,4.1299,-1.1014
5.71,1.8619,4.1337,-1.0996
5.72,1.8564,4.1374,-1.0978
5.73,1.851,4.1411,-1.0961
5.74,1.8455,4.1448,-1.0943
5.75,1.84,4.1485,-1.0925
5.76,1.8346,4.1522,-1.0908
5.77,1.8291,4.1558,-1.089
5.78,1.8237,4.1595,-1.0872
5.79,1.8183,4.1631,-1.0855
5.8,1.8129,4.1667,-1.0837
5.81,1.8074,4.1704,-1.0819
5.82,1.802,4.174,-1.0801
5.83,1.7967,4.1776,-1.0783
5.84,1.7913,4.1812,-1.0766
5.85,1.7859,4.1847,-1.0748
5.86,1.7805,4.1883,-1.073
5.87,1.7752,4.1919,-1.0712
5.88,1.7698,4.1954,-1.0694
5.89,1.7645,4.1989,-1.0676
5.9,1.7592,4.2025,-1.0658
5.91,1.7538,4.206,-1.064
5.92,1.7485,4.2095,-1.0622
5.93,1.7432,4.213,-1.0604
5.94,1.7379,4.2165,-1.0586
5.95,1.7326,4.2199,-1.0568
5.96,1.7274,4.2234,-1.055
5.97,1.7221,4.2268,-1.0532
5.98,1.7169,4.2303,-1.0514
5.99,1.7116,4.2337,-1.0496
6,1.7064,4.2371,-1.0478
6.01,1.7011,4.2405,-1.0459
6.02,1.6959,4.2439,-1.0441
6.03,1.6907,4.2473,-1.0423
6.04,1.6855,4.2507,-1.0405
6.05,1.6803,4.2541,-1.0387
6.06,1.6751,4.2574,-1.0368
6.07,1.6699,4.2608,-1.035
6.08,1.6648,4.2641,-1.0332
6.09,1.6596,4.2674,-1.0314
6.1,1.6545,4.2707,-1.0295
6.11,1.6493,4.274,-1.0277
6.12,1.6442,4.2773,-1.0259
6.13,1.6391,4.2806,-1.0241
6.14,1.634,4.2839,-1.0222
6.15,1.6289,4.2871,-1.0204
6.16,1.6238,4.2904,-1.0186
6.17,1.6187,4.2936,-1.0167
6.18,1.6136,4.2969,-1.0149
6.19,1.6086,4.3001,-1.013
6.2,1.6035,4.3033,-1.0112
6.21,1.5985,4.3065,-1.0094
6.22,1.5934,4.3097,-1.0075
6.23,1.5884,4.3129,-1.0057
6.24,1.5834,4.3161,-1.0038
6.25,1.5784,4.3192,-1.002
6.26,1.5734,4.3224,-1.0002
6.27,1.5684,4.3255,-0.99831
6.28,1.5634,4.3286,-0.99646
6.29,1.5584,4.3318,-0.99461
6.3,1.5535,4.3349,-0.99277
6.31,1.5485,4.338,-0.99092
6.32,1.5436,4.3411,-0.98907
6.33,1.5386,4.3442,-0.98722
6.34,1.5337,4.3472,-0.98537
6.35,1.5288,4.3503,-0.98352
6.36,1.5239,4.3533,-0.98166
6.37,1.519,4.3564,-0.97981
6.38,1.5141,4.3594,-0.97796
6.39,1.5092,4.3624,-0.9761
6.4,1.5043,4.3655,-0.97425
6.41,1.4995,4.3685,-0.97239
6.42,1.4946,4.3714,-0.97054
6.43,1.4898,4.3744,-0.96868
6.44,1.4849,4.3774,-0.96682
6.45,1.4801,4.3804,-0.96497
6.46,1.4753,4.3833,-0.96311
6.47,1.4705,4.3863,-0.96125
6.48,1.4657,4.3892,-0.95939
6.49,1.4609,4.3921,-0.95753
6.5,1.4561,4.3951,-0.95567
6.51,1.4514,4.398,-0.95381
6.52,1.4466,4.4009,-0.95195
6.53,1.4418,4.4037,-0.95009
6.54,1.4371,4.4066,-0.94823
6.55,1.4324,4.4095,-0.94637
6.56,1.4276,4.4124,-0.94451
6.57,1.4229,4.4152,-0.94265
6.58,1.4182,4.418,-0.94078
6.59,1.4135,4.4209,-0.93892
6.6,1.4088,4.4237,-0.93706
6.61,1.4042,4.4265,-0.9352
6.62,1.3995,4.4293,-0.93334
6.63,1.3948,4.4321,-0.93147
6.64,1.3902,4.4349,-0.92961
6.65,1.3856,4.4377,-0.92775
6.66,1.3809,4.4404,-0.92588
6.67,1.3763,4.4432,-0.92402
6.68,1.3717,4.4459,-0.92216
6.69,1.3671,4.4487,-0.9203
6.7,1.3625,4.4514,-0.91843
6.71,1.3579,4.4541,-0.91657
6.72,1.3534,4.4568,-0.91471
6.73,1.3488,4.4595,-0.91285
6.74,1.3442,4.4622,-0.91098
6.75,1.3397,4.4649,-0.90912
6.76,1.3351,4.4676,-0.90726
6.77,1.3306,4.4703,-0.9054
6.78,1.3261,4.4729,-0.90353
6.79,1.3216,4.4756,-0.90167
6.8,1.3171,4.4782,-0.89981
6.81,1.3126,4.4808,-0.89795
6.82,1.3081,4.4835,-0.89609
6.83,1.3037,4.4861,-0.89423
6.84,1.2992,4.4887,-0.89237
6.85,1.2947,4.4913,-0.89051
6.86,1.2903,4.4939,-0.88865
6.87,1.2859,4.4964,-0.88679
6.88,1.2814,4.499,-0.88493
6.89,1.277,4.5016,-0.88307
6.9,1.2726,4.5041,-0.88121
6.91,1.2682,4.5066,-0.87935
6.92,1.2638,4.5092,-0.8775
6.93,1.2595,4.5117,-0.87564
6.94,1.2551,4.5142,-0.87378
6.95,1.2507,4.5167,-0.87193
6.96,1.2464,4.5192,-0.87007
6.97,1.242,4.5217,-0.86821
6.98,1.2377,4.5242,-0.86636
6.99,1.2334,4.5267,-0.86451
7,1.2291,4.5291,-0.86265
7.01,1.2248,4.5316,-0.8608
7.02,1.2205,4.534,-0.85895
7.03,1.2162,4.5365,-0.85709
7.04,1.2119,4.5389,-0.85524
7.05,1.2076,4.5413,-0.85339
7.06,1.2034,4.5437,-0.85154
7.07,1.1991,4.5461,-0.84969
7.08,1.1949,4.5485,-0.84784
7.09,1.1907,4.5509,-0.846
7.1,1.1864,4.5533,-0.84415
7.11,1.1822,4.5556,-0.8423
7.12,1.178,4.558,-0.84046
7.13,1.1738,4.5604,-0.83861
7.14,1.1697,4.5627,-0.83677
7.15,1.1655,4.565,-0.83492
7.16,1.1613,4.5674,-0.83308
7.17,1.1572,4.5697,-0.83124
7.18,1.153,4.572,-0.8294
7.19,1.1489,4.5743,-0.82756
7.2,1.1447,4.5766,-0.82572
7.21,1.1406,4.5789,-0.82388
7.22,1.1365,4.5811,-0.82204
7.23,1.1324,4.5834,-0.8202
7.24,1.1283,4.5857,-0.81837
7.25,1.1242,4.5879,-0.81653
7.26,1.1202,4.5902,-0.8147
7.27,1.1161,4.5924,-0.81287
7.28,1.112,4.5946,-0.81103
7.29,1.108,4.5969,-0.8092
7.3,1.104,4.5991,-0.80737
7.31,1.0999,4.6013,-0.80554
7.32,1.0959,4.6035,-0.80372
7.33,1.0919,4.6057,-0.80189
7.34,1.0879,4.6078,-0.80006
7.35,1.0839,4.61,-0.79824
7.36,1.0799,4.6122,-0.79641
7.37,1.076,4.6143,-0.79459
7.38,1.072,4.6165,-0.79277
7.39,1.068,4.6186,-0.79095
7.4,1.0641,4.6207,-0.78913
7.41,1.0602,4.6229,-0.78731
7.42,1.0562,4.625,-0.7855
7.43,1.0523,4.6271,-0.78368
7.44,1.0484,4.6292,-0.78186
7.45,1.0445,4.6313,-0.78005
7.46,1.0406,4.6334,-0.77824
7.47,1.0367,4.6355,-0.77643
7.48,1.0329,4.6375,-0.77462
7.49,1.029,4.6396,-0.77281
7.5,1.0251,4.6416,-0.771
7.51,1.0213,4.6437,-0.7692
7.52,1.0175,4.6457,-0.76739
7.53,1.0136,4.6478,-0.76559
7.54,1.0098,4.6498,-0.76379
7.55,1.006,4.6518,-0.76198
7.56,1.0022,4.6538,-0.76019
7.57,0.99841,4.6558,-0.75839
7.58,0.99462,4.6578,-0.75659
7.59,0.99085,4.6598,-0.75479
7.6,0.98709,4.6618,-0.753
7.61,0.98333,4.6637,-0.75121
7.62,0.97958,4.6657,-0.74942
7.63,0.97584,4.6676,-0.74763
7.64,0.97211,4.6696,-0.74584
7.65,0.96839,4.6715,-0.74405
7.66,0.96468,4.6735,-0.74226
7.67,0.96098,4.6754,-0.74048
7.68,0.95729,4.6773,-0.7387
7.69,0.9536,4.6792,-0.73692
7.7,0.94993,4.6811,-0.73514
7.71,0.94626,4.683,-0.73336
7.72,0.9426,4.6849,-0.73158
7.73,0.93895,4.6868,-0.72981
7.74,0.93531,4.6887,-0.72803
7.75,0.93168,4.6905,-0.72626
7.76,0.92806,4.6924,-0.72449
7.77,0.92445,4.6942,-0.72272
7.78,0.92084,4.6961,-0.72095
7.79,0.91724,4.6979,-0.71919
7.8,0.91366,4.6998,-0.71742
7.81,0.91008,4.7016,-0.71566
7.82,0.90651,4.7034,-0.7139
7.83,0.90295,4.7052,-0.71214
7.84,0.8994,4.707,-0.71038
7.85,0.89585,4.7088,-0.70863
7.86,0.89232,4.7106,-0.70687
7.87,0.88879,4.7124,-0.70512
7.88,0.88528,4.7142,-0.70337
7.89,0.88177,4.7159,-0.70162
7.9,0.87827,4.7177,-0.69987
7.91,0.87478,4.7194,-0.69812
7.92,0.8713,4.7212,-0.69638
7.93,0.86782,4.7229,-0.69464
7.94,0.86436,4.7247,-0.69289
7.95,0.8609,4.7264,-0.69115
7.96,0.85746,4.7281,-0.68942
7.97,0.85402,4.7298,-0.68768
7.98,0.85059,4.7315,-0.68595
7.99,0.84717,4.7332,-0.68421
8,0.84376,4.7349,-0.68248
8.01,0.84035,4.7366,-0.68076
8.02,0.83696,4.7383,-0.67903
8.03,0.83357,4.7399,-0.6773
8.04,0.83019,4.7416,-0.67558
8.05,0.82682,4.7433,-0.67386
8.06,0.82346,4.7449,-0.67214
8.07,0.82011,4.7465,-0.67042
8.08,0.81677,4.7482,-0.6687
8.09,0.81343,4.7498,-0.66699
8.1,0.81011,4.7514,-0.66528
8.11,0.80679,4.7531,-0.66357
8.12,0.80348,4.7547,-0.66186
8.13,0.80018,4.7563,-0.66015
8.14,0.79689,4.7579,-0.65845
8.15,0.7936,4.7595,-0.65674
8.16,0.79033,4.761,-0.65504
8.17,0.78706,4.7626,-0.65334
8.18,0.7838,4.7642,-0.65165
8.19,0.78055,4.7658,-0.64995
8.2,0.77731,4.7673,-0.64826
8.21,0.77408,4.7689,-0.64657
8.22,0.77085,4.7704,-0.64488
8.23,0.76764,4.7719,-0.64319
8.24,0.76443,4.7735,-0.6415
8.25,0.76123,4.775,-0.63982
8.26,0.75804,4.7765,-0.63814
8.27,0.75486,4.778,-0.63646
8.28,0.75168,4.7795,-0.63478
8.29,0.74852,4.781,-0.63311
8.3,0.74536,4.7825,-0.63143
8.31,0.74221,4.784,-0.62976
8.32,0.73907,4.7855,-0.62809
8.33,0.73594,4.787,-0.62642
8.34,0.73282,4.7884,-0.62476
8.35,0.7297,4.7899,-0.62309
8.36,0.72659,4.7914,-0.62143
8.37,0.72349,4.7928,-0.61977
8.38,0.7204,4.7943,-0.61812
8.39,0.71732,4.7957,-0.61646
8.4,0.71425,4.7971,-0.61481
8.41,0.71118,4.7986,-0.61316
8.42,0.70812,4.8,-0.61151
8.43,0.70507,4.8014,-0.60986
8.44,0.70203,4.8028,-0.60822
8.45,0.699,4.8042,-0.60657
8.46,0.69598,4.8056,-0.60493
8.47,0.69296,4.807,-0.6033
8.48,0.68995,4.8084,-0.60166
8.49,0.68695,4.8097,-0.60002
8.5,0.68396,4.8111,-0.59839
8.51,0.68098,4.8125,-0.59676
8.52,0.678,4.8138,-0.59514
8.53,0.67503,4.8152,-0.59351
8.54,0.67207,4.8165,-0.59189
8.55,0.66912,4.8179,-0.59027
8.56,0.66618,4.8192,-0.58865
8.57,0.66324,4.8205,-0.58703
8.58,0.66032,4.8219,-0.58541
8.59,0.6574,4.8232,-0.5838
8.6,0.65449,4.8245,-0.58219
8.61,0.65158,4.8258,-0.58058
8.62,0.64869,4.8271,-0.57898
8.63,0.6458,4.8284,-0.57737
8.64,0.64292,4.8297,-0.57577
8.65,0.64005,4.831,-0.57417
8.66,0.63719,4.8322,-0.57258
8.67,0.63433,4.8335,-0.57098
8.68,0.63149,4.8348,-0.56939
8.69,0.62865,4.836,-0.5678
8.7,0.62582,4.8373,-0.56621
8.71,0.62299,4.8385,-0.56462
8.72,0.62018,4.8398,-0.56304
8.73,0.61737,4.841,-0.56146
8.74,0.61457,4.8423,-0.55988
8.75,0.61178,4.8435,-0.5583
8.76,0.609,4.8447,-0.55673
8.77,0.60622,4.8459,-0.55516
8.78,0.60345,4.8471,-0.55359
8.79,0.60069,4.8483,-0.55202
8.8,0.59794,4.8495,-0.55045
8.81,0.5952,4.8507,-0.54889
8.82,0.59246,4.8519,-0.54733
8.83,0.58973,4.8531,-0.54577
8.84,0.58701,4.8543,-0.54422
8.85,0.5843,4.8554,-0.54266
8.86,0.58159,4.8566,-0.54111
8.87,0.57889,4.8578,-0.53956
8.88,0.5762,4.8589,-0.53801
8.89,0.57352,4.8601,-0.53647
8.9,0.57085,4.8612,-0.53493
8.91,0.56818,4.8624,-0.53339
8.92,0.56552,4.8635,-0.53185
8.93,0.56287,4.8646,-0.53031
8.94,0.56022,4.8657,-0.52878
8.95,0.55759,4.8669,-0.52725
8.96,0.55496,4.868,-0.52572
8.97,0.55234,4.8691,-0.5242
8.98,0.54972,4.8702,-0.52267
8.99,0.54712,4.8713,-0.52115
9,0.54452,4.8724,-0.51963
9.01,0.54193,4.8735,-0.51812
9.02,0.53935,4.8745,-0.5166
9.03,0.53677,4.8756,-0.51509
9.04,0.5342,4.8767,-0.51358
9.05,0.53164,4.8778,-0.51208
9.06,0.52909,4.8788,-0.51057
9.07,0.52655,4.8799,-0.50907
9.08,0.52401,4.8809,-0.50757
9.09,0.52148,4.882,-0.50607
9.1,0.51895,4.883,-0.50458
9.11,0.51644,4.884,-0.50309
9.12,0.51393,4.8851,-0.5016
9.13,0.51143,4.8861,-0.50011
9.14,0.50894,4.8871,-0.49862
9.15,0.50645,4.8881,-0.49714
9.16,0.50397,4.8891,-0.49566
9.17,0.5015,4.8901,-0.49418
9.18,0.49904,4.8911,-0.49271
9.19,0.49658,4.8921,-0.49123
9.2,0.49413,4.8931,-0.48976
9.21,0.49169,4.8941,-0.4883
9.22,0.48926,4.8951,-0.48683
9.23,0.48683,4.8961,-0.48537
9.24,0.48441,4.897,-0.48391
9.25,0.482,4.898,-0.48245
9.26,0.47959,4.899,-0.48099
9.27,0.4772,4.8999,-0.47954
9.28,0.47481,4.9009,-0.47809
9.29,0.47242,4.9018,-0.47664
9.3,0.47005,4.9028,-0.47519
9.31,0.46768,4.9037,-0.47375
9.32,0.46532,4.9046,-0.47231
9.33,0.46296,4.9056,-0.47087
9.34,0.46062,4.9065,-0.46943
9.35,0.45828,4.9074,-0.468
9.36,0.45594,4.9083,-0.46657
9.37,0.45362,4.9092,-0.46514
9.38,0.4513,4.9101,-0.46371
9.39,0.44899,4.911,-0.46229
9.4,0.44668,4.9119,-0.46087
9.41,0.44439,4.9128,-0.45945
9.42,0.44209,4.9137,-0.45803
9.43,0.43981,4.9146,-0.45662
9.44,0.43754,4.9155,-0.45521
9.45,0.43527,4.9163,-0.4538
9.46,0.433,4.9172,-0.45239
9.47,0.43075,4.9181,-0.45099
9.48,0.4285,4.9189,-0.44959
9.49,0.42626,4.9198,-0.44819
9.5,0.42403,4.9206,-0.44679
9.51,0.4218,4.9215,-0.4454
9.52,0.41958,4.9223,-0.44401
9.53,0.41737,4.9232,-0.44262
9.54,0.41516,4.924,-0.44123
9.55,0.41296,4.9248,-0.43985
9.56,0.41077,4.9257,-0.43847
9.57,0.40858,4.9265,-0.43709
9.58,0.40641,4.9273,-0.43571
9.59,0.40423,4.9281,-0.43434
9.6,0.40207,4.9289,-0.43297
9.61,0.39991,4.9297,-0.4316
9.62,0.39776,4.9305,-0.43023
9.63,0.39562,4.9313,-0.42887
9.64,0.39348,4.9321,-0.4275
9.65,0.39135,4.9329,-0.42615
9.66,0.38922,4.9337,-0.42479
9.67,0.38711,4.9344,-0.42344
9.68,0.385,4.9352,-0.42208
9.69,0.38289,4.936,-0.42074
9.7,0.38079,4.9367,-0.41939
9.71,0.3787,4.9375,-0.41805
9.72,0.37662,4.9382,-0.41671
9.73,0.37454,4.939,-0.41537
9.74,0.37247,4.9397,-0.41403
9.75,0.37041,4.9405,-0.4127
9.76,0.36835,4.9412,-0.41137
9.77,0.3663,4.942,-0.41004
9.78,0.36426,4.9427,-0.40871
9.79,0.36222,4.9434,-0.40739
9.8,0.36019,4.9441,-0.40607
9.81,0.35817,4.9449,-0.40475
9.82,0.35615,4.9456,-0.40343
9.83,0.35414,4.9463,-0.40212
9.84,0.35214,4.947,-0.40081
9.85,0.35014,4.9477,-0.3995
9.86,0.34815,4.9484,-0.3982
9.87,0.34616,4.9491,-0.39689
9.88,0.34419,4.9498,-0.39559
9.89,0.34221,4.9505,-0.39429
9.9,0.34025,4.9511,-0.393
9.91,0.33829,4.9518,-0.39171
9.92,0.33634,4.9525,-0.39041
9.93,0.33439,4.9532,-0.38913
9.94,0.33245,4.9538,-0.38784
9.95,0.33052,4.9545,-0.38656
9.96,0.3286,4.9552,-0.38528
9.97,0.32668,4.9558,-0.384
9.98,0.32476,4.9565,-0.38273
9.99,0.32285,4.9571,-0.38145
10,0.32095,4.9578,-0.38018
10.01,0.31906,4.9584,-0.37892
10.02,0.31717,4.959,-0.37765
10.03,0.31529,4.9597,-0.37639
10.04,0.31341,4.9603,-0.37513
10.05,0.31154,4.9609,-0.37387
10.06,0.30968,4.9615,-0.37262
10.07,0.30782,4.9622,-0.37136
10.08,0.30597,4.9628,-0.37011
10.09,0.30413,4.9634,-0.36887
10.1,0.30229,4.964,-0.36762
10.11,0.30046,4.9646,-0.36638
10.12,0.29863,4.9652,-0.36514
10.13,0.29681,4.9658,-0.3639
10.14,0.295,4.9664,-0.36267
10.15,0.29319,4.967,-0.36144
10.16,0.29139,4.9675,-0.36021
10.17,0.2896,4.9681,-0.35898
10.18,0.28781,4.9687,-0.35776
10.19,0.28603,4.9693,-0.35653
10.2,0.28425,4.9699,-0.35531
10.21,0.28248,4.9704,-0.3541
10.22,0.28071,4.971,-0.35288
10.23,0.27896,4.9715,-0.35167
10.24,0.2772,4.9721,-0.35046
10.25,0.27546,4.9727,-0.34926
10.26,0.27372,4.9732,-0.34805
10.27,0.27198,4.9737,-0.34685
10.28,0.27025,4.9743,-0.34565
10.29,0.26853,4.9748,-0.34446
10.3,0.26682,4.9754,-0.34326
10.31,0.26511,4.9759,-0.34207
10.32,0.2634,4.9764,-0.34088
10.33,0.2617,4.9769,-0.3397
10.34,0.26001,4.9775,-0.33851
10.35,0.25832,4.978,-0.33733
10.36,0.25664,4.9785,-0.33615
10.37,0.25497,4.979,-0.33498
10.38,0.2533,4.9795,-0.3338
10.39,0.25164,4.98,-0.33263
10.4,0.24998,4.9805,-0.33146
10.41,0.24833,4.981,-0.3303
10.42,0.24668,4.9815,-0.32913
10.43,0.24504,4.982,-0.32797
10.44,0.24341,4.9825,-0.32681
10.45,0.24178,4.983,-0.32566
10.46,0.24016,4.9835,-0.3245
10.47,0.23854,4.9839,-0.32335
10.48,0.23693,4.9844,-0.3222
10.49,0.23532,4.9849,-0.32106
10.5,0.23372,4.9854,-0.31991
10.51,0.23213,4.9858,-0.31877
10.52,0.23054,4.9863,-0.31764
10.53,0.22896,4.9868,-0.3165
10.54,0.22738,4.9872,-0.31537
10.55,0.22581,4.9877,-0.31424
10.56,0.22425,4.9881,-0.31311
10.57,0.22269,4.9886,-0.31198
10.58,0.22113,4.989,-0.31086
10.59,0.21958,4.9894,-0.30974
10.6,0.21804,4.9899,-0.30862
10.61,0.2165,4.9903,-0.3075
10.62,0.21497,4.9907,-0.30639
10.63,0.21344,4.9912,-0.30528
10.64,0.21192,4.9916,-0.30417
10.65,0.21041,4.992,-0.30307
10.66,0.2089,4.9924,-0.30196
10.67,0.20739,4.9929,-0.30086
10.68,0.20589,4.9933,-0.29976
10.69,0.2044,4.9937,-0.29867
10.7,0.20291,4.9941,-0.29757
10.71,0.20143,4.9945,-0.29648
10.72,0.19995,4.9949,-0.2954
10.73,0.19848,4.9953,-0.29431
10.74,0.19702,4.9957,-0.29323
10.75,0.19556,4.9961,-0.29215
10.76,0.1941,4.9965,-0.29107
10.77,0.19265,4.9969,-0.28999
10.78,0.19121,4.9972,-0.28892
10.79,0.18977,4.9976,-0.28785
10.8,0.18833,4.998,-0.28678
10.81,0.1869,4.9984,-0.28571
10.82,0.18548,4.9987,-0.28465
10.83,0.18406,4.9991,-0.28359
10.84,0.18265,4.9995,-0.28253
10.85,0.18124,4.9998,-0.28147
10.86,0.17984,5.0002,-0.28042
10.87,0.17844,5.0006,-0.27937
10.88,0.17705,5.0009,-0.27832
10.89,0.17567,5.0013,-0.27727
10.9,0.17428,5.0016,-0.27623
10.91,0.17291,5.002,-0.27519
10.92,0.17154,5.0023,-0.27415
10.93,0.17017,5.0027,-0.27311
10.94,0.16881,5.003,-0.27208
10.95,0.16746,5.0033,-0.27105
10.96,0.16611,5.0037,-0.27002
10.97,0.16476,5.004,-0.26899
10.98,0.16342,5.0043,-0.26797
10.99,0.16209,5.0047,-0.26695
11,0.16076,5.005,-0.26593
11.01,0.15943,5.0053,-0.26491
11.02,0.15811,5.0056,-0.2639
11.03,0.1568,5.0059,-0.26288
11.04,0.15549,5.0062,-0.26187
11.05,0.15419,5.0066,-0.26087
11.06,0.15289,5.0069,-0.25986
11.07,0.15159,5.0072,-0.25886
11.08,0.1503,5.0075,-0.25786
11.09,0.14902,5.0078,-0.25686
11.1,0.14774,5.0081,-0.25587
11.11,0.14646,5.0084,-0.25488
11.12,0.1452,5.0086,-0.25389
11.13,0.14393,5.0089,-0.2529
11.14,0.14267,5.0092,-0.25191
11.15,0.14142,5.0095,-0.25093
11.16,0.14017,5.0098,-0.24995
11.17,0.13892,5.0101,-0.24897
11.18,0.13768,5.0103,-0.248
11.19,0.13645,5.0106,-0.24702
11.2,0.13522,5.0109,-0.24605
11.21,0.13399,5.0112,-0.24508
11.22,0.13277,5.0114,-0.24412
11.23,0.13155,5.0117,-0.24315
11.24,0.13034,5.012,-0.24219
11.25,0.12914,5.0122,-0.24123
11.26,0.12794,5.0125,-0.24028
11.27,0.12674,5.0127,-0.23932
11.28,0.12555,5.013,-0.23837
11.29,0.12436,5.0132,-0.23742
11.3,0.12318,5.0135,-0.23647
11.31,0.122,5.0137,-0.23553
11.32,0.12083,5.014,-0.23459
11.33,0.11966,5.0142,-0.23365
11.34,0.1185,5.0144,-0.23271
11.35,0.11734,5.0147,-0.23178
11.36,0.11618,5.0149,-0.23084
11.37,0.11503,5.0151,-0.22991
11.38,0.11389,5.0154,-0.22898
11.39,0.11275,5.0156,-0.22806
11.4,0.11161,5.0158,-0.22714
11.41,0.11048,5.016,-0.22621
11.42,0.10935,5.0163,-0.2253
11.43,0.10823,5.0165,-0.22438
11.44,0.10712,5.0167,-0.22347
11.45,0.106,5.0169,-0.22255
11.46,0.10489,5.0171,-0.22164
11.47,0.10379,5.0173,-0.22074
11.48,0.10269,5.0175,-0.21983
11.49,0.1016,5.0177,-0.21893
11.5,0.10051,5.0179,-0.21803
11.51,0.099421,5.0181,-0.21713
11.52,0.09834,5.0183,-0.21624
11.53,0.097263,5.0185,-0.21535
11.54,0.096191,5.0187,-0.21445
11.55,0.095123,5.0189,-0.21357
11.56,0.09406,5.0191,-0.21268
11.57,0.093001,5.0193,-0.2118
11.58,0.091946,5.0195,-0.21092
11.59,0.090896,5.0197,-0.21004
11.6,0.08985,5.0198,-0.20916
11.61,0.088809,5.02,-0.20828
11.62,0.087772,5.0202,-0.20741
11.63,0.086739,5.0204,-0.20654
11.64,0.085711,5.0205,-0.20567
11.65,0.084687,5.0207,-0.20481
11.66,0.083667,5.0209,-0.20395
11.67,0.082652,5.021,-0.20309
11.68,0.08164,5.0212,-0.20223
11.69,0.080634,5.0214,-0.20137
11.7,0.079631,5.0215,-0.20052
11.71,0.078633,5.0217,-0.19967
11.72,0.077639,5.0219,-0.19882
11.73,0.076649,5.022,-0.19797
11.74,0.075663,5.0222,-0.19712
11.75,0.074682,5.0223,-0.19628
11.76,0.073705,5.0225,-0.19544
11.77,0.072731,5.0226,-0.1946
11.78,0.071763,5.0227,-0.19377
11.79,0.070798,5.0229,-0.19293
11.8,0.069837,5.023,-0.1921
11.81,0.068881,5.0232,-0.19127
11.82,0.067929,5.0233,-0.19045
11.83,0.066981,5.0234,-0.18962
11.84,0.066037,5.0236,-0.1888
11.85,0.065097,5.0237,-0.18798
11.86,0.064161,5.0238,-0.18716
11.87,0.063229,5.024,-0.18635
11.88,0.062302,5.0241,-0.18553
11.89,0.061378,5.0242,-0.18472
11.9,0.060459,5.0243,-0.18391
11.91,0.059543,5.0245,-0.18311
11.92,0.058631,5.0246,-0.1823
11.93,0.057724,5.0247,-0.1815
11.94,0.05682,5.0248,-0.1807
11.95,0.055921,5.0249,-0.1799
11.96,0.055025,5.025,-0.1791
11.97,0.054134,5.0251,-0.17831
11.98,0.053246,5.0252,-0.17752
11.99,0.052363,5.0253,-0.17673
12,0.051483,5.0255,-0.17594
12.01,0.050607,5.0256,-0.17516
12.02,0.049735,5.0257,-0.17438
12.03,0.048867,5.0258,-0.1736
12.04,0.048003,5.0258,-0.17282
12.05,0.047143,5.0259,-0.17204
12.06,0.046287,5.026,-0.17127
12.07,0.045434,5.0261,-0.17049
12.08,0.044586,5.0262,-0.16973
12.09,0.043741,5.0263,-0.16896
12.1,0.0429,5.0264,-0.16819
12.11,0.042063,5.0265,-0.16743
12.12,0.041229,5.0266,-0.16667
12.13,0.0404,5.0266,-0.16591
12.14,0.039574,5.0267,-0.16515
12.15,0.038752,5.0268,-0.1644
12.16,0.037934,5.0269,-0.16365
12.17,0.037119,5.027,-0.1629
12.18,0.036309,5.027,-0.16215
12.19,0.035502,5.0271,-0.1614
12.2,0.034698,5.0272,-0.16066
12.21,0.033899,5.0272,-0.15992
12.22,0.033103,5.0273,-0.15918
12.23,0.032311,5.0274,-0.15844
12.24,0.031522,5.0274,-0.1577
12.25,0.030737,5.0275,-0.15697
12.26,0.029956,5.0276,-0.15624
12.27,0.029179,5.0276,-0.15551
12.28,0.028405,5.0277,-0.15478
12.29,0.027634,5.0277,-0.15406
12.3,0.026868,5.0278,-0.15333
12.31,0.026105,5.0278,-0.15261
12.32,0.025345,5.0279,-0.15189
12.33,0.024589,5.0279,-0.15118
12.34,0.023837,5.028,-0.15046
12.35,0.023088,5.028,-0.14975
12.36,0.022343,5.0281,-0.14904
12.37,0.021601,5.0281,-0.14833
12.38,0.020863,5.0282,-0.14763
12.39,0.020129,5.0282,-0.14692
12.4,0.019398,5.0282,-0.14622
12.41,0.01867,5.0283,-0.14552
12.42,0.017946,5.0283,-0.14482
12.43,0.017225,5.0284,-0.14413
12.44,0.016508,5.0284,-0.14343
12.45,0.015794,5.0284,-0.14274
12.46,0.015084,5.0285,-0.14205
12.47,0.014377,5.0285,-0.14136
12.48,0.013674,5.0285,-0.14068
12.49,0.012974,5.0285,-0.13999
12.5,0.012277,5.0286,-0.13931
12.51,0.011584,5.0286,-0.13863
12.52,0.010894,5.0286,-0.13795
12.53,0.010208,5.0286,-0.13728
12.54,0.009525,5.0287,-0.13661
12.55,0.0088453,5.0287,-0.13593
12.56,0.008169,5.0287,-0.13526
12.57,0.007496,5.0287,-0.1346
12.58,0.0068263,5.0287,-0.13393
12.59,0.00616,5.0287,-0.13327
12.6,0.005497,5.0287,-0.13261
12.61,0.0048372,5.0288,-0.13195
12.62,0.0041808,5.0288,-0.13129
12.63,0.0035276,5.0288,-0.13063
12.64,0.0028777,5.0288,-0.12998
12.65,0.0022311,5.0288,-0.12933
12.66,0.0015877,5.0288,-0.12868
12.67,0.00094753,5.0288,-0.12803
12.68,0.0003106,5.0288,-0.12739
12.69,-0.00032311,5.0288,-0.12674
12.7,-0.00095361,5.0288,-0.1261
12.71,-0.0015809,5.0288,-0.12546
12.72,-0.002205,5.0288,-0.12482
12.73,-0.0028259,5.0288,-0.12419
12.74,-0.0034437,5.0288,-0.12355
12.75,-0.0040583,5.0288,-0.12292
12.76,-0.0046698,5.0288,-0.12229
12.77,-0.0052781,5.0287,-0.12166
12.78,-0.0058832,5.0287,-0.12104
12.79,-0.0064853,5.0287,-0.12041
12.8,-0.0070842,5.0287,-0.11979
12.81,-0.0076801,5.0287,-0.11917
12.82,-0.0082728,5.0287,-0.11855
12.83,-0.0088625,5.0287,-0.11793
12.84,-0.0094491,5.0286,-0.11732
12.85,-0.010033,5.0286,-0.11671
12.86,-0.010613,5.0286,-0.1161
12.87,-0.011191,5.0286,-0.11549
12.88,-0.011765,5.0286,-0.11488
12.89,-0.012336,5.0285,-0.11427
12.9,-0.012905,5.0285,-0.11367
12.91,-0.01347,5.0285,-0.11307
12.92,-0.014032,5.0285,-0.11247
12.93,-0.014592,5.0284,-0.11187
12.94,-0.015148,5.0284,-0.11128
12.95,-0.015702,5.0284,-0.11068
12.96,-0.016252,5.0283,-0.11009
12.97,-0.016799,5.0283,-0.1095
12.98,-0.017344,5.0283,-0.10891
12.99,-0.017886,5.0282,-0.10833
13,-0.018424,5.0282,-0.10774
13.01,-0.01896,5.0282,-0.10716
13.02,-0.019493,5.0281,-0.10658
13.03,-0.020023,5.0281,-0.106
13.04,-0.02055,5.028,-0.10542
13.05,-0.021074,5.028,-0.10485
13.06,-0.021596,5.028,-0.10427
13.07,-0.022114,5.0279,-0.1037
13.08,-0.02263,5.0279,-0.10313
13.09,-0.023143,5.0278,-0.10256
13.1,-0.023653,5.0278,-0.102
13.11,-0.02416,5.0277,-0.10143
13.12,-0.024664,5.0277,-0.10087
13.13,-0.025166,5.0276,-0.10031
13.14,-0.025665,5.0276,-0.099752
13.15,-0.026161,5.0275,-0.099195
13.16,-0.026654,5.0275,-0.09864
13.17,-0.027144,5.0274,-0.098087
13.18,-0.027632,5.0274,-0.097535
13.19,-0.028117,5.0273,-0.096985
13.2,-0.028599,5.0272,-0.096437
13.21,-0.029078,5.0272,-0.095891
13.22,-0.029555,5.0271,-0.095346
13.23,-0.030029,5.0271,-0.094804
13.24,-0.030501,5.027,-0.094263
13.25,-0.030969,5.0269,-0.093724
13.26,-0.031435,5.0269,-0.093186
13.27,-0.031898,5.0268,-0.092651
13.28,-0.032359,5.0268,-0.092117
13.29,-0.032817,5.0267,-0.091585
13.3,-0.033272,5.0266,-0.091055
13.31,-0.033725,5.0266,-0.090526
13.32,-0.034175,5.0265,-0.089999
13.33,-0.034622,5.0264,-0.089474
13.34,-0.035067,5.0264,-0.088951
13.35,-0.035509,5.0263,-0.088429
13.36,-0.035949,5.0262,-0.087909
13.37,-0.036386,5.0261,-0.087391
13.38,-0.03682,5.0261,-0.086875
13.39,-0.037252,5.026,-0.08636
13.4,-0.037681,5.0259,-0.085847
13.41,-0.038108,5.0258,-0.085336
13.42,-0.038532,5.0258,-0.084826
13.43,-0.038953,5.0257,-0.084319
13.44,-0.039372,5.0256,-0.083813
13.45,-0.039789,5.0255,-0.083308
13.46,-0.040203,5.0254,-0.082805
13.47,-0.040614,5.0254,-0.082305
13.48,-0.041024,5.0253,-0.081805
13.49,-0.04143,5.0252,-0.081308
13.5,-0.041834,5.0251,-0.080812
13.51,-0.042236,5.025,-0.080317
13.52,-0.042635,5.025,-0.079825
13.53,-0.043031,5.0249,-0.079334
13.54,-0.043426,5.0248,-0.078845
13.55,-0.043818,5.0247,-0.078357
13.56,-0.044207,5.0246,-0.077871
13.57,-0.044594,5.0245,-0.077387
13.58,-0.044978,5.0244,-0.076905
13.59,-0.04536,5.0243,-0.076424
13.6,-0.04574,5.0242,-0.075944
13.61,-0.046117,5.0242,-0.075467
13.62,-0.046492,5.0241,-0.074991
13.63,-0.046865,5.024,-0.074517
13.64,-0.047235,5.0239,-0.074044
13.65,-0.047603,5.0238,-0.073573
13.66,-0.047969,5.0237,-0.073104
13.67,-0.048332,5.0236,-0.072636
13.68,-0.048693,5.0235,-0.07217
13.69,-0.049051,5.0234,-0.071705
13.7,-0.049407,5.0233,-0.071242
13.71,-0.049761,5.0232,-0.070781
13.72,-0.050113,5.0231,-0.070321
13.73,-0.050462,5.023,-0.069863
13.74,-0.050809,5.0229,-0.069407
13.75,-0.051154,5.0228,-0.068952
13.76,-0.051497,5.0227,-0.068498
13.77,-0.051837,5.0226,-0.068047
13.78,-0.052175,5.0225,-0.067597
13.79,-0.05251,5.0224,-0.067148
13.8,-0.052844,5.0223,-0.066701
13.81,-0.053175,5.0222,-0.066256
13.82,-0.053504,5.0221,-0.065812
13.83,-0.053831,5.022,-0.06537
13.84,-0.054156,5.0218,-0.064929
13.85,-0.054478,5.0217,-0.06449
13.86,-0.054799,5.0216,-0.064053
13.87,-0.055117,5.0215,-0.063617
13.88,-0.055433,5.0214,-0.063182
13.89,-0.055746,5.0213,-0.06275
13.9,-0.056058,5.0212,-0.062318
13.91,-0.056367,5.0211,-0.061889
13.92,-0.056675,5.021,-0.06146
13.93,-0.05698,5.0208,-0.061034
13.94,-0.057283,5.0207,-0.060609
13.95,-0.057584,5.0206,-0.060185
13.96,-0.057883,5.0205,-0.059763
13.97,-0.058179,5.0204,-0.059342
13.98,-0.058474,5.0203,-0.058923
13.99,-0.058766,5.0201,-0.058506
14,-0.059057,5.02,-0.05809
14.01,-0.059345,5.0199,-0.057675
14.02,-0.059632,5.0198,-0.057262
14.03,-0.059916,5.0197,-0.056851
14.04,-0.060198,5.0196,-0.056441
14.05,-0.060478,5.0194,-0.056032
14.06,-0.060756,5.0193,-0.055625
14.07,-0.061032,5.0192,-0.05522
14.08,-0.061306,5.0191,-0.054816
14.09,-0.061579,5.0189,-0.054413
14.1,-0.061849,5.0188,-0.054012
14.11,-0.062117,5.0187,-0.053613
14.12,-0.062383,5.0186,-0.053215
14.13,-0.062647,5.0184,-0.052818
14.14,-0.062909,5.0183,-0.052423
14.15,-0.063169,5.0182,-0.052029
14.16,-0.063427,5.0181,-0.051637
14.17,-0.063684,5.0179,-0.051246
14.18,-0.063938,5.0178,-0.050857
14.19,-0.06419,5.0177,-0.050469
14.2,-0.064441,5.0176,-0.050083
14.21,-0.064689,5.0174,-0.049698
14.22,-0.064936,5.0173,-0.049314
14.23,-0.06518,5.0172,-0.048932
14.24,-0.065423,5.017,-0.048552
14.25,-0.065664,5.0169,-0.048172
14.26,-0.065903,5.0168,-0.047794
14.27,-0.06614,5.0166,-0.047418
14.28,-0.066375,5.0165,-0.047043
14.29,-0.066609,5.0164,-0.04667
14.3,-0.06684,5.0162,-0.046297
14.31,-0.06707,5.0161,-0.045927
14.32,-0.067297,5.016,-0.045557
14.33,-0.067523,5.0158,-0.045189
14.34,-0.067747,5.0157,-0.044823
14.35,-0.06797,5.0156,-0.044458
14.36,-0.06819,5.0154,-0.044094
14.37,-0.068409,5.0153,-0.043732
14.38,-0.068626,5.0152,-0.043371
14.39,-0.068841,5.015,-0.043011
14.4,-0.069054,5.0149,-0.042653
14.41,-0.069266,5.0147,-0.042296
14.42,-0.069475,5.0146,-0.041941
14.43,-0.069683,5.0145,-0.041587
14.44,-0.069889,5.0143,-0.041234
14.45,-0.070094,5.0142,-0.040883
14.46,-0.070296,5.014,-0.040533
14.47,-0.070497,5.0139,-0.040184
14.48,-0.070697,5.0138,-0.039837
14.49,-0.070894,5.0136,-0.039491
14.5,-0.07109,5.0135,-0.039146
14.51,-0.071284,5.0133,-0.038803
14.52,-0.071476,5.0132,-0.038461
14.53,-0.071667,5.0131,-0.038121
14.54,-0.071856,5.0129,-0.037781
14.55,-0.072043,5.0128,-0.037444
14.56,-0.072228,5.0126,-0.037107
14.57,-0.072412,5.0125,-0.036772
14.58,-0.072594,5.0123,-0.036438
14.59,-0.072775,5.0122,-0.036105
14.6,-0.072954,5.012,-0.035774
14.61,-0.073131,5.0119,-0.035444
14.62,-0.073307,5.0117,-0.035115
14.63,-0.073481,5.0116,-0.034788
14.64,-0.073653,5.0115,-0.034462
14.65,-0.073824,5.0113,-0.034137
14.66,-0.073993,5.0112,-0.033814
14.67,-0.07416,5.011,-0.033491
14.68,-0.074326,5.0109,-0.03317
14.69,-0.07449,5.0107,-0.032851
14.7,-0.074653,5.0106,-0.032533
14.71,-0.074814,5.0104,-0.032215
14.72,-0.074973,5.0103,-0.0319
14.73,-0.075131,5.0101,-0.031585
14.74,-0.075288,5.01,-0.031272
14.75,-0.075442,5.0098,-0.03096
14.76,-0.075596,5.0097,-0.030649
14.77,-0.075747,5.0095,-0.03034
14.78,-0.075898,5.0094,-0.030032
14.79,-0.076046,5.0092,-0.029725
14.8,-0.076193,5.0091,-0.029419
14.81,-0.076339,5.0089,-0.029115
14.82,-0.076483,5.0088,-0.028811
14.83,-0.076625,5.0086,-0.028509
14.84,-0.076766,5.0084,-0.028209
14.85,-0.076906,5.0083,-0.027909
14.86,-0.077044,5.0081,-0.027611
14.87,-0.077181,5.008,-0.027314
14.88,-0.077316,5.0078,-0.027018
14.89,-0.077449,5.0077,-0.026723
14.9,-0.077582,5.0075,-0.02643
14.91,-0.077712,5.0074,-0.026138
14.92,-0.077841,5.0072,-0.025847
14.93,-0.077969,5.0071,-0.025557
14.94,-0.078096,5.0069,-0.025269
14.95,-0.07822,5.0067,-0.024981
14.96,-0.078344,5.0066,-0.024695
14.97,-0.078466,5.0064,-0.02441
14.98,-0.078587,5.0063,-0.024126
14.99,-0.078706,5.0061,-0.023844
15,-0.078824,5.006,-0.023562
15.01,-0.07894,5.0058,-0.023282
15.02,-0.079055,5.0056,-0.023003
15.03,-0.079169,5.0055,-0.022725
15.04,-0.079281,5.0053,-0.022449
15.05,-0.079392,5.0052,-0.022173
15.06,-0.079501,5.005,-0.021899
15.07,-0.079609,5.0048,-0.021626
15.08,-0.079716,5.0047,-0.021354
15.09,-0.079822,5.0045,-0.021083
15.1,-0.079926,5.0044,-0.020813
15.11,-0.080028,5.0042,-0.020545
15.12,-0.08013,5.004,-0.020277
15.13,-0.08023,5.0039,-0.020011
15.14,-0.080329,5.0037,-0.019746
15.15,-0.080426,5.0036,-0.019482
15.16,-0.080522,5.0034,-0.019219
15.17,-0.080617,5.0032,-0.018957
15.18,-0.08071,5.0031,-0.018697
15.19,-0.080803,5.0029,-0.018437
15.2,-0.080893,5.0028,-0.018179
15.21,-0.080983,5.0026,-0.017922
15.22,-0.081071,5.0024,-0.017666
15.23,-0.081158,5.0023,-0.017411
15.24,-0.081244,5.0021,-0.017157
15.25,-0.081329,5.0019,-0.016904
15.26,-0.081412,5.0018,-0.016653
15.27,-0.081494,5.0016,-0.016402
15.28,-0.081575,5.0015,-0.016153
15.29,-0.081654,5.0013,-0.015904
15.3,-0.081733,5.0011,-0.015657
15.31,-0.08181,5.001,-0.015411
15.32,-0.081885,5.0008,-0.015166
15.33,-0.08196,5.0006,-0.014922
15.34,-0.082033,5.0005,-0.014679
15.35,-0.082106,5.0003,-0.014437
15.36,-0.082177,5.0001,-0.014196
15.37,-0.082246,5,-0.013957
15.38,-0.082315,4.9998,-0.013718
15.39,-0.082382,4.9997,-0.013481
15.4,-0.082449,4.9995,-0.013244
15.41,-0.082514,4.9993,-0.013009
15.42,-0.082578,4.9992,-0.012774
15.43,-0.08264,4.999,-0.012541
15.44,-0.082702,4.9988,-0.012309
15.45,-0.082762,4.9987,-0.012078
15.46,-0.082821,4.9985,-0.011847
15.47,-0.08288,4.9983,-0.011618
15.48,-0.082936,4.9982,-0.01139
15.49,-0.082992,4.998,-0.011163
15.5,-0.083047,4.9978,-0.010937
15.51,-0.083101,4.9977,-0.010712
15.52,-0.083153,4.9975,-0.010488
15.53,-0.083204,4.9973,-0.010265
15.54,-0.083255,4.9972,-0.010044
15.55,-0.083304,4.997,-0.0098227
15.56,-0.083352,4.9968,-0.0096028
15.57,-0.083399,4.9967,-0.009384
15.58,-0.083444,4.9965,-0.0091662
15.59,-0.083489,4.9963,-0.0089494
15.6,-0.083533,4.9962,-0.0087335
15.61,-0.083575,4.996,-0.0085187
15.62,-0.083617,4.9958,-0.0083049
15.63,-0.083657,4.9957,-0.0080921
15.64,-0.083697,4.9955,-0.0078803
15.65,-0.083735,4.9953,-0.0076695
15.66,-0.083772,4.9952,-0.0074596
15.67,-0.083809,4.995,-0.0072508
15.68,-0.083844,4.9948,-0.0070429
15.69,-0.083878,4.9947,-0.006836
15.7,-0.083911,4.9945,-0.0066301
15.71,-0.083943,4.9943,-0.0064252
15.72,-0.083974,4.9942,-0.0062212
15.73,-0.084005,4.994,-0.0060182
15.74,-0.084034,4.9938,-0.0058162
15.75,-0.084062,4.9937,-0.0056151
15.76,-0.084089,4.9935,-0.005415
15.77,-0.084115,4.9933,-0.0052158
15.78,-0.08414,4.9932,-0.0050176
15.79,-0.084164,4.993,-0.0048204
15.8,-0.084187,4.9928,-0.0046241
15.81,-0.084209,4.9926,-0.0044287
15.82,-0.084231,4.9925,-0.0042343
15.83,-0.084251,4.9923,-0.0040408
15.84,-0.08427,4.9921,-0.0038483
15.85,-0.084288,4.992,-0.0036567
15.86,-0.084306,4.9918,-0.003466
15.87,-0.084322,4.9916,-0.0032763
15.88,-0.084337,4.9915,-0.0030875
15.89,-0.084352,4.9913,-0.0028996
15.9,-0.084365,4.9911,-0.0027126
15.91,-0.084378,4.991,-0.0025266
15.92,-0.08439,4.9908,-0.0023414
15.93,-0.084401,4.9906,-0.0021572
15.94,-0.08441,4.9905,-0.0019739
15.95,-0.084419,4.9903,-0.0017915
15.96,-0.084427,4.9901,-0.00161
15.97,-0.084435,4.9899,-0.0014294
15.98,-0.084441,4.9898,-0.0012497
15.99,-0.084446,4.9896,-0.0010709
16,-0.084451,4.9894,-0.00089295
16.01,-0.084454,4.9893,-0.00071593
16.02,-0.084457,4.9891,-0.0005398
16.03,-0.084459,4.9889,-0.00036455
16.04,-0.08446,4.9888,-0.00019018
16.05,-0.08446,4.9886,-1.6701e-05
16.06,-0.084459,4.9884,0.00015591
16.07,-0.084457,4.9883,0.00032764
16.08,-0.084455,4.9881,0.0004985
16.09,-0.084452,4.9879,0.00066849
16.1,-0.084447,4.9878,0.00083761
16.11,-0.084442,4.9876,0.0010059
16.12,-0.084436,4.9874,0.0011733
16.13,-0.08443,4.9872,0.0013398
16.14,-0.084422,4.9871,0.0015055
16.15,-0.084414,4.9869,0.0016703
16.16,-0.084405,4.9867,0.0018343
16.17,-0.084395,4.9866,0.0019974
16.18,-0.084384,4.9864,0.0021597
16.19,-0.084372,4.9862,0.0023212
16.2,-0.08436,4.9861,0.0024818
16.21,-0.084347,4.9859,0.0026415
16.22,-0.084333,4.9857,0.0028005
16.23,-0.084318,4.9856,0.0029586
16.24,-0.084302,4.9854,0.0031158
16.25,-0.084286,4.9852,0.0032723
16.26,-0.084269,4.9851,0.0034279
16.27,-0.084251,4.9849,0.0035827
16.28,-0.084232,4.9847,0.0037366
16.29,-0.084213,4.9845,0.0038898
16.3,-0.084193,4.9844,0.0040421
16.31,-0.084172,4.9842,0.0041937
16.32,-0.08415,4.984,0.0043444
16.33,-0.084127,4.9839,0.0044943
16.34,-0.084104,4.9837,0.0046434
16.35,-0.08408,4.9835,0.0047917
16.36,-0.084056,4.9834,0.0049392
16.37,-0.08403,4.9832,0.0050859
16.38,-0.084004,4.983,0.0052319
16.39,-0.083977,4.9829,0.005377
16.4,-0.083949,4.9827,0.0055213
16.41,-0.083921,4.9825,0.0056649
16.42,-0.083892,4.9824,0.0058076
16.43,-0.083862,4.9822,0.0059496
16.44,-0.083832,4.982,0.0060908
16.45,-0.083801,4.9819,0.0062313
16.46,-0.083769,4.9817,0.0063709
16.47,-0.083736,4.9815,0.0065098
16.48,-0.083703,4.9814,0.0066479
16.49,-0.083669,4.9812,0.0067853
16.5,-0.083635,4.981,0.0069218
16.51,-0.083599,4.9809,0.0070577
16.52,-0.083563,4.9807,0.0071927
16.53,-0.083527,4.9805,0.007327
16.54,-0.083489,4.9804,0.0074606
16.55,-0.083451,4.9802,0.0075934
16.56,-0.083413,4.98,0.0077254
16.57,-0.083373,4.9798,0.0078568
16.58,-0.083334,4.9797,0.0079873
16.59,-0.083293,4.9795,0.0081171
16.6,-0.083252,4.9793,0.0082462
16.61,-0.08321,4.9792,0.0083746
16.62,-0.083167,4.979,0.0085022
16.63,-0.083124,4.9789,0.008629
16.64,-0.08308,4.9787,0.0087552
16.65,-0.083036,4.9785,0.0088806
16.66,-0.082991,4.9784,0.0090053
16.67,-0.082945,4.9782,0.0091293
16.68,-0.082899,4.978,0.0092525
16.69,-0.082852,4.9779,0.009375
16.7,-0.082805,4.9777,0.0094969
16.71,-0.082757,4.9775,0.009618
16.72,-0.082708,4.9774,0.0097383
16.73,-0.082659,4.9772,0.009858
16.74,-0.082609,4.977,0.009977
16.75,-0.082558,4.9769,0.010095
16.76,-0.082507,4.9767,0.010213
16.77,-0.082456,4.9765,0.01033
16.78,-0.082403,4.9764,0.010446
16.79,-0.082351,4.9762,0.010561
16.8,-0.082297,4.976,0.010676
16.81,-0.082243,4.9759,0.01079
16.82,-0.082189,4.9757,0.010904
16.83,-0.082134,4.9755,0.011016
16.84,-0.082078,4.9754,0.011128
16.85,-0.082022,4.9752,0.01124
16.86,-0.081965,4.9751,0.011351
16.87,-0.081908,4.9749,0.011461
16.88,-0.08185,4.9747,0.01157
16.89,-0.081791,4.9746,0.011679
16.9,-0.081733,4.9744,0.011787
16.91,-0.081673,4.9742,0.011894
16.92,-0.081613,4.9741,0.012001
16.93,-0.081553,4.9739,0.012107
16.94,-0.081491,4.9737,0.012212
16.95,-0.08143,4.9736,0.012317
16.96,-0.081368,4.9734,0.012421
16.97,-0.081305,4.9733,0.012524
16.98,-0.081242,4.9731,0.012627
16.99,-0.081178,4.9729,0.012729
17,-0.081114,4.9728,0.01283
17.01,-0.08105,4.9726,0.012931
17.02,-0.080984,4.9724,0.013031
17.03,-0.080919,4.9723,0.013131
17.04,-0.080853,4.9721,0.013229
17.05,-0.080786,4.972,0.013328
17.06,-0.080719,4.9718,0.013425
17.07,-0.080651,4.9716,0.013522
17.08,-0.080583,4.9715,0.013619
17.09,-0.080515,4.9713,0.013714
17.1,-0.080446,4.9712,0.013809
17.11,-0.080376,4.971,0.013904
17.12,-0.080306,4.9708,0.013998
17.13,-0.080236,4.9707,0.014091
17.14,-0.080165,4.9705,0.014184
17.15,-0.080093,4.9704,0.014276
17.16,-0.080021,4.9702,0.014367
17.17,-0.079949,4.97,0.014458
17.18,-0.079876,4.9699,0.014548
17.19,-0.079803,4.9697,0.014638
17.2,-0.07973,4.9696,0.014726
17.21,-0.079656,4.9694,0.014815
17.22,-0.079581,4.9692,0.014903
17.23,-0.079506,4.9691,0.01499
17.24,-0.079431,4.9689,0.015076
17.25,-0.079355,4.9688,0.015162
17.26,-0.079279,4.9686,0.015248
17.27,-0.079202,4.9684,0.015333
17.28,-0.079125,4.9683,0.015417
17.29,-0.079047,4.9681,0.0155
17.3,-0.078969,4.968,0.015583
17.31,-0.078891,4.9678,0.015666
17.32,-0.078812,4.9676,0.015748
17.33,-0.078733,4.9675,0.015829
17.34,-0.078654,4.9673,0.01591
17.35,-0.078574,4.9672,0.01599
17.36,-0.078493,4.967,0.01607
17.37,-0.078413,4.9669,0.016149
17.38,-0.078332,4.9667,0.016227
17.39,-0.07825,4.9665,0.016305
17.4,-0.078168,4.9664,0.016383
17.41,-0.078086,4.9662,0.016459
17.42,-0.078003,4.9661,0.016536
17.43,-0.07792,4.9659,0.016611
17.44,-0.077837,4.9658,0.016686
17.45,-0.077753,4.9656,0.016761
17.46,-0.077669,4.9655,0.016835
17.47,-0.077584,4.9653,0.016909
17.48,-0.077499,4.9651,0.016981
17.49,-0.077414,4.965,0.017054
17.5,-0.077328,4.9648,0.017126
17.51,-0.077242,4.9647,0.017197
17.52,-0.077156,4.9645,0.017268
17.53,-0.077069,4.9644,0.017338
17.54,-0.076982,4.9642,0.017408
17.55,-0.076895,4.9641,0.017477
17.56,-0.076807,4.9639,0.017546
17.57,-0.076719,4.9638,0.017614
17.58,-0.076631,4.9636,0.017681
17.59,-0.076542,4.9635,0.017749
17.6,-0.076453,4.9633,0.017815
17.61,-0.076363,4.9631,0.017881
17.62,-0.076274,4.963,0.017947
17.63,-0.076184,4.9628,0.018012
17.64,-0.076093,4.9627,0.018076
17.65,-0.076003,4.9625,0.01814
17.66,-0.075912,4.9624,0.018204
17.67,-0.07582,4.9622,0.018267
17.68,-0.075729,4.9621,0.018329
17.69,-0.075637,4.9619,0.018391
17.7,-0.075544,4.9618,0.018453
17.71,-0.075452,4.9616,0.018514
17.72,-0.075359,4.9615,0.018574
17.73,-0.075266,4.9613,0.018634
17.74,-0.075172,4.9612,0.018693
17.75,-0.075078,4.961,0.018752
17.76,-0.074984,4.9609,0.018811
17.77,-0.07489,4.9607,0.018869
17.78,-0.074795,4.9606,0.018927
17.79,-0.074701,4.9604,0.018984
17.8,-0.074605,4.9603,0.01904
17.81,-0.07451,4.9601,0.019096
17.82,-0.074414,4.96,0.019152
17.83,-0.074318,4.9598,0.019207
17.84,-0.074222,4.9597,0.019262
17.85,-0.074125,4.9595,0.019316
17.86,-0.074028,4.9594,0.019369
17.87,-0.073931,4.9592,0.019423
17.88,-0.073834,4.9591,0.019475
17.89,-0.073736,4.9589,0.019528
17.9,-0.073638,4.9588,0.01958
17.91,-0.07354,4.9586,0.019631
17.92,-0.073442,4.9585,0.019682
17.93,-0.073343,4.9584,0.019732
17.94,-0.073244,4.9582,0.019782
17.95,-0.073145,4.9581,0.019832
17.96,-0.073046,4.9579,0.019881
17.97,-0.072946,4.9578,0.01993
17.98,-0.072846,4.9576,0.019978
17.99,-0.072746,4.9575,0.020026
18,-0.072646,4.9573,0.020073
18.01,-0.072545,4.9572,0.02012
18.02,-0.072444,4.957,0.020166
18.03,-0.072343,4.9569,0.020212
18.04,-0.072242,4.9568,0.020258
18.05,-0.07214,4.9566,0.020303
18.06,-0.072039,4.9565,0.020347
18.07,-0.071937,4.9563,0.020392
18.08,-0.071834,4.9562,0.020435
18.09,-0.071732,4.956,0.020479
18.1,-0.071629,4.9559,0.020522
18.11,-0.071527,4.9557,0.020564
18.12,-0.071424,4.9556,0.020606
18.13,-0.07132,4.9555,0.020648
18.14,-0.071217,4.9553,0.020689
18.15,-0.071113,4.9552,0.02073
18.16,-0.071009,4.955,0.02077
18.17,-0.070905,4.9549,0.02081
18.18,-0.070801,4.9548,0.02085
18.19,-0.070697,4.9546,0.020889
18.2,-0.070592,4.9545,0.020928
18.21,-0.070487,4.9543,0.020966
18.22,-0.070382,4.9542,0.021004
18.23,-0.070277,4.954,0.021042
18.24,-0.070172,4.9539,0.021079
18.25,-0.070066,4.9538,0.021115
18.26,-0.06996,4.9536,0.021152
18.27,-0.069854,4.9535,0.021188
18.28,-0.069748,4.9533,0.021223
18.29,-0.069642,4.9532,0.021258
18.3,-0.069535,4.9531,0.021293
18.31,-0.069429,4.9529,0.021327
18.32,-0.069322,4.9528,0.021361
18.33,-0.069215,4.9527,0.021395
18.34,-0.069108,4.9525,0.021428
18.35,-0.069001,4.9524,0.021461
18.36,-0.068893,4.9522,0.021493
18.37,-0.068785,4.9521,0.021525
18.38,-0.068678,4.952,0.021557
18.39,-0.06857,4.9518,0.021588
18.4,-0.068462,4.9517,0.021619
18.41,-0.068353,4.9516,0.021649
18.42,-0.068245,4.9514,0.021679
18.43,-0.068136,4.9513,0.021709
18.44,-0.068028,4.9511,0.021739
18.45,-0.067919,4.951,0.021767
18.46,-0.06781,4.9509,0.021796
18.47,-0.067701,4.9507,0.021824
18.48,-0.067592,4.9506,0.021852
18.49,-0.067482,4.9505,0.02188
18.5,-0.067373,4.9503,0.021907
18.51,-0.067263,4.9502,0.021934
18.52,-0.067153,4.9501,0.02196
18.53,-0.067043,4.9499,0.021986
18.54,-0.066933,4.9498,0.022012
18.55,-0.066823,4.9497,0.022037
18.56,-0.066713,4.9495,0.022062
18.57,-0.066602,4.9494,0.022087
18.58,-0.066492,4.9493,0.022111
18.59,-0.066381,4.9491,0.022135
18.6,-0.06627,4.949,0.022159
18.61,-0.066159,4.9489,0.022182
18.62,-0.066048,4.9487,0.022205
18.63,-0.065937,4.9486,0.022228
18.64,-0.065826,4.9485,0.02225
18.65,-0.065715,4.9483,0.022272
18.66,-0.065603,4.9482,0.022294
18.67,-0.065491,4.9481,0.022315
18.68,-0.06538,4.9479,0.022336
18.69,-0.065268,4.9478,0.022356
18.7,-0.065156,4.9477,0.022376
18.71,-0.065044,4.9475,0.022396
18.72,-0.064932,4.9474,0.022416
18.73,-0.06482,4.9473,0.022435
18.74,-0.064708,4.9472,0.022454
18.75,-0.064595,4.947,0.022473
18.76,-0.064483,4.9469,0.022491
18.77,-0.06437,4.9468,0.022509
18.78,-0.064258,4.9466,0.022527
18.79,-0.064145,4.9465,0.022544
18.8,-0.064032,4.9464,0.022561
18.81,-0.063919,4.9463,0.022577
18.82,-0.063806,4.9461,0.022594
18.83,-0.063693,4.946,0.02261
18.84,-0.06358,4.9459,0.022626
18.85,-0.063467,4.9457,0.022641
18.86,-0.063354,4.9456,0.022656
18.87,-0.06324,4.9455,0.022671
18.88,-0.063127,4.9454,0.022685
18.89,-0.063013,4.9452,0.0227
18.9,-0.0629,4.9451,0.022714
18.91,-0.062786,4.945,0.022727
18.92,-0.062672,4.9449,0.02274
18.93,-0.062559,4.9447,0.022753
18.94,-0.062445,4.9446,0.022766
18.95,-0.062331,4.9445,0.022778
18.96,-0.062217,4.9444,0.022791
18.97,-0.062103,4.9442,0.022802
18.98,-0.061989,4.9441,0.022814
18.99,-0.061875,4.944,0.022825
19,-0.061761,4.9439,0.022836
19.01,-0.061646,4.9437,0.022847
19.02,-0.061532,4.9436,0.022857
19.03,-0.061418,4.9435,0.022867
19.04,-0.061303,4.9434,0.022877
19.05,-0.061189,4.9433,0.022886
19.06,-0.061074,4.9431,0.022896
19.07,-0.06096,4.943,0.022905
19.08,-0.060845,4.9429,0.022913
19.09,-0.060731,4.9428,0.022922
19.1,-0.060616,4.9426,0.02293
19.11,-0.060501,4.9425,0.022938
19.12,-0.060387,4.9424,0.022945
19.13,-0.060272,4.9423,0.022952
19.14,-0.060157,4.9422,0.022959
19.15,-0.060042,4.942,0.022966
19.16,-0.059927,4.9419,0.022973
19.17,-0.059813,4.9418,0.022979
19.18,-0.059698,4.9417,0.022985
19.19,-0.059583,4.9416,0.02299
19.2,-0.059468,4.9414,0.022996
19.21,-0.059353,4.9413,0.023001
19.22,-0.059238,4.9412,0.023006
19.23,-0.059123,4.9411,0.02301
19.24,-0.059007,4.941,0.023015
19.25,-0.058892,4.9409,0.023019
19.26,-0.058777,4.9407,0.023023
19.27,-0.058662,4.9406,0.023026
19.28,-0.058547,4.9405,0.02303
19.29,-0.058432,4.9404,0.023033
19.3,-0.058317,4.9403,0.023036
19.31,-0.058201,4.9402,0.023038
19.32,-0.058086,4.94,0.023041
19.33,-0.057971,4.9399,0.023043
19.34,-0.057856,4.9398,0.023045
19.35,-0.057741,4.9397,0.023046
19.36,-0.057625,4.9396,0.023048
19.37,-0.05751,4.9395,0.023049
19.38,-0.057395,4.9393,0.02305
19.39,-0.05728,4.9392,0.02305
19.4,-0.057164,4.9391,0.023051
19.41,-0.057049,4.939,0.023051
19.42,-0.056934,4.9389,0.023051
19.43,-0.056819,4.9388,0.02305
19.44,-0.056703,4.9387,0.02305
19.45,-0.056588,4.9385,0.023049
19.46,-0.056473,4.9384,0.023048
19.47,-0.056358,4.9383,0.023047
19.48,-0.056242,4.9382,0.023045
19.49,-0.056127,4.9381,0.023044
19.5,-0.056012,4.938,0.023042
19.51,-0.055897,4.9379,0.02304
19.52,-0.055782,4.9378,0.023037
19.53,-0.055666,4.9376,0.023035
19.54,-0.055551,4.9375,0.023032
19.55,-0.055436,4.9374,0.023029
19.56,-0.055321,4.9373,0.023026
19.57,-0.055206,4.9372,0.023022
19.58,-0.055091,4.9371,0.023018
19.59,-0.054976,4.937,0.023015
19.6,-0.054861,4.9369,0.02301
19.61,-0.054746,4.9368,0.023006
19.62,-0.054631,4.9367,0.023002
19.63,-0.054516,4.9365,0.022997
19.64,-0.054401,4.9364,0.022992
19.65,-0.054286,4.9363,0.022987
19.66,-0.054171,4.9362,0.022981
19.67,-0.054056,4.9361,0.022976
19.68,-0.053941,4.936,0.02297
19.69,-0.053826,4.9359,0.022964
19.7,-0.053712,4.9358,0.022958
19.71,-0.053597,4.9357,0.022951
19.72,-0.053482,4.9356,0.022945
19.73,-0.053367,4.9355,0.022938
19.74,-0.053253,4.9354,0.022931
19.75,-0.053138,4.9353,0.022923
19.76,-0.053023,4.9351,0.022916
19.77,-0.052909,4.935,0.022908
19.78,-0.052794,4.9349,0.022901
19.79,-0.05268,4.9348,0.022893
19.8,-0.052566,4.9347,0.022884
19.81,-0.052451,4.9346,0.022876
19.82,-0.052337,4.9345,0.022867
19.83,-0.052223,4.9344,0.022859
19.84,-0.052108,4.9343,0.02285
19.85,-0.051994,4.9342,0.022841
19.86,-0.05188,4.9341,0.022831
19.87,-0.051766,4.934,0.022822
19.88,-0.051652,4.9339,0.022812
19.89,-0.051538,4.9338,0.022802
19.9,-0.051424,4.9337,0.022792
19.91,-0.05131,4.9336,0.022782
19.92,-0.051196,4.9335,0.022771
19.93,-0.051082,4.9334,0.022761
19.94,-0.050968,4.9333,0.02275
19.95,-0.050855,4.9332,0.022739
19.96,-0.050741,4.9331,0.022728
19.97,-0.050628,4.933,0.022717
19.98,-0.050514,4.9329,0.022705
19.99,-0.050401,4.9328,0.022693
20,-0.050287,4.9327,0.022682
20.01,-0.050174,4.9326,0.02267
20.02,-0.050061,4.9325,0.022657
20.03,-0.049947,4.9324,0.022645
20.04,-0.049834,4.9323,0.022633
20.05,-0.049721,4.9322,0.02262
20.06,-0.049608,4.9321,0.022607
20.07,-0.049495,4.932,0.022594
20.08,-0.049382,4.9319,0.022581
20.09,-0.049269,4.9318,0.022567
20.1,-0.049157,4.9317,0.022554
20.11,-0.049044,4.9316,0.02254
20.12,-0.048931,4.9315,0.022526
20.13,-0.048819,4.9314,0.022512
20.14,-0.048706,4.9313,0.022498
20.15,-0.048594,4.9312,0.022484
20.16,-0.048481,4.9311,0.022469
20.17,-0.048369,4.931,0.022455
20.18,-0.048257,4.9309,0.02244
20.19,-0.048145,4.9308,0.022425
20.2,-0.048033,4.9307,0.02241
20.21,-0.047921,4.9306,0.022395
20.22,-0.047809,4.9305,0.022379
20.23,-0.047697,4.9304,0.022364
20.24,-0.047585,4.9303,0.022348
20.25,-0.047474,4.9302,0.022332
20.26,-0.047362,4.9301,0.022316
20.27,-0.047251,4.93,0.0223
20.28,-0.047139,4.9299,0.022284
20.29,-0.047028,4.9298,0.022267
20.3,-0.046917,4.9298,0.022251
20.31,-0.046805,4.9297,0.022234
20.32,-0.046694,4.9296,0.022217
20.33,-0.046583,4.9295,0.0222
20.34,-0.046472,4.9294,0.022183
20.35,-0.046362,4.9293,0.022166
20.36,-0.046251,4.9292,0.022148
20.37,-0.04614,4.9291,0.022131
20.38,-0.04603,4.929,0.022113
20.39,-0.045919,4.9289,0.022095
20.4,-0.045809,4.9288,0.022077
20.41,-0.045698,4.9287,0.022059
20.42,-0.045588,4.9286,0.022041
20.43,-0.045478,4.9286,0.022023
20.44,-0.045368,4.9285,0.022004
20.45,-0.045258,4.9284,0.021985
20.46,-0.045148,4.9283,0.021967
20.47,-0.045039,4.9282,0.021948
20.48,-0.044929,4.9281,0.021929
20.49,-0.044819,4.928,0.02191
20.5,-0.04471,4.9279,0.02189
20.51,-0.044601,4.9278,0.021871
20.52,-0.044491,4.9277,0.021851
20.53,-0.044382,4.9277,0.021832
20.54,-0.044273,4.9276,0.021812
20.55,-0.044164,4.9275,0.021792
20.56,-0.044055,4.9274,0.021772
20.57,-0.043947,4.9273,0.021752
20.58,-0.043838,4.9272,0.021732
20.59,-0.043729,4.9271,0.021711
20.6,-0.043621,4.927,0.021691
20.61,-0.043513,4.9269,0.02167
20.62,-0.043404,4.9269,0.021649
20.63,-0.043296,4.9268,0.021629
20.64,-0.043188,4.9267,0.021608
20.65,-0.04308,4.9266,0.021586
20.66,-0.042972,4.9265,0.021565
20.67,-0.042865,4.9264,0.021544
20.68,-0.042757,4.9263,0.021523
20.69,-0.042649,4.9263,0.021501
20.7,-0.042542,4.9262,0.021479
20.71,-0.042435,4.9261,0.021458
20.72,-0.042328,4.926,0.021436
20.73,-0.042221,4.9259,0.021414
20.74,-0.042114,4.9258,0.021392
20.75,-0.042007,4.9258,0.02137
20.76,-0.0419,4.9257,0.021347
20.77,-0.041793,4.9256,0.021325
20.78,-0.041687,4.9255,0.021302
20.79,-0.04158,4.9254,0.02128
20.8,-0.041474,4.9253,0.021257
20.81,-0.041368,4.9253,0.021234
20.82,-0.041262,4.9252,0.021211
20.83,-0.041156,4.9251,0.021188
20.84,-0.04105,4.925,0.021165
20.85,-0.040944,4.9249,0.021142
20.86,-0.040839,4.9248,0.021119
20.87,-0.040733,4.9248,0.021095
20.88,-0.040628,4.9247,0.021072
20.89,-0.040523,4.9246,0.021048
20.9,-0.040418,4.9245,0.021024
20.91,-0.040313,4.9244,0.021001
20.92,-0.040208,4.9244,0.020977
20.93,-0.040103,4.9243,0.020953
20.94,-0.039998,4.9242,0.020929
20.95,-0.039894,4.9241,0.020905
20.96,-0.039789,4.924,0.02088
20.97,-0.039685,4.924,0.020856
20.98,-0.039581,4.9239,0.020831
20.99,-0.039477,4.9238,0.020807
21,-0.039373,4.9237,0.020782
21.01,-0.039269,4.9236,0.020758
21.02,-0.039166,4.9236,0.020733
21.03,-0.039062,4.9235,0.020708
21.04,-0.038959,4.9234,0.020683
21.05,-0.038855,4.9233,0.020658
21.06,-0.038752,4.9232,0.020633
21.07,-0.038649,4.9232,0.020608
21.08,-0.038546,4.9231,0.020582
21.09,-0.038444,4.923,0.020557
21.1,-0.038341,4.9229,0.020532
21.11,-0.038238,4.9229,0.020506
21.12,-0.038136,4.9228,0.02048
21.13,-0.038034,4.9227,0.020455
21.14,-0.037931,4.9226,0.020429
21.15,-0.037829,4.9226,0.020403
21.16,-0.037728,4.9225,0.020377
21.17,-0.037626,4.9224,0.020351
21.18,-0.037524,4.9223,0.020325
21.19,-0.037423,4.9223,0.020299
21.2,-0.037321,4.9222,0.020273
21.21,-0.03722,4.9221,0.020246
21.22,-0.037119,4.922,0.02022
21.23,-0.037018,4.922,0.020193
21.24,-0.036917,4.9219,0.020167
21.25,-0.036817,4.9218,0.02014
21.26,-0.036716,4.9217,0.020114
21.27,-0.036616,4.9217,0.020087
21.28,-0.036515,4.9216,0.02006
21.29,-0.036415,4.9215,0.020033
21.3,-0.036315,4.9214,0.020006
21.31,-0.036215,4.9214,0.019979
21.32,-0.036115,4.9213,0.019952
21.33,-0.036016,4.9212,0.019925
21.34,-0.035916,4.9212,0.019898
21.35,-0.035817,4.9211,0.01987
21.36,-0.035718,4.921,0.019843
21.37,-0.035619,4.9209,0.019816
21.38,-0.03552,4.9209,0.019788
21.39,-0.035421,4.9208,0.019761
21.4,-0.035322,4.9207,0.019733
21.41,-0.035224,4.9207,0.019705
21.42,-0.035125,4.9206,0.019678
21.43,-0.035027,4.9205,0.01965
21.44,-0.034929,4.9204,0.019622
21.45,-0.034831,4.9204,0.019594
21.46,-0.034733,4.9203,0.019566
21.47,-0.034635,4.9202,0.019538
21.48,-0.034538,4.9202,0.01951
21.49,-0.03444,4.9201,0.019482
21.5,-0.034343,4.92,0.019454
21.51,-0.034246,4.92,0.019425
21.52,-0.034149,4.9199,0.019397
21.53,-0.034052,4.9198,0.019369
21.54,-0.033956,4.9198,0.01934
21.55,-0.033859,4.9197,0.019312
21.56,-0.033763,4.9196,0.019283
21.57,-0.033666,4.9196,0.019255
21.58,-0.03357,4.9195,0.019226
21.59,-0.033474,4.9194,0.019197
21.6,-0.033378,4.9194,0.019169
21.61,-0.033283,4.9193,0.01914
21.62,-0.033187,4.9192,0.019111
21.63,-0.033092,4.9192,0.019082
21.64,-0.032996,4.9191,0.019053
21.65,-0.032901,4.919,0.019024
21.66,-0.032806,4.919,0.018995
21.67,-0.032711,4.9189,0.018966
21.68,-0.032617,4.9188,0.018937
21.69,-0.032522,4.9188,0.018908
21.7,-0.032428,4.9187,0.018879
21.71,-0.032334,4.9186,0.018849
21.72,-0.03224,4.9186,0.01882
21.73,-0.032146,4.9185,0.018791
21.74,-0.032052,4.9184,0.018761
21.75,-0.031958,4.9184,0.018732
21.76,-0.031865,4.9183,0.018702
21.77,-0.031771,4.9182,0.018673
21.78,-0.031678,4.9182,0.018643
21.79,-0.031585,4.9181,0.018614
21.8,-0.031492,4.9181,0.018584
21.81,-0.031399,4.918,0.018554
21.82,-0.031307,4.9179,0.018525
21.83,-0.031214,4.9179,0.018495
21.84,-0.031122,4.9178,0.018465
21.85,-0.03103,4.9177,0.018435
21.86,-0.030938,4.9177,0.018405
21.87,-0.030846,4.9176,0.018376
21.88,-0.030754,4.9176,0.018346
21.89,-0.030662,4.9175,0.018316
21.9,-0.030571,4.9174,0.018286
21.91,-0.03048,4.9174,0.018256
21.92,-0.030389,4.9173,0.018225
21.93,-0.030298,4.9173,0.018195
21.94,-0.030207,4.9172,0.018165
21.95,-0.030116,4.9171,0.018135
21.96,-0.030026,4.9171,0.018105
21.97,-0.029935,4.917,0.018075
21.98,-0.029845,4.917,0.018044
21.99,-0.029755,4.9169,0.018014
22,-0.029665,4.9168,0.017984
22.01,-0.029575,4.9168,0.017953
22.02,-0.029486,4.9167,0.017923
22.03,-0.029396,4.9167,0.017892
22.04,-0.029307,4.9166,0.017862
22.05,-0.029218,4.9165,0.017831
22.06,-0.029129,4.9165,0.017801
22.07,-0.02904,4.9164,0.01777
22.08,-0.028951,4.9164,0.01774
22.09,-0.028863,4.9163,0.017709
22.1,-0.028774,4.9163,0.017679
22.11,-0.028686,4.9162,0.017648
22.12,-0.028598,4.9161,0.017617
22.13,-0.02851,4.9161,0.017587
22.14,-0.028422,4.916,0.017556
22.15,-0.028335,4.916,0.017525
22.16,-0.028247,4.9159,0.017494
22.17,-0.02816,4.9159,0.017464
22.18,-0.028073,4.9158,0.017433
22.19,-0.027986,4.9157,0.017402
22.2,-0.027899,4.9157,0.017371
22.21,-0.027812,4.9156,0.01734
22.22,-0.027725,4.9156,0.017309
22.23,-0.027639,4.9155,0.017278
22.24,-0.027553,4.9155,0.017247
22.25,-0.027467,4.9154,0.017216
22.26,-0.027381,4.9154,0.017185
22.27,-0.027295,4.9153,0.017154
22.28,-0.027209,4.9152,0.017123
22.29,-0.027124,4.9152,0.017092
22.3,-0.027039,4.9151,0.017061
22.31,-0.026954,4.9151,0.01703
22.32,-0.026869,4.915,0.016999
22.33,-0.026784,4.915,0.016968
22.34,-0.026699,4.9149,0.016937
22.35,-0.026614,4.9149,0.016906
22.36,-0.02653,4.9148,0.016875
22.37,-0.026446,4.9148,0.016843
22.38,-0.026362,4.9147,0.016812
22.39,-0.026278,4.9147,0.016781
22.4,-0.026194,4.9146,0.01675
22.41,-0.026111,4.9146,0.016719
22.42,-0.026027,4.9145,0.016687
22.43,-0.025944,4.9144,0.016656
22.44,-0.025861,4.9144,0.016625
22.45,-0.025778,4.9143,0.016594
22.46,-0.025695,4.9143,0.016562
22.47,-0.025612,4.9142,0.016531
22.48,-0.02553,4.9142,0.0165
22.49,-0.025447,4.9141,0.016468
22.5,-0.025365,4.9141,0.016437
22.51,-0.025283,4.914,0.016406
22.52,-0.025201,4.914,0.016374
22.53,-0.02512,4.9139,0.016343
22.54,-0.025038,4.9139,0.016312
22.55,-0.024957,4.9138,0.01628
22.56,-0.024875,4.9138,0.016249
22.57,-0.024794,4.9137,0.016218
22.58,-0.024713,4.9137,0.016186
22.59,-0.024633,4.9136,0.016155
22.6,-0.024552,4.9136,0.016123
22.61,-0.024472,4.9135,0.016092
22.62,-0.024391,4.9135,0.016061
22.63,-0.024311,4.9134,0.016029
22.64,-0.024231,4.9134,0.015998
22.65,-0.024151,4.9133,0.015966
22.66,-0.024072,4.9133,0.015935
22.67,-0.023992,4.9132,0.015903
22.68,-0.023913,4.9132,0.015872
22.69,-0.023834,4.9132,0.015841
22.7,-0.023755,4.9131,0.015809
22.71,-0.023676,4.9131,0.015778
22.72,-0.023597,4.913,0.015746
22.73,-0.023518,4.913,0.015715
22.74,-0.02344,4.9129,0.015683
22.75,-0.023362,4.9129,0.015652
22.76,-0.023284,4.9128,0.01562
22.77,-0.023206,4.9128,0.015589
22.78,-0.023128,4.9127,0.015557
22.79,-0.02305,4.9127,0.015526
22.8,-0.022973,4.9126,0.015495
22.81,-0.022895,4.9126,0.015463
22.82,-0.022818,4.9125,0.015432
22.83,-0.022741,4.9125,0.0154
22.84,-0.022664,4.9125,0.015369
22.85,-0.022588,4.9124,0.015337
22.86,-0.022511,4.9124,0.015306
22.87,-0.022435,4.9123,0.015274
22.88,-0.022359,4.9123,0.015243
22.89,-0.022283,4.9122,0.015212
22.9,-0.022207,4.9122,0.01518
22.91,-0.022131,4.9121,0.015149
22.92,-0.022055,4.9121,0.015117
22.93,-0.02198,4.9121,0.015086
22.94,-0.021905,4.912,0.015054
22.95,-0.021829,4.912,0.015023
22.96,-0.021755,4.9119,0.014992
22.97,-0.02168,4.9119,0.01496
22.98,-0.021605,4.9118,0.014929
22.99,-0.021531,4.9118,0.014897
23,-0.021456,4.9118,0.014866
23.01,-0.021382,4.9117,0.014835
23.02,-0.021308,4.9117,0.014803
23.03,-0.021234,4.9116,0.014772
23.04,-0.021161,4.9116,0.014741
23.05,-0.021087,4.9115,0.014709
23.06,-0.021014,4.9115,0.014678
23.07,-0.02094,4.9115,0.014647
23.08,-0.020867,4.9114,0.014615
23.09,-0.020794,4.9114,0.014584
23.1,-0.020722,4.9113,0.014553
23.11,-0.020649,4.9113,0.014521
23.12,-0.020577,4.9112,0.01449
23.13,-0.020504,4.9112,0.014459
23.14,-0.020432,4.9112,0.014428
23.15,-0.02036,4.9111,0.014396
23.16,-0.020288,4.9111,0.014365
23.17,-0.020217,4.911,0.014334
23.18,-0.020145,4.911,0.014303
23.19,-0.020074,4.911,0.014272
23.2,-0.020003,4.9109,0.01424
23.21,-0.019931,4.9109,0.014209
23.22,-0.019861,4.9108,0.014178
23.23,-0.01979,4.9108,0.014147
23.24,-0.019719,4.9108,0.014116
23.25,-0.019649,4.9107,0.014085
23.26,-0.019579,4.9107,0.014053
23.27,-0.019508,4.9106,0.014022
23.28,-0.019439,4.9106,0.013991
23.29,-0.019369,4.9106,0.01396
23.3,-0.019299,4.9105,0.013929
23.31,-0.01923,4.9105,0.013898
23.32,-0.01916,4.9105,0.013867
23.33,-0.019091,4.9104,0.013836
23.34,-0.019022,4.9104,0.013805
23.35,-0.018953,4.9103,0.013774
23.36,-0.018884,4.9103,0.013743
23.37,-0.018816,4.9103,0.013712
23.38,-0.018748,4.9102,0.013681
23.39,-0.018679,4.9102,0.01365
23.4,-0.018611,4.9101,0.013619
23.41,-0.018543,4.9101,0.013589
23.42,-0.018475,4.9101,0.013558
23.43,-0.018408,4.91,0.013527
23.44,-0.01834,4.91,0.013496
23.45,-0.018273,4.91,0.013465
23.46,-0.018206,4.9099,0.013434
23.47,-0.018139,4.9099,0.013404
23.48,-0.018072,4.9099,0.013373
23.49,-0.018005,4.9098,0.013342
23.5,-0.017939,4.9098,0.013312
23.51,-0.017872,4.9097,0.013281
23.52,-0.017806,4.9097,0.01325
23.53,-0.01774,4.9097,0.013219
23.54,-0.017674,4.9096,0.013189
23.55,-0.017608,4.9096,0.013158
23.56,-0.017543,4.9096,0.013128
23.57,-0.017477,4.9095,0.013097
23.58,-0.017412,4.9095,0.013067
23.59,-0.017347,4.9095,0.013036
23.6,-0.017282,4.9094,0.013005
23.61,-0.017217,4.9094,0.012975
23.62,-0.017152,4.9094,0.012945
23.63,-0.017087,4.9093,0.012914
23.64,-0.017023,4.9093,0.012884
23.65,-0.016959,4.9093,0.012853
23.66,-0.016895,4.9092,0.012823
23.67,-0.016831,4.9092,0.012793
23.68,-0.016767,4.9092,0.012762
23.69,-0.016703,4.9091,0.012732
23.7,-0.01664,4.9091,0.012702
23.71,-0.016576,4.9091,0.012671
23.72,-0.016513,4.909,0.012641
23.73,-0.01645,4.909,0.012611
23.74,-0.016387,4.909,0.012581
23.75,-0.016324,4.9089,0.012551
23.76,-0.016262,4.9089,0.01252
23.77,-0.016199,4.9089,0.01249
23.78,-0.016137,4.9088,0.01246
23.79,-0.016075,4.9088,0.01243
23.8,-0.016013,4.9088,0.0124
23.81,-0.015951,4.9087,0.01237
23.82,-0.015889,4.9087,0.01234
23.83,-0.015828,4.9087,0.01231
23.84,-0.015766,4.9086,0.01228
23.85,-0.015705,4.9086,0.01225
23.86,-0.015644,4.9086,0.01222
23.87,-0.015583,4.9085,0.012191
23.88,-0.015522,4.9085,0.012161
23.89,-0.015462,4.9085,0.012131
23.9,-0.015401,4.9085,0.012101
23.91,-0.015341,4.9084,0.012071
23.92,-0.01528,4.9084,0.012042
23.93,-0.01522,4.9084,0.012012
23.94,-0.015161,4.9083,0.011982
23.95,-0.015101,4.9083,0.011953
23.96,-0.015041,4.9083,0.011923
23.97,-0.014982,4.9082,0.011893
23.98,-0.014922,4.9082,0.011864
23.99,-0.014863,4.9082,0.011834
24,-0.014804,4.9081,0.011805
24.01,-0.014745,4.9081,0.011775
24.02,-0.014687,4.9081,0.011746
24.03,-0.014628,4.9081,0.011716
24.04,-0.01457,4.908,0.011687
24.05,-0.014511,4.908,0.011658
24.06,-0.014453,4.908,0.011628
24.07,-0.014395,4.9079,0.011599
24.08,-0.014337,4.9079,0.01157
24.09,-0.01428,4.9079,0.011541
24.1,-0.014222,4.9079,0.011511
24.11,-0.014165,4.9078,0.011482
24.12,-0.014107,4.9078,0.011453
24.13,-0.01405,4.9078,0.011424
24.14,-0.013993,4.9077,0.011395
24.15,-0.013936,4.9077,0.011366
24.16,-0.01388,4.9077,0.011337
24.17,-0.013823,4.9077,0.011308
24.18,-0.013767,4.9076,0.011279
24.19,-0.013711,4.9076,0.01125
24.2,-0.013654,4.9076,0.011221
24.21,-0.013598,4.9076,0.011192
24.22,-0.013543,4.9075,0.011163
24.23,-0.013487,4.9075,0.011134
24.24,-0.013431,4.9075,0.011106
24.25,-0.013376,4.9074,0.011077
24.26,-0.013321,4.9074,0.011048
24.27,-0.013266,4.9074,0.01102
24.28,-0.013211,4.9074,0.010991
24.29,-0.013156,4.9073,0.010962
24.3,-0.013101,4.9073,0.010934
24.31,-0.013047,4.9073,0.010905
24.32,-0.012992,4.9073,0.010877
24.33,-0.012938,4.9072,0.010848
24.34,-0.012884,4.9072,0.01082
24.35,-0.01283,4.9072,0.010791
24.36,-0.012776,4.9072,0.010763
24.37,-0.012723,4.9071,0.010735
24.38,-0.012669,4.9071,0.010706
24.39,-0.012616,4.9071,0.010678
24.4,-0.012562,4.9071,0.01065
24.41,-0.012509,4.907,0.010622
24.42,-0.012456,4.907,0.010593
24.43,-0.012404,4.907,0.010565
24.44,-0.012351,4.907,0.010537
24.45,-0.012298,4.9069,0.010509
24.46,-0.012246,4.9069,0.010481
24.47,-0.012194,4.9069,0.010453
24.48,-0.012142,4.9069,0.010425
24.49,-0.01209,4.9068,0.010397
24.5,-0.012038,4.9068,0.010369
24.51,-0.011986,4.9068,0.010341
24.52,-0.011934,4.9068,0.010313
24.53,-0.011883,4.9067,0.010286
24.54,-0.011832,4.9067,0.010258
24.55,-0.011781,4.9067,0.01023
24.56,-0.01173,4.9067,0.010203
24.57,-0.011679,4.9066,0.010175
24.58,-0.011628,4.9066,0.010147
24.59,-0.011577,4.9066,0.01012
24.6,-0.011527,4.9066,0.010092
24.61,-0.011477,4.9066,0.010065
24.62,-0.011426,4.9065,0.010037
24.63,-0.011376,4.9065,0.01001
24.64,-0.011326,4.9065,0.0099823
24.65,-0.011277,4.9065,0.009955
24.66,-0.011227,4.9064,0.0099277
24.67,-0.011177,4.9064,0.0099004
24.68,-0.011128,4.9064,0.0098731
24.69,-0.011079,4.9064,0.0098459
24.7,-0.01103,4.9063,0.0098187
24.71,-0.010981,4.9063,0.0097916
24.72,-0.010932,4.9063,0.0097645
24.73,-0.010883,4.9063,0.0097374
24.74,-0.010835,4.9063,0.0097104
24.75,-0.010786,4.9062,0.0096834
24.76,-0.010738,4.9062,0.0096565
24.77,-0.01069,4.9062,0.0096296
24.78,-0.010642,4.9062,0.0096027
24.79,-0.010594,4.9062,0.0095759
24.8,-0.010546,4.9061,0.0095491
24.81,-0.010499,4.9061,0.0095223
24.82,-0.010451,4.9061,0.0094956
24.83,-0.010404,4.9061,0.0094689
24.84,-0.010357,4.9061,0.0094422
24.85,-0.01031,4.906,0.0094156
24.86,-0.010263,4.906,0.0093891
24.87,-0.010216,4.906,0.0093625
24.88,-0.010169,4.906,0.009336
24.89,-0.010123,4.9059,0.0093096
24.9,-0.010076,4.9059,0.0092832
24.91,-0.01003,4.9059,0.0092568
24.92,-0.0099837,4.9059,0.0092305
24.93,-0.0099377,4.9059,0.0092042
24.94,-0.0098918,4.9058,0.0091779
24.95,-0.009846,4.9058,0.0091517
24.96,-0.0098004,4.9058,0.0091255
24.97,-0.0097549,4.9058,0.0090993
24.98,-0.0097095,4.9058,0.0090732
24.99,-0.0096643,4.9058,0.0090472
25,-0.0096192,4.9057,0.0090212
25.01,-0.0095742,4.9057,0.0089952
25.02,-0.0095294,4.9057,0.0089692
25.03,-0.0094847,4.9057,0.0089433
25.04,-0.0094401,4.9057,0.0089175
25.05,-0.0093956,4.9056,0.0088916
25.06,-0.0093513,4.9056,0.0088658
25.07,-0.0093071,4.9056,0.0088401
25.08,-0.009263,4.9056,0.0088144
25.09,-0.0092191,4.9056,0.0087887
25.1,-0.0091753,4.9055,0.0087631
25.11,-0.0091316,4.9055,0.0087375
25.12,-0.009088,4.9055,0.008712
25.13,-0.0090446,4.9055,0.0086865
25.14,-0.0090013,4.9055,0.008661
25.15,-0.0089581,4.9055,0.0086356
25.16,-0.008915,4.9054,0.0086102
25.17,-0.0088721,4.9054,0.0085848
25.18,-0.0088293,4.9054,0.0085595
25.19,-0.0087867,4.9054,0.0085343
25.2,-0.0087441,4.9054,0.0085091
25.21,-0.0087017,4.9053,0.0084839
25.22,-0.0086594,4.9053,0.0084587
25.23,-0.0086172,4.9053,0.0084336
25.24,-0.0085752,4.9053,0.0084086
25.25,-0.0085333,4.9053,0.0083836
25.26,-0.0084915,4.9053,0.0083586
25.27,-0.0084498,4.9052,0.0083336
25.28,-0.0084083,4.9052,0.0083087
25.29,-0.0083668,4.9052,0.0082839
25.3,-0.0083255,4.9052,0.0082591
25.31,-0.0082844,4.9052,0.0082343
25.32,-0.0082433,4.9052,0.0082096
25.33,-0.0082024,4.9051,0.0081849
25.34,-0.0081616,4.9051,0.0081602
25.35,-0.0081209,4.9051,0.0081356
25.36,-0.0080804,4.9051,0.0081111
25.37,-0.0080399,4.9051,0.0080865
25.38,-0.0079996,4.9051,0.0080621
25.39,-0.0079594,4.905,0.0080376
25.4,-0.0079194,4.905,0.0080132
25.41,-0.0078794,4.905,0.0079889
25.42,-0.0078396,4.905,0.0079645
25.43,-0.0077999,4.905,0.0079403
25.44,-0.0077603,4.905,0.007916
25.45,-0.0077209,4.905,0.0078918
25.46,-0.0076815,4.9049,0.0078677
25.47,-0.0076423,4.9049,0.0078436
25.48,-0.0076032,4.9049,0.0078195
25.49,-0.0075642,4.9049,0.0077955
25.5,-0.0075254,4.9049,0.0077715
25.51,-0.0074866,4.9049,0.0077476
25.52,-0.007448,4.9048,0.0077237
25.53,-0.0074095,4.9048,0.0076998
25.54,-0.0073711,4.9048,0.007676
25.55,-0.0073329,4.9048,0.0076522
25.56,-0.0072947,4.9048,0.0076285
25.57,-0.0072567,4.9048,0.0076048
25.58,-0.0072188,4.9048,0.0075812
25.59,-0.007181,4.9047,0.0075576
25.6,-0.0071433,4.9047,0.007534
25.61,-0.0071058,4.9047,0.0075105
25.62,-0.0070684,4.9047,0.007487
25.63,-0.007031,4.9047,0.0074636
25.64,-0.0069938,4.9047,0.0074402
25.65,-0.0069568,4.9047,0.0074168
25.66,-0.0069198,4.9046,0.0073935
25.67,-0.0068829,4.9046,0.0073703
25.68,-0.0068462,4.9046,0.007347
25.69,-0.0068096,4.9046,0.0073239
25.7,-0.0067731,4.9046,0.0073007
25.71,-0.0067367,4.9046,0.0072776
25.72,-0.0067004,4.9046,0.0072546
25.73,-0.0066643,4.9046,0.0072316
25.74,-0.0066282,4.9045,0.0072086
25.75,-0.0065923,4.9045,0.0071857
25.76,-0.0065565,4.9045,0.0071628
25.77,-0.0065208,4.9045,0.0071399
25.78,-0.0064852,4.9045,0.0071171
25.79,-0.0064497,4.9045,0.0070944
25.8,-0.0064144,4.9045,0.0070717
25.81,-0.0063791,4.9044,0.007049
25.82,-0.006344,4.9044,0.0070264
25.83,-0.006309,4.9044,0.0070038
25.84,-0.0062741,4.9044,0.0069813
25.85,-0.0062393,4.9044,0.0069588
25.86,-0.0062046,4.9044,0.0069363
25.87,-0.00617,4.9044,0.0069139
25.88,-0.0061356,4.9044,0.0068915
25.89,-0.0061012,4.9043,0.0068692
25.9,-0.006067,4.9043,0.0068469
25.91,-0.0060329,4.9043,0.0068247
25.92,-0.0059988,4.9043,0.0068025
25.93,-0.0059649,4.9043,0.0067803
25.94,-0.0059311,4.9043,0.0067582
25.95,-0.0058975,4.9043,0.0067361
25.96,-0.0058639,4.9043,0.0067141
25.97,-0.0058304,4.9043,0.0066921
25.98,-0.0057971,4.9042,0.0066702
25.99,-0.0057638,4.9042,0.0066483
26,-0.0057307,4.9042,0.0066264
26.01,-0.0056977,4.9042,0.0066046
26.02,-0.0056648,4.9042,0.0065828
26.03,-0.005632,4.9042,0.0065611
26.04,-0.0055993,4.9042,0.0065394
26.05,-0.0055667,4.9042,0.0065178
26.06,-0.0055342,4.9041,0.0064962
26.07,-0.0055018,4.9041,0.0064746
26.08,-0.0054696,4.9041,0.0064531
26.09,-0.0054374,4.9041,0.0064316
26.1,-0.0054054,4.9041,0.0064102
26.11,-0.0053734,4.9041,0.0063888
26.12,-0.0053416,4.9041,0.0063675
26.13,-0.0053098,4.9041,0.0063462
26.14,-0.0052782,4.9041,0.0063249
26.15,-0.0052467,4.9041,0.0063037
26.16,-0.0052153,4.904,0.0062825
26.17,-0.005184,4.904,0.0062614
26.18,-0.0051528,4.904,0.0062403
26.19,-0.0051217,4.904,0.0062193
26.2,-0.0050907,4.904,0.0061983
26.21,-0.0050598,4.904,0.0061773
26.22,-0.005029,4.904,0.0061564
26.23,-0.0049983,4.904,0.0061356
26.24,-0.0049678,4.904,0.0061147
26.25,-0.0049373,4.9039,0.0060939
26.26,-0.0049069,4.9039,0.0060732
26.27,-0.0048767,4.9039,0.0060525
26.28,-0.0048465,4.9039,0.0060319
26.29,-0.0048165,4.9039,0.0060112
26.3,-0.0047865,4.9039,0.0059907
26.31,-0.0047567,4.9039,0.0059701
26.32,-0.0047269,4.9039,0.0059497
26.33,-0.0046973,4.9039,0.0059292
26.34,-0.0046677,4.9039,0.0059088
26.35,-0.0046383,4.9039,0.0058885
26.36,-0.0046089,4.9038,0.0058682
26.37,-0.0045797,4.9038,0.0058479
26.38,-0.0045506,4.9038,0.0058277
26.39,-0.0045215,4.9038,0.0058075
26.4,-0.0044926,4.9038,0.0057873
26.41,-0.0044637,4.9038,0.0057672
26.42,-0.004435,4.9038,0.0057472
26.43,-0.0044064,4.9038,0.0057272
26.44,-0.0043778,4.9038,0.0057072
26.45,-0.0043494,4.9038,0.0056873
26.46,-0.0043211,4.9038,0.0056674
26.47,-0.0042928,4.9037,0.0056475
26.48,-0.0042647,4.9037,0.0056277
26.49,-0.0042366,4.9037,0.005608
26.5,-0.0042087,4.9037,0.0055883
26.51,-0.0041809,4.9037,0.0055686
26.52,-0.0041531,4.9037,0.005549
26.53,-0.0041255,4.9037,0.0055294
26.54,-0.0040979,4.9037,0.0055098
26.55,-0.0040705,4.9037,0.0054903
26.56,-0.0040431,4.9037,0.0054709
26.57,-0.0040159,4.9037,0.0054515
26.58,-0.0039887,4.9037,0.0054321
26.59,-0.0039616,4.9036,0.0054128
26.6,-0.0039347,4.9036,0.0053935
26.61,-0.0039078,4.9036,0.0053742
26.62,-0.003881,4.9036,0.005355
26.63,-0.0038543,4.9036,0.0053359
26.64,-0.0038278,4.9036,0.0053167
26.65,-0.0038013,4.9036,0.0052977
26.66,-0.0037749,4.9036,0.0052786
26.67,-0.0037486,4.9036,0.0052596
26.68,-0.0037224,4.9036,0.0052407
26.69,-0.0036963,4.9036,0.0052218
26.7,-0.0036702,4.9036,0.0052029
26.71,-0.0036443,4.9036,0.0051841
26.72,-0.0036185,4.9035,0.0051653
26.73,-0.0035928,4.9035,0.0051466
26.74,-0.0035671,4.9035,0.0051279
26.75,-0.0035416,4.9035,0.0051092
26.76,-0.0035161,4.9035,0.0050906
26.77,-0.0034908,4.9035,0.0050721
26.78,-0.0034655,4.9035,0.0050535
26.79,-0.0034403,4.9035,0.0050351
26.8,-0.0034152,4.9035,0.0050166
26.81,-0.0033903,4.9035,0.0049982
26.82,-0.0033654,4.9035,0.0049799
26.83,-0.0033405,4.9035,0.0049615
26.84,-0.0033158,4.9035,0.0049433
26.85,-0.0032912,4.9035,0.004925
26.86,-0.0032667,4.9035,0.0049068
26.87,-0.0032422,4.9034,0.0048887
26.88,-0.0032179,4.9034,0.0048706
26.89,-0.0031936,4.9034,0.0048525
26.9,-0.0031694,4.9034,0.0048345
26.91,-0.0031454,4.9034,0.0048165
26.92,-0.0031214,4.9034,0.0047986
26.93,-0.0030975,4.9034,0.0047807
26.94,-0.0030736,4.9034,0.0047628
26.95,-0.0030499,4.9034,0.004745
26.96,-0.0030263,4.9034,0.0047272
26.97,-0.0030027,4.9034,0.0047095
26.98,-0.0029793,4.9034,0.0046918
26.99,-0.0029559,4.9034,0.0046742
27,-0.0029326,4.9034,0.0046566
27.01,-0.0029094,4.9034,0.004639
27.02,-0.0028863,4.9034,0.0046215
27.03,-0.0028633,4.9033,0.004604
27.04,-0.0028404,4.9033,0.0045866
27.05,-0.0028175,4.9033,0.0045692
27.06,-0.0027948,4.9033,0.0045518
27.07,-0.0027721,4.9033,0.0045345
27.08,-0.0027495,4.9033,0.0045172
27.09,-0.002727,4.9033,0.0045
27.1,-0.0027046,4.9033,0.0044828
27.11,-0.0026823,4.9033,0.0044656
27.12,-0.00266,4.9033,0.0044485
27.13,-0.0026379,4.9033,0.0044314
27.14,-0.0026158,4.9033,0.0044144
27.15,-0.0025938,4.9033,0.0043974
27.16,-0.0025719,4.9033,0.0043805
27.17,-0.0025501,4.9033,0.0043636
27.18,-0.0025284,4.9033,0.0043467
27.19,-0.0025067,4.9033,0.0043299
27.2,-0.0024851,4.9033,0.0043131
27.21,-0.0024637,4.9033,0.0042964
27.22,-0.0024423,4.9032,0.0042797
27.23,-0.0024209,4.9032,0.004263
27.24,-0.0023997,4.9032,0.0042464
27.25,-0.0023786,4.9032,0.0042298
27.26,-0.0023575,4.9032,0.0042133
27.27,-0.0023365,4.9032,0.0041968
27.28,-0.0023156,4.9032,0.0041803
27.29,-0.0022948,4.9032,0.0041639
27.3,-0.0022741,4.9032,0.0041475
27.31,-0.0022534,4.9032,0.0041312
27.32,-0.0022328,4.9032,0.0041149
27.33,-0.0022123,4.9032,0.0040986
27.34,-0.0021919,4.9032,0.0040824
27.35,-0.0021716,4.9032,0.0040663
27.36,-0.0021513,4.9032,0.0040501
27.37,-0.0021312,4.9032,0.004034
27.38,-0.0021111,4.9032,0.004018
27.39,-0.0020911,4.9032,0.004002
27.4,-0.0020711,4.9032,0.003986
27.41,-0.0020513,4.9032,0.0039701
27.42,-0.0020315,4.9032,0.0039542
27.43,-0.0020118,4.9032,0.0039383
27.44,-0.0019922,4.9032,0.0039225
27.45,-0.0019727,4.9031,0.0039067
27.46,-0.0019532,4.9031,0.003891
27.47,-0.0019338,4.9031,0.0038753
27.48,-0.0019145,4.9031,0.0038597
27.49,-0.0018953,4.9031,0.003844
27.5,-0.0018762,4.9031,0.0038285
27.51,-0.0018571,4.9031,0.0038129
27.52,-0.0018381,4.9031,0.0037974
27.53,-0.0018192,4.9031,0.003782
27.54,-0.0018004,4.9031,0.0037666
27.55,-0.0017816,4.9031,0.0037512
27.56,-0.001763,4.9031,0.0037359
27.57,-0.0017443,4.9031,0.0037206
27.58,-0.0017258,4.9031,0.0037053
27.59,-0.0017074,4.9031,0.0036901
27.6,-0.001689,4.9031,0.0036749
27.61,-0.0016707,4.9031,0.0036598
27.62,-0.0016525,4.9031,0.0036447
27.63,-0.0016343,4.9031,0.0036296
27.64,-0.0016163,4.9031,0.0036146
27.65,-0.0015983,4.9031,0.0035996
27.66,-0.0015803,4.9031,0.0035847
27.67,-0.0015625,4.9031,0.0035698
27.68,-0.0015447,4.9031,0.0035549
27.69,-0.001527,4.9031,0.0035401
27.7,-0.0015094,4.9031,0.0035253
27.71,-0.0014918,4.9031,0.0035105
27.72,-0.0014744,4.9031,0.0034958
27.73,-0.0014569,4.9031,0.0034811
27.74,-0.0014396,4.903,0.0034665
27.75,-0.0014224,4.903,0.0034519
27.76,-0.0014052,4.903,0.0034374
27.77,-0.0013881,4.903,0.0034228
27.78,-0.001371,4.903,0.0034084
27.79,-0.001354,4.903,0.0033939
27.8,-0.0013371,4.903,0.0033795
27.81,-0.0013203,4.903,0.0033652
27.82,-0.0013036,4.903,0.0033508
27.83,-0.0012869,4.903,0.0033365
27.84,-0.0012703,4.903,0.0033223
27.85,-0.0012537,4.903,0.0033081
27.86,-0.0012373,4.903,0.0032939
27.87,-0.0012209,4.903,0.0032798
27.88,-0.0012045,4.903,0.0032657
27.89,-0.0011883,4.903,0.0032516
27.9,-0.0011721,4.903,0.0032376
27.91,-0.001156,4.903,0.0032236
27.92,-0.0011399,4.903,0.0032097
27.93,-0.0011239,4.903,0.0031958
27.94,-0.001108,4.903,0.0031819
27.95,-0.0010922,4.903,0.0031681
27.96,-0.0010764,4.903,0.0031543
27.97,-0.0010607,4.903,0.0031405
27.98,-0.0010451,4.903,0.0031268
27.99,-0.0010295,4.903,0.0031131
28,-0.001014,4.903,0.0030995
28.01,-0.00099859,4.903,0.0030859
28.02,-0.00098323,4.903,0.0030723
28.03,-0.00096794,4.903,0.0030587
28.04,-0.00095271,4.903,0.0030453
28.05,-0.00093755,4.903,0.0030318
28.06,-0.00092246,4.903,0.0030184
28.07,-0.00090744,4.903,0.003005
28.08,-0.00089248,4.903,0.0029916
28.09,-0.00087759,4.903,0.0029783
28.1,-0.00086276,4.903,0.0029651
28.11,-0.000848,4.903,0.0029518
28.12,-0.00083331,4.903,0.0029386
28.13,-0.00081868,4.903,0.0029255
28.14,-0.00080412,4.903,0.0029123
28.15,-0.00078962,4.903,0.0028992
28.16,-0.00077519,4.903,0.0028862
28.17,-0.00076083,4.903,0.0028732
28.18,-0.00074652,4.903,0.0028602
28.19,-0.00073229,4.903,0.0028473
28.2,-0.00071812,4.9029,0.0028343
28.21,-0.00070401,4.9029,0.0028215
28.22,-0.00068997,4.9029,0.0028086
28.23,-0.00067599,4.9029,0.0027958
28.24,-0.00066207,4.9029,0.0027831
28.25,-0.00064822,4.9029,0.0027704
28.26,-0.00063443,4.9029,0.0027577
28.27,-0.00062071,4.9029,0.002745
28.28,-0.00060704,4.9029,0.0027324
28.29,-0.00059345,4.9029,0.0027198
28.3,-0.00057991,4.9029,0.0027073
28.31,-0.00056644,4.9029,0.0026948
28.32,-0.00055302,4.9029,0.0026823
28.33,-0.00053967,4.9029,0.0026698
28.34,-0.00052639,4.9029,0.0026574
28.35,-0.00051316,4.9029,0.0026451
28.36,-0.0005,4.9029,0.0026327
28.37,-0.0004869,4.9029,0.0026204
28.38,-0.00047386,4.9029,0.0026082
28.39,-0.00046088,4.9029,0.002596
28.4,-0.00044796,4.9029,0.0025838
28.41,-0.0004351,4.9029,0.0025716
28.42,-0.0004223,4.9029,0.0025595
28.43,-0.00040956,4.9029,0.0025474
28.44,-0.00039689,4.9029,0.0025354
28.45,-0.00038427,4.9029,0.0025233
28.46,-0.00037171,4.9029,0.0025114
28.47,-0.00035922,4.9029,0.0024994
28.48,-0.00034678,4.9029,0.0024875
28.49,-0.0003344,4.9029,0.0024756
28.5,-0.00032208,4.9029,0.0024638
28.51,-0.00030982,4.9029,0.002452
28.52,-0.00029762,4.9029,0.0024402
28.53,-0.00028548,4.9029,0.0024285
28.54,-0.00027339,4.9029,0.0024168
28.55,-0.00026137,4.9029,0.0024051
28.56,-0.0002494,4.9029,0.0023935
28.57,-0.00023749,4.9029,0.0023819
28.58,-0.00022564,4.9029,0.0023703
28.59,-0.00021385,4.9029,0.0023588
28.6,-0.00020211,4.9029,0.0023473
28.61,-0.00019043,4.9029,0.0023358
28.62,-0.00017881,4.9029,0.0023244
28.63,-0.00016724,4.9029,0.002313
28.64,-0.00015574,4.9029,0.0023017
28.65,-0.00014428,4.9029,0.0022903
28.66,-0.00013289,4.9029,0.002279
28.67,-0.00012155,4.9029,0.0022678
28.68,-0.00011027,4.9029,0.0022566
28.69,-9.9039e-05,4.9029,0.0022454
28.7,-8.7868e-05,4.9029,0.0022342
28.71,-7.6753e-05,4.9029,0.0022231
28.72,-6.5693e-05,4.9029,0.002212
28.73,-5.4688e-05,4.9029,0.002201
28.74,-4.3738e-05,4.9029,0.0021899
28.75,-3.2844e-05,4.9029,0.0021789
28.76,-2.2004e-05,4.9029,0.002168
28.77,-1.1218e-05,4.9029,0.0021571
28.78,-4.875e-07,4.9029,0.0021462
28.79,1.0189e-05,4.9029,0.0021353
28.8,2.0812e-05,4.9029,0.0021245
28.81,3.138e-05,4.9029,0.0021137
28.82,4.1895e-05,4.9029,0.002103
28.83,5.2356e-05,4.9029,0.0020922
28.84,6.2764e-05,4.9029,0.0020815
28.85,7.3118e-05,4.9029,0.0020709
28.86,8.342e-05,4.9029,0.0020603
28.87,9.3668e-05,4.9029,0.0020497
28.88,0.00010386,4.9029,0.0020391
28.89,0.00011401,4.9029,0.0020286
28.9,0.0001241,4.9029,0.0020181
28.91,0.00013413,4.9029,0.0020076
28.92,0.00014412,4.9029,0.0019972
28.93,0.00015405,4.9029,0.0019868
28.94,0.00016394,4.9029,0.0019764
28.95,0.00017377,4.9029,0.0019661
28.96,0.00018355,4.9029,0.0019558
28.97,0.00019327,4.9029,0.0019455
28.98,0.00020295,4.9029,0.0019353
28.99,0.00021258,4.9029,0.0019251
29,0.00022215,4.9029,0.0019149
29.01,0.00023167,4.9029,0.0019048
29.02,0.00024115,4.9029,0.0018947
29.03,0.00025057,4.9029,0.0018846
29.04,0.00025994,4.9029,0.0018745
29.05,0.00026927,4.9029,0.0018645
29.06,0.00027854,4.9029,0.0018546
29.07,0.00028776,4.9029,0.0018446
29.08,0.00029694,4.9029,0.0018347
29.09,0.00030606,4.9029,0.0018248
29.1,0.00031513,4.9029,0.0018149
29.11,0.00032416,4.9029,0.0018051
29.12,0.00033314,4.9029,0.0017953
29.13,0.00034206,4.9029,0.0017856
29.14,0.00035094,4.9029,0.0017758
29.15,0.00035977,4.9029,0.0017661
29.16,0.00036856,4.9029,0.0017565
29.17,0.00037729,4.9029,0.0017468
29.18,0.00038598,4.9029,0.0017372
29.19,0.00039461,4.9029,0.0017276
29.2,0.00040321,4.9029,0.0017181
29.21,0.00041175,4.9029,0.0017086
29.22,0.00042024,4.9029,0.0016991
29.23,0.00042869,4.9029,0.0016896
29.24,0.00043709,4.9029,0.0016802
29.25,0.00044545,4.9029,0.0016708
29.26,0.00045375,4.9029,0.0016615
29.27,0.00046202,4.9029,0.0016521
29.28,0.00047023,4.9029,0.0016428
29.29,0.0004784,4.9029,0.0016336
29.3,0.00048652,4.9029,0.0016243
29.31,0.00049459,4.9029,0.0016151
29.32,0.00050262,4.9029,0.0016059
29.33,0.00051061,4.9029,0.0015968
29.34,0.00051855,4.9029,0.0015877
29.35,0.00052644,4.9029,0.0015786
29.36,0.00053429,4.9029,0.0015695
29.37,0.00054209,4.9029,0.0015605
29.38,0.00054985,4.9029,0.0015515
29.39,0.00055756,4.9029,0.0015425
29.4,0.00056523,4.9029,0.0015336
29.41,0.00057285,4.9029,0.0015247
29.42,0.00058043,4.9029,0.0015158
29.43,0.00058796,4.903,0.0015069
29.44,0.00059545,4.903,0.0014981
29.45,0.0006029,4.903,0.0014893
29.46,0.0006103,4.903,0.0014805
29.47,0.00061766,4.903,0.0014718
29.48,0.00062498,4.903,0.0014631
29.49,0.00063225,4.903,0.0014544
29.5,0.00063948,4.903,0.0014458
29.51,0.00064666,4.903,0.0014371
29.52,0.00065381,4.903,0.0014286
29.53,0.00066091,4.903,0.00142
29.54,0.00066796,4.903,0.0014115
29.55,0.00067498,4.903,0.001403
29.56,0.00068195,4.903,0.0013945
29.57,0.00068888,4.903,0.001386
29.58,0.00069577,4.903,0.0013776
29.59,0.00070262,4.903,0.0013692
29.6,0.00070942,4.903,0.0013609
29.61,0.00071618,4.903,0.0013525
29.62,0.0007229,4.903,0.0013442
29.63,0.00072958,4.903,0.001336
29.64,0.00073622,4.903,0.0013277
29.65,0.00074282,4.903,0.0013195
29.66,0.00074938,4.903,0.0013113
29.67,0.00075589,4.903,0.0013031
29.68,0.00076237,4.903,0.001295
29.69,0.0007688,4.903,0.0012869
29.7,0.0007752,4.903,0.0012788
29.71,0.00078155,4.903,0.0012708
29.72,0.00078786,4.903,0.0012627
29.73,0.00079414,4.903,0.0012547
29.74,0.00080037,4.903,0.0012468
29.75,0.00080656,4.903,0.0012388
29.76,0.00081272,4.903,0.0012309
29.77,0.00081883,4.903,0.001223
29.78,0.00082491,4.903,0.0012152
29.79,0.00083095,4.903,0.0012073
29.8,0.00083694,4.903,0.0011995
29.81,0.0008429,4.903,0.0011917
29.82,0.00084882,4.903,0.001184
29.83,0.0008547,4.903,0.0011763
29.84,0.00086055,4.903,0.0011686
29.85,0.00086635,4.903,0.0011609
29.86,0.00087212,4.903,0.0011533
29.87,0.00087785,4.903,0.0011457
29.88,0.00088354,4.903,0.0011381
29.89,0.00088919,4.903,0.0011305
29.9,0.0008948,4.903,0.001123
29.91,0.00090038,4.903,0.0011155
29.92,0.00090592,4.903,0.001108
29.93,0.00091142,4.903,0.0011005
29.94,0.00091689,4.903,0.0010931
29.95,0.00092232,4.903,0.0010857
29.96,0.00092771,4.903,0.0010783
29.97,0.00093306,4.903,0.001071
29.98,0.00093838,4.903,0.0010636
29.99,0.00094366,4.903,0.0010563
30,0.00094891,4.903,0.0010491
