t,r
0,1000
0.01,1104.5
0.02,1207.4
0.03,1306.9
0.04,1401.5
0.05,1491
0.06,1575.3
0.07,1654.4
0.08,1727.9
0.09,1796.1
0.1,1859
0.11,1917
0.12,1970.3
0.13,2019
0.14,2063.6
0.15,2104.2
0.16,2141
0.17,2174.3
0.18,2204.3
0.19,2231.3
0.2,2255.6
0.21,2277.3
0.22,2296.7
0.23,2313.9
0.24,2329.2
0.25,2342.8
0.26,2355
0.27,2366
0.28,2375.8
0.29,2384.5
0.3,2392.3
0.31,2399.2
0.32,2405.4
0.33,2410.9
0.34,2416.1
0.35,2421.2
0.36,2426.1
0.37,2431
0.38,2435.7
0.39,2440.4
0.4,2444.9
0.41,2449.4
0.42,2453.8
0.43,2458.2
0.44,2462.7
0.45,2467.3
0.46,2471.9
0.47,2476.6
0.48,2481.4
0.49,2486.2
0.5,2490.9
0.51,2495.7
0.52,2500.5
0.53,2505.3
0.54,2510.4
0.55,2515.7
0.56,2521.3
0.57,2527.1
0.58,2533
0.59,2539.1
0.6,2545.4
0.61,2551.7
0.62,2558
0.63,2564.4
0.64,2570.9
0.65,2577.3
0.66,2583.8
0.67,2590.5
0.68,2597.5
0.69,2604.8
0.7,2612.2
0.71,2619.8
0.72,2627.5
0.73,2635.3
0.74,2643.2
0.75,2651.1
0.76,2659.1
0.77,2667
0.78,2675
0.79,2682.9
0.8,2690.9
0.81,2698.8
0.82,2706.6
0.83,2714.5
0.84,2722.4
0.85,2730.5
0.86,2738.6
0.87,2746.9
0.88,2755.3
0.89,2763.7
0.9,2772.1
0.91,2780.5
0.92,2789
0.93,2797.4
0.94,2805.8
0.95,2814.1
0.96,2822.3
0.97,2830.5
0.98,2838.5
0.99,2846.5
1,2854.4
1.01,2862.3
1.02,2870.1
1.03,2877.8
1.04,2885.4
1.05,2893
1.06,2900.5
1.07,2907.9
1.08,2915.4
1.09,2923.1
1.1,2930.8
1.11,2938.9
1.12,2947.3
1.13,2955.9
1.14,2964.6
1.15,2973.4
1.16,2982.2
1.17,2991.1
1.18,3000.2
1.19,3009.4
1.2,3018.6
1.21,3028.1
1.22,3037.8
1.23,3047.7
1.24,3057.6
1.25,3067.5
1.26,3077.5
1.27,3087.5
1.28,3097.4
1.29,3107.5
1.3,3118.1
1.31,3128.9
1.32,3139.9
1.33,3151
1.34,3162.3
1.35,3173.5
1.36,3184.8
1.37,3196.1
1.38,3207.4
1.39,3218.6
1.4,3229.9
1.41,3241.4
1.42,3253.3
1.43,3265.3
1.44,3277.6
1.45,3289.9
1.46,3302.2
1.47,3314.6
1.48,3327
1.49,3339.5
1.5,3352.2
1.51,3365
1.52,3377.8
1.53,3390.6
1.54,3403.5
1.55,3416.3
1.56,3429.2
1.57,3442
1.58,3454.8
1.59,3467.7
1.6,3480.6
1.61,3493.7
1.62,3506.7
1.63,3519.8
1.64,3532.8
1.65,3545.9
1.66,3558.9
1.67,3572
1.68,3585
1.69,3598
1.7,3610.9
1.71,3623.7
1.72,3636.3
1.73,3648.8
1.74,3661.3
1.75,3673.7
1.76,3686
1.77,3698.3
1.78,3710.5
1.79,3722.7
1.8,3734.9
1.81,3747
1.82,3759.2
1.83,3771.8
1.84,3784.5
1.85,3797.3
1.86,3810.2
1.87,3823.1
1.88,3835.9
1.89,3848.7
1.9,3861.5
1.91,3874.3
1.92,3887
1.93,3899.7
1.94,3912.4
1.95,3925
1.96,3937.6
1.97,3950.1
1.98,3962.6
1.99,3975.1
2,3987.6
2.01,4000
2.02,4012.4
2.03,4024.7
2.04,4037
2.05,4049.3
2.06,4061.6
2.07,4073.9
2.08,4086.1
2.09,4098.2
2.1,4110.4
2.11,4122.5
2.12,4134.6
2.13,4146.6
2.14,4158.6
2.15,4170.6
2.16,4182.6
2.17,4194.5
2.18,4206.4
2.19,4218.3
2.2,4230.1
2.21,4241.9
2.22,4253.7
2.23,4265.4
2.24,4277.1
2.25,4288.8
2.26,4300.5
2.27,4312.1
2.28,4323.7
2.29,4335.2
2.3,4346.8
2.31,4358.3
2.32,4369.7
2.33,4381.2
2.34,4392.6
2.35,4404
2.36,4415.2
2.37,4426.2
2.38,4437.2
2.39,4448
2.4,4458.8
2.41,4469.5
2.42,4480.1
2.43,4490.7
2.44,4501.2
2.45,4511.7
2.46,4522.2
2.47,4532.5
2.48,4542.9
2.49,4553.2
2.5,4563.4
2.51,4573.6
2.52,4583.8
2.53,4593.9
2.54,4604
2.55,4614
2.56,4624
2.57,4333.1
2.58,4110.7
2.59,3936.7
2.6,3800
2.61,3692
2.62,3605.8
2.63,3535.9
2.64,3478.7
2.65,3433.1
2.66,3397.3
2.67,3369.4
2.68,3348.5
2.69,3332.9
2.7,3321.4
2.71,3314
2.72,3309.6
2.73,3307.4
2.74,3306.8
2.75,3307.4
2.76,3308.8
2.77,3310.9
2.78,3313.5
2.79,3316.5
2.8,3319.8
2.81,3323.4
2.82,3327.5
2.83,3331.7
2.84,3336.1
2.85,3340.6
2.86,3345.1
2.87,3349.7
2.88,3354.4
2.89,3359
2.9,3363.7
2.91,3368.4
2.92,3373.1
2.93,3377.8
2.94,3382.4
2.95,3387.1
2.96,3391.8
2.97,3396.5
2.98,3401.2
2.99,3405.8
3,3410.5
3.01,3415.2
3.02,3419.8
3.03,3424.6
3.04,3429.4
3.05,3434.2
3.06,3439
3.07,3443.9
3.08,3448.7
3.09,3453.6
3.1,3458.4
3.11,3463.3
3.12,3468.1
3.13,3473
3.14,3477.8
3.15,3482.7
3.16,3487.5
3.17,3492.3
3.18,3497.2
3.19,3502
3.2,3506.8
3.21,3511.6
3.22,3516.5
3.23,3521.3
3.24,3526.1
3.25,3530.9
3.26,3535.7
3.27,3540.5
3.28,3545.3
3.29,3550.1
3.3,3554.9
3.31,3559.8
3.32,3564.6
3.33,3569.5
3.34,3574.4
3.35,3579.3
3.36,3584.2
3.37,3589.1
3.38,3594.1
3.39,3599
3.4,3603.9
3.41,3608.7
3.42,3613.5
3.43,3618.2
3.44,3623
3.45,3627.7
3.46,3632.4
3.47,3637.1
3.48,3641.8
3.49,3646.5
3.5,3651.1
3.51,3655.8
3.52,3660.5
3.53,3665.1
3.54,3669.8
3.55,3674.4
3.56,3679.1
3.57,3683.7
3.58,3688.3
3.59,3692.9
3.6,3697.5
3.61,3702.2
3.62,3706.8
3.63,3711.3
3.64,3715.9
3.65,3720.5
3.66,3725.1
3.67,3729.7
3.68,3734.2
3.69,3738.8
3.7,3743.3
3.71,3747.9
3.72,3752.4
3.73,3757
3.74,3761.5
3.75,3766
3.76,3770.5
3.77,3775
3.78,3779.5
3.79,3784
3.8,3788.5
3.81,3793
3.82,3797.5
3.83,3802
3.84,3806.5
3.85,3810.9
3.86,3815.4
3.87,3819.8
3.88,3824.3
3.89,3828.7
3.9,3833.2
3.91,3837.6
3.92,3842.2
3.93,3846.9
3.94,3851.7
3.95,3856.5
3.96,3861.2
3.97,3866
3.98,3870.8
3.99,3875.6
4,3880.4
4.01,3885.1
4.02,3889.9
4.03,3894.7
4.04,3899.4
4.05,3904.2
4.06,3908.9
4.07,3913.7
4.08,3918.4
4.09,3923.1
4.1,3927.9
4.11,3932.6
4.12,3937.3
4.13,3942
4.14,3946.7
4.15,3951.4
4.16,3956.1
4.17,3960.8
4.18,3965.4
4.19,3970.1
4.2,3974.8
4.21,3979.4
4.22,3984.1
4.23,3988.7
4.24,3993.4
4.25,3998
4.26,4002.7
4.27,4007.3
4.28,4011.9
4.29,4016.6
4.3,4021.2
4.31,4025.8
4.32,4030.4
4.33,4035
4.34,4039.6
4.35,4044.2
4.36,4048.8
4.37,4053.4
4.38,4058
4.39,4062.5
4.4,4067.1
4.41,4071.7
4.42,4076.2
4.43,4080.8
4.44,4085.3
4.45,4089.9
4.46,4094.4
4.47,4099
4.48,4103.5
4.49,4108
4.5,4112.5
4.51,4117.1
4.52,4121.6
4.53,4126.1
4.54,4130.6
4.55,4135.1
4.56,4139.5
4.57,4144
4.58,4148.5
4.59,4153
4.6,4157.5
4.61,4161.9
4.62,4166.4
4.63,4170.8
4.64,4175.3
4.65,4179.7
4.66,4184.2
4.67,4188.6
4.68,4193
4.69,4197.4
4.7,4201.9
4.71,4206.3
4.72,4210.7
4.73,4215.1
4.74,4219.5
4.75,4223.9
4.76,4228.3
4.77,4232.7
4.78,4237
4.79,4241.4
4.8,4245.8
4.81,4250.1
4.82,4254.5
4.83,4258.9
4.84,4263.2
4.85,4267.6
4.86,4271.9
4.87,4276.2
4.88,4280.6
4.89,4284.9
4.9,4289.2
4.91,4293.5
4.92,4297.8
4.93,4302.1
4.94,4306.4
4.95,4310.7
4.96,4315
4.97,4319.3
4.98,4323.6
4.99,4327.9
5,4332.2
5.01,4336.4
5.02,4340.7
5.03,4344.9
5.04,4349.2
5.05,4353.4
5.06,4357.7
5.07,4361.9
5.08,4366.2
5.09,4370.4
5.1,4374.6
5.11,4378.8
5.12,4383.1
5.13,4387.3
5.14,4391.5
5.15,4395.7
5.16,4399.9
5.17,4404
5.18,4408.2
5.19,4412.2
5.2,4416.3
5.21,4420.3
5.22,4424.3
5.23,4428.3
5.24,4432.2
5.25,4436.2
5.26,4440.2
5.27,4444.1
5.28,4448.1
5.29,4452
5.3,4455.9
5.31,4459.8
5.32,4463.8
5.33,4467.7
5.34,4471.6
5.35,4475.5
5.36,4479.3
5.37,4483.2
5.38,4487.1
5.39,4491
5.4,4494.8
5.41,4498.7
5.42,4502.5
5.43,4506.3
5.44,4510.2
5.45,4514
5.46,4517.8
5.47,4521.6
5.48,4525.4
5.49,4529.2
5.5,4533
5.51,4536.8
5.52,4540.5
5.53,4544.3
5.54,4548.1
5.55,4551.8
5.56,4555.5
5.57,4559.3
5.58,4563
5.59,4566.7
5.6,4570.5
5.61,4574.2
5.62,4577.9
5.63,4581.6
5.64,4585.3
5.65,4588.9
5.66,4592.6
5.67,4596.3
5.68,4600
5.69,4603.6
5.7,4607.3
5.71,4610.9
5.72,4614.5
5.73,4618.2
5.74,4621.8
5.75,4625.4
5.76,4629
5.77,4632.6
5.78,4636.2
5.79,4639.8
5.8,4643.4
5.81,4647
5.82,4650.6
5.83,4654.1
5.84,4657.7
5.85,4661.2
5.86,4664.8
5.87,4668.3
5.88,4671.9
5.89,4675.4
5.9,4678.9
5.91,4682.4
5.92,4685.9
5.93,4689.4
5.94,4692.9
5.95,4696.4
5.96,4699.9
5.97,4703.4
5.98,4706.8
5.99,4710.3
6,4713.8
6.01,4717.2
6.02,4720.7
6.03,4724.1
6.04,4727.5
6.05,4731
6.06,4734.4
6.07,4737.8
6.08,4741.2
6.09,4744.6
6.1,4748
6.11,4751.4
6.12,4754.8
6.13,4758.2
6.14,4761.5
6.15,4764.9
6.16,4768.3
6.17,4481.8
6.18,4265.6
6.19,4097.4
6.2,3964.5
6.21,3862.1
6.22,3784.7
6.23,3727.6
6.24,3687.3
6.25,3659.5
6.26,3641.6
6.27,3630.6
6.28,3624.2
6.29,3620.7
6.3,3619
6.31,3618.7
6.32,3619.2
6.33,3620.3
6.34,3621.8
6.35,3623.5
6.36,3625.3
6.37,3627.3
6.38,3629.3
6.39,3631.3
6.4,3633.3
6.41,3635.4
6.42,3637.5
6.43,3639.5
6.44,3641.6
6.45,3643.7
6.46,3645.8
6.47,3647.9
6.48,3649.9
6.49,3652
6.5,3654.1
6.51,3656.2
6.52,3658.2
6.53,3660.3
6.54,3662.4
6.55,3664.5
6.56,3666.5
6.57,3668.6
6.58,3670.6
6.59,3672.7
6.6,3674.8
6.61,3676.8
6.62,3678.9
6.63,3680.9
6.64,3683
6.65,3685.1
6.66,3687.1
6.67,3689.2
6.68,3691.2
6.69,3693.3
6.7,3695.3
6.71,3697.4
6.72,3699.4
6.73,3701.4
6.74,3703.5
6.75,3705.5
6.76,3707.6
6.77,3709.6
6.78,3711.6
6.79,3713.7
6.8,3715.7
6.81,3717.7
6.82,3719.7
6.83,3721.8
6.84,3723.8
6.85,3725.8
6.86,3727.8
6.87,3729.9
6.88,3731.9
6.89,3733.9
6.9,3735.9
6.91,3737.9
6.92,3740
6.93,3742
6.94,3744
6.95,3746
6.96,3748
6.97,3750
6.98,3752
6.99,3754
7,3756
7.01,3758
7.02,3760
7.03,3762
7.04,3764
7.05,3766
7.06,3768
7.07,3770
7.08,3772
7.09,3774
7.1,3776
7.11,3777.9
7.12,3779.9
7.13,3781.9
7.14,3783.9
7.15,3785.9
7.16,3787.9
7.17,3789.8
7.18,3791.8
7.19,3793.8
7.2,3795.8
7.21,3797.7
7.22,3799.7
7.23,3801.7
7.24,3803.6
7.25,3805.6
7.26,3807.6
7.27,3809.5
7.28,3811.5
7.29,3813.5
7.3,3815.4
7.31,3817.4
7.32,3819.3
7.33,3821.3
7.34,3823.2
7.35,3825.2
7.36,3827.1
7.37,3829.1
7.38,3831
7.39,3833
7.4,3834.9
7.41,3836.9
7.42,3838.8
7.43,3840.8
7.44,3842.7
7.45,3844.6
7.46,3846.6
7.47,3848.5
7.48,3850.4
7.49,3852.4
7.5,3854.3
7.51,3856.2
7.52,3858.2
7.53,3860.1
7.54,3862
7.55,3864
7.56,3866
7.57,3868.1
7.58,3870.1
7.59,3872.2
7.6,3874.3
7.61,3876.4
7.62,3878.5
7.63,3880.6
7.64,3882.7
7.65,3884.8
7.66,3886.9
7.67,3888.9
7.68,3891
7.69,3893.1
7.7,3895.2
7.71,3897.3
7.72,3899.4
7.73,3901.4
7.74,3903.5
7.75,3905.6
7.76,3907.7
7.77,3909.7
7.78,3911.8
7.79,3913.9
7.8,3915.9
7.81,3918
7.82,3920.1
7.83,3922.1
7.84,3924.2
7.85,3926.3
7.86,3928.3
7.87,3930.4
7.88,3932.4
7.89,3934.5
7.9,3936.5
7.91,3938.6
7.92,3940.6
7.93,3942.7
7.94,3944.7
7.95,3946.8
7.96,3948.8
7.97,3950.9
7.98,3952.9
7.99,3955
8,3957
8.01,3959
8.02,3961.1
8.03,3963.1
8.04,3965.1
8.05,3967.2
8.06,3969.2
8.07,3971.2
8.08,3973.3
8.09,3975.3
8.1,3977.3
8.11,3979.3
8.12,3981.4
8.13,3983.4
8.14,3985.4
8.15,3987.4
8.16,3989.4
8.17,3991.5
8.18,3993.5
8.19,3995.5
8.2,3997.5
8.21,3999.5
8.22,4001.5
8.23,4003.5
8.24,4005.5
8.25,4007.6
8.26,4009.6
8.27,4011.6
8.28,4013.6
8.29,4015.6
8.3,4017.6
8.31,4019.6
8.32,4021.6
8.33,4023.6
8.34,4025.6
8.35,4027.6
8.36,4029.6
8.37,4031.6
8.38,4033.6
8.39,4035.5
8.4,4037.5
8.41,4039.5
8.42,4041.5
8.43,4043.5
8.44,4045.5
8.45,4047.5
8.46,4049.5
8.47,4051.4
8.48,4053.4
8.49,4055.4
8.5,4057.4
8.51,4059.3
8.52,4061.3
8.53,4063.3
8.54,4065.3
8.55,4067.2
8.56,4069.2
8.57,4071.2
8.58,4073.1
8.59,4075.1
8.6,4077.1
8.61,4079
8.62,4081
8.63,4083
8.64,4084.9
8.65,4086.9
8.66,4088.8
8.67,4090.8
8.68,4092.7
8.69,4094.7
8.7,4096.6
8.71,4098.6
8.72,4100.5
8.73,4102.5
8.74,4104.4
8.75,4106.4
8.76,4108.3
8.77,4110.3
8.78,4112.2
8.79,4114.1
8.8,4116.1
8.81,4118
8.82,4119.9
8.83,4121.9
8.84,4123.8
8.85,4125.7
8.86,4127.7
8.87,4129.6
8.88,4131.5
8.89,4133.5
8.9,4135.4
8.91,4137.3
8.92,4139.2
8.93,4141.2
8.94,4143.1
8.95,4145
8.96,4146.9
8.97,4148.8
8.98,4150.8
8.99,4152.7
9,4154.6
9.01,4156.5
9.02,4158.4
9.03,4160.3
9.04,4162.2
9.05,4164.1
9.06,4166
9.07,4167.9
9.08,4169.8
9.09,4171.7
9.1,4173.6
9.11,4175.5
9.12,4177.4
9.13,4179.3
9.14,4181.2
9.15,4183.1
9.16,4185
9.17,4186.9
9.18,4188.8
9.19,4190.7
9.2,4192.6
9.21,4194.5
9.22,4196.3
9.23,4198.2
9.24,4200.1
9.25,4202
9.26,4203.9
9.27,4205.8
9.28,4207.6
9.29,4209.5
9.3,4211.4
9.31,4213.3
9.32,4215.1
9.33,4217
9.34,4218.9
9.35,4220.8
9.36,4222.6
9.37,4224.5
9.38,4226.4
9.39,4228.2
9.4,4230.1
9.41,4231.9
9.42,4233.8
9.43,4235.7
9.44,4237.5
9.45,4239.4
9.46,4241.2
9.47,4243.1
9.48,4244.9
9.49,4246.8
9.5,4248.6
9.51,4250.5
9.52,4252.3
9.53,4254.2
9.54,4256
9.55,4257.9
9.56,4259.7
9.57,4261.6
9.58,4263.4
9.59,4265.3
9.6,4267.1
9.61,4268.9
9.62,4270.8
9.63,4272.6
9.64,4274.4
9.65,4276.3
9.66,4278.1
9.67,4279.9
9.68,4281.8
9.69,4283.6
9.7,4285.4
9.71,4287.2
9.72,4289.1
9.73,4290.9
9.74,4292.7
9.75,4294.5
9.76,4296.4
9.77,4298.2
9.78,4300
9.79,4301.8
9.8,4303.6
9.81,4305.4
9.82,4307.3
9.83,4309.1
9.84,4310.9
9.85,4312.7
9.86,4314.5
9.87,4316.3
9.88,4318.1
9.89,4319.9
9.9,4321.7
9.91,4323.5
9.92,4325.3
9.93,4327.1
9.94,4328.9
9.95,4330.7
9.96,4332.5
9.97,4334.3
9.98,4336.1
9.99,4337.9
10,4316.8
10.01,4176.8
10.02,4067.5
10.03,3975.8
10.04,3895.6
10.05,3823.6
10.06,3757.8
10.07,3696.8
10.08,3639.7
10.09,3394
10.1,3195.1
10.11,3043.8
10.12,2935.8
10.13,2854.8
10.14,2787.9
10.15,2729.6
10.16,2677.3
10.17,2629.4
10.18,2584.9
10.19,2543
10.2,2503.2
10.21,2465.3
10.22,2428.9
10.23,2393.9
10.24,2359.9
10.25,2326.9
10.26,2294.9
10.27,2263.6
10.28,2233
10.29,2203
10.3,2173.6
10.31,2144.8
10.32,2116.4
10.33,2088.5
10.34,2061
10.35,2033.8
10.36,2007.1
10.37,1980.6
10.38,1954.5
10.39,1928.6
10.4,1903.1
10.41,1877.8
10.42,1852.7
10.43,1827.9
10.44,1803.3
10.45,1778.9
10.46,1754.8
10.47,1730.8
10.48,1707
10.49,1683.4
10.5,1660
10.51,1636.7
10.52,1613.6
10.53,1590.7
10.54,1567.9
10.55,1545.3
10.56,1522.9
10.57,1500.7
10.58,1478.6
10.59,1456.6
10.6,1434.9
10.61,1413.2
10.62,1391.8
10.63,1370.4
10.64,1349.2
10.65,1328.2
10.66,1307.3
10.67,1286.5
10.68,1265.9
10.69,1245.4
10.7,1225
10.71,1204.8
10.72,1184.6
10.73,1164.6
10.74,1144.7
10.75,1124.9
10.76,1105.2
10.77,1085.5
10.78,1066
10.79,1046.6
10.8,1027.2
10.81,1008
10.82,988.85
10.83,969.79
10.84,950.83
10.85,931.95
10.86,913.16
10.87,894.47
10.88,875.86
10.89,857.33
10.9,838.9
10.91,820.55
10.92,802.29
10.93,784.11
10.94,766.02
10.95,748.01
10.96,730.08
10.97,712.24
10.98,694.47
10.99,676.8
11,659.2
11.01,641.68
11.02,624.24
11.03,606.89
11.04,600
11.05,600
11.06,600
11.07,600
11.08,600
11.09,600
11.1,600
11.11,600
11.12,600
11.13,600
11.14,600
11.15,600
11.16,600
11.17,600
11.18,600
11.19,600
11.2,600
11.21,600
11.22,600
11.23,600
11.24,600
11.25,600
11.26,600
11.27,600
11.28,600
11.29,600
11.3,600
11.31,600
11.32,600
11.33,600
11.34,600
11.35,600
11.36,600
11.37,600
11.38,600
11.39,600
11.4,600
11.41,600
11.42,600
11.43,600
11.44,600
11.45,600
11.46,600
11.47,600
11.48,600
11.49,600
11.5,600
11.51,600
11.52,600
11.53,600
11.54,600
11.55,600
11.56,600
11.57,600
11.58,600
11.59,600
11.6,600
11.61,600
11.62,600
11.63,600
11.64,600
11.65,600
11.66,600
11.67,600
11.68,600
11.69,600
11.7,600
11.71,600
11.72,600
11.73,600
11.74,600
11.75,600
11.76,600
11.77,600
11.78,600
11.79,600
11.8,600
11.81,600
11.82,600
11.83,600
11.84,600
11.85,600
11.86,600
11.87,600
11.88,600
11.89,600
11.9,600
11.91,600
11.92,600
11.93,600
11.94,600
11.95,600
11.96,600
11.97,600
11.98,600
11.99,600
12,600
12.01,600
12.02,600
12.03,600
12.04,600
12.05,600
12.06,600
12.07,600
12.08,600
12.09,600
12.1,600
12.11,600
12.12,600
12.13,600
12.14,600
12.15,600
12.16,600
12.17,600
12.18,600
12.19,600
12.2,600
12.21,600
12.22,600
12.23,600
12.24,600
12.25,600
12.26,600
12.27,600
12.28,600
12.29,600
12.3,600
12.31,600
12.32,600
12.33,600
12.34,600
12.35,600
12.36,600
12.37,600
12.38,600
12.39,600
12.4,600
12.41,600
12.42,600
12.43,600
12.44,600
12.45,600
12.46,600
12.47,600
12.48,600
12.49,600
12.5,600
12.51,600
12.52,600
12.53,600
12.54,600
12.55,600
12.56,600
12.57,600
12.58,600
12.59,600
12.6,600
12.61,600
12.62,600
12.63,600
12.64,600
12.65,600
12.66,600
12.67,600
12.68,600
12.69,600
12.7,600
12.71,600
12.72,600
12.73,600
12.74,600
12.75,600
12.76,600
12.77,600
12.78,600
12.79,600
12.8,600
12.81,600
12.82,600
12.83,600
12.84,600
12.85,600
12.86,600
12.87,600
12.88,600
12.89,600
12.9,600
12.91,600
12.92,600
12.93,600
12.94,600
12.95,600
12.96,600
12.97,600
12.98,600
12.99,600
13,600
13.01,600
13.02,600
13.03,600
13.04,600
13.05,600
13.06,600
13.07,600
13.08,600
13.09,600
13.1,600
13.11,600
13.12,600
13.13,600
13.14,600
13.15,600
13.16,600
13.17,600
13.18,600
13.19,600
13.2,600
13.21,600
13.22,600
13.23,600
13.24,600
13.25,600
13.26,600
13.27,600
13.28,600
13.29,600
13.3,600
13.31,600
13.32,600
13.33,600
13.34,600
13.35,600
13.36,600
13.37,600
13.38,600
13.39,600
13.4,600
13.41,600
13.42,600
13.43,600
13.44,600
13.45,600
13.46,600
13.47,600
13.48,600
13.49,600
13.5,600
13.51,600
13.52,600
13.53,600
13.54,600
13.55,600
13.56,600
13.57,600
13.58,600
13.59,600
13.6,600
13.61,600
13.62,600
13.63,600
13.64,600
13.65,600
13.66,600
13.67,600
13.68,600
13.69,600
13.7,600
13.71,600
13.72,600
13.73,600
13.74,600
13.75,600
13.76,600
13.77,600
13.78,600
13.79,600
13.8,600
13.81,600
13.82,600
13.83,600
13.84,600
13.85,600
13.86,600
13.87,600
13.88,600
13.89,600
13.9,600
13.91,600
13.92,600
13.93,600
13.94,600
13.95,600
13.96,600
13.97,600
13.98,600
13.99,600
14,600
14.01,600
14.02,600
14.03,600
14.04,600
14.05,600
14.06,600
14.07,600
14.08,600
14.09,600
14.1,600
14.11,600
14.12,600
14.13,600
14.14,600
14.15,600
14.16,600
14.17,600
14.18,600
14.19,600
14.2,600
14.21,600
14.22,600
14.23,600
14.24,600
14.25,600
14.26,600
14.27,600
14.28,600
14.29,600
14.3,600
14.31,600
14.32,600
14.33,600
14.34,600
14.35,600
14.36,600
14.37,600
14.38,600
14.39,600
14.4,600
14.41,600
14.42,600
14.43,600
14.44,600
14.45,600
14.46,600
14.47,600
14.48,600
14.49,600
14.5,600
14.51,600
14.52,600
14.53,600
14.54,600
14.55,600
14.56,600
14.57,600
14.58,600
14.59,600
14.6,600
14.61,600
14.62,600
14.63,600
14.64,600
14.65,600
14.66,600
14.67,600
14.68,600
14.69,600
14.7,600
14.71,600
14.72,600
14.73,600
14.74,600
14.75,600
14.76,600
14.77,600
14.78,600
14.79,600
14.8,600
14.81,600
14.82,600
14.83,600
14.84,600
14.85,600
14.86,600
14.87,600
14.88,600
14.89,600
14.9,600
14.91,600
14.92,600
14.93,600
14.94,600
14.95,600
14.96,600
14.97,600
14.98,600
14.99,600
15,600
15.01,600
15.02,600
15.03,600
15.04,600
15.05,600
15.06,600
15.07,600
15.08,600
15.09,600
15.1,600
15.11,600
15.12,600
15.13,600
15.14,600
15.15,600
15.16,600
15.17,600
15.18,600
15.19,600
15.2,600
15.21,600
15.22,600
15.23,600
15.24,600
15.25,600
15.26,600
15.27,600
15.28,600
15.29,600
15.3,600
15.31,600
15.32,600
15.33,600
15.34,600
15.35,600
15.36,600
15.37,600
15.38,600
15.39,600
15.4,600
15.41,600
15.42,600
15.43,600
15.44,600
15.45,600
15.46,600
15.47,600
15.48,600
15.49,600
15.5,600
15.51,600
15.52,600
15.53,600
15.54,600
15.55,600
15.56,600
15.57,600
15.58,600
15.59,600
15.6,600
15.61,600
15.62,600
15.63,600
15.64,600
15.65,600
15.66,600
15.67,600
15.68,600
15.69,600
15.7,600
15.71,600
15.72,600
15.73,600
15.74,600
15.75,600
15.76,600
15.77,600
15.78,600
15.79,600
15.8,600
15.81,600
15.82,600
15.83,600
15.84,600
15.85,600
15.86,600
15.87,600
15.88,600
15.89,600
15.9,600
15.91,600
15.92,600
15.93,600
15.94,600
15.95,600
15.96,600
15.97,600
15.98,600
15.99,600
16,600
16.01,600
16.02,600
16.03,600
16.04,600
16.05,600
16.06,600
16.07,600
16.08,600
16.09,600
16.1,600
16.11,600
16.12,600
16.13,600
16.14,600
16.15,600
16.16,600
16.17,600
16.18,600
16.19,600
16.2,600
16.21,600
16.22,600
16.23,600
16.24,600
16.25,600
16.26,600
16.27,600
16.28,600
16.29,600
16.3,600
16.31,600
16.32,600
16.33,600
16.34,600
16.35,600
16.36,600
16.37,600
16.38,600
16.39,600
16.4,600
16.41,600
16.42,600
16.43,600
16.44,600
16.45,600
16.46,600
16.47,600
16.48,600
16.49,600
16.5,600
16.51,600
16.52,600
16.53,600
16.54,600
16.55,600
16.56,600
16.57,600
16.58,600
16.59,600
16.6,600
16.61,600
16.62,600
16.63,600
16.64,600
16.65,600
16.66,600
16.67,600
16.68,600
16.69,600
16.7,600
16.71,600
16.72,600
16.73,600
16.74,600
16.75,600
16.76,600
16.77,600
16.78,600
16.79,600
16.8,600
16.81,600
16.82,600
16.83,600
16.84,600
16.85,600
16.86,600
16.87,600
16.88,600
16.89,600
16.9,600
16.91,600
16.92,600
16.93,600
16.94,600
16.95,600
16.96,600
16.97,600
16.98,600
16.99,600
17,600
17.01,600
17.02,600
17.03,600
17.04,600
17.05,600
17.06,600
17.07,600
17.08,600
17.09,600
17.1,600
17.11,600
17.12,600
17.13,600
17.14,600
17.15,600
17.16,600
17.17,600
17.18,600
17.19,600
17.2,600
17.21,600
17.22,600
17.23,600
17.24,600
17.25,600
17.26,600
17.27,600
17.28,600
17.29,600
17.3,600
17.31,600
17.32,600
17.33,600
17.34,600
17.35,600
17.36,600
17.37,600
17.38,600
17.39,600
17.4,600
17.41,600
17.42,600
17.43,600
17.44,600
17.45,600
17.46,600
17.47,600
17.48,600
17.49,600
17.5,600
17.51,600
17.52,600
17.53,600
17.54,600
17.55,600
17.56,600
17.57,600
17.58,600
17.59,600
17.6,600
17.61,600
17.62,600
17.63,600
17.64,600
17.65,600
17.66,600
17.67,600
17.68,600
17.69,600
17.7,600
17.71,600
17.72,600
17.73,600
17.74,600
17.75,600
17.76,600
17.77,600
17.78,600
17.79,600
17.8,600
17.81,600
17.82,600
17.83,600
17.84,600
17.85,600
17.86,600
17.87,600
17.88,600
17.89,600
17.9,600
17.91,600
17.92,600
17.93,600
17.94,600
17.95,600
17.96,600
17.97,600
17.98,600
17.99,600
18,600
18.01,600
18.02,600
18.03,600
18.04,600
18.05,600
18.06,600
18.07,600
18.08,600
18.09,600
18.1,600
18.11,600
18.12,600
18.13,600
18.14,600
18.15,600
18.16,600
18.17,600
18.18,600
18.19,600
18.2,600
18.21,600
18.22,600
18.23,600
18.24,600
18.25,600
18.26,600
18.27,600
18.28,600
18.29,600
18.3,600
18.31,600
18.32,600
18.33,600
18.34,600
18.35,600
18.36,600
18.37,600
18.38,600
18.39,600
18.4,600
18.41,600
18.42,600
18.43,600
18.44,600
18.45,600
18.46,600
18.47,600
18.48,600
18.49,600
18.5,600
18.51,600
18.52,600
18.53,600
18.54,600
18.55,600
18.56,600
18.57,600
18.58,600
18.59,600
18.6,600
18.61,600
18.62,600
18.63,600
18.64,600
18.65,600
18.66,600
18.67,600
18.68,600
18.69,600
18.7,600
18.71,600
18.72,600
18.73,600
18.74,600
18.75,600
18.76,600
18.77,600
18.78,600
18.79,600
18.8,600
18.81,600
18.82,600
18.83,600
18.84,600
18.85,600
18.86,600
18.87,600
18.88,600
18.89,600
18.9,600
18.91,600
18.92,600
18.93,600
18.94,600
18.95,600
18.96,600
18.97,600
18.98,600
18.99,600
19,600
19.01,600
19.02,600
19.03,600
19.04,600
19.05,600
19.06,600
19.07,600
19.08,600
19.09,600
19.1,600
19.11,600
19.12,600
19.13,600
19.14,600
19.15,600
19.16,600
19.17,600
19.18,600
19.19,600
19.2,600
19.21,600
19.22,600
19.23,600
19.24,600
19.25,600
19.26,600
19.27,600
19.28,600
19.29,600
19.3,600
19.31,600
19.32,600
19.33,600
19.34,600
19.35,600
19.36,600
19.37,600
19.38,600
19.39,600
19.4,600
19.41,600
19.42,600
19.43,600
19.44,600
19.45,600
19.46,600
19.47,600
19.48,600
19.49,600
19.5,600
19.51,600
19.52,600
19.53,600
19.54,600
19.55,600
19.56,600
19.57,600
19.58,600
19.59,600
19.6,600
19.61,600
19.62,600
19.63,600
19.64,600
19.65,600
19.66,600
19.67,600
19.68,600
19.69,600
19.7,600
19.71,600
19.72,600
19.73,600
19.74,600
19.75,600
19.76,600
19.77,600
19.78,600
19.79,600
19.8,600
19.81,600
19.82,600
19.83,600
19.84,600
19.85,600
19.86,600
19.87,600
19.88,600
19.89,600
19.9,600
19.91,600
19.92,600
19.93,600
19.94,600
19.95,600
19.96,600
19.97,600
19.98,600
19.99,600
20,614.88
20.01,731.35
20.02,852.38
20.03,978.12
20.04,1108.7
20.05,1244
20.06,1381.5
20.07,1519.9
20.08,1658.5
20.09,1800.5
20.1,1943.1
20.11,2086.1
20.12,2229
20.13,2371.1
20.14,2511.1
20.15,2647.1
20.16,2775.8
20.17,2892.3
20.18,2990.3
20.19,3064.6
20.2,3117.6
20.21,3155.6
20.22,3182.8
20.23,3202.8
20.24,3217.6
20.25,3228.9
20.26,3238
20.27,3245.4
20.28,3251.6
20.29,3256.7
20.3,3261.1
20.31,3264.9
20.32,3268.3
20.33,3271.3
20.34,3274.1
20.35,3276.6
20.36,3279
20.37,3281.3
20.38,3283.5
20.39,3285.6
20.4,3287.7
20.41,3289.7
20.42,3291.7
20.43,3293.7
20.44,3295.7
20.45,3297.6
20.46,3299.6
20.47,3301.5
20.48,3303.4
20.49,3305.3
20.5,3307.2
20.51,3309.1
20.52,3311
20.53,3312.9
20.54,3314.8
20.55,3316.7
20.56,3318.6
20.57,3320.5
20.58,3322.4
20.59,3324.3
20.6,3326.2
20.61,3328.1
20.62,3330
20.63,3331.9
20.64,3333.8
20.65,3335.7
20.66,3337.6
20.67,3339.7
20.68,3341.7
20.69,3343.8
20.7,3345.9
20.71,3348
20.72,3350.1
20.73,3352.3
20.74,3354.4
20.75,3356.5
20.76,3358.7
20.77,3360.8
20.78,3362.9
20.79,3365
20.8,3367.2
20.81,3369.3
20.82,3371.4
20.83,3373.6
20.84,3375.7
20.85,3377.8
20.86,3379.9
20.87,3382.1
20.88,3384.2
20.89,3386.3
20.9,3388.4
20.91,3390.5
20.92,3392.6
20.93,3394.8
20.94,3396.9
20.95,3399
20.96,3401.1
20.97,3403.2
20.98,3405.3
20.99,3407.4
21,3409.5
21.01,3411.6
21.02,3413.7
21.03,3415.9
21.04,3418
21.05,3420.1
21.06,3422.2
21.07,3424.3
21.08,3426.4
21.09,3428.5
21.1,3430.6
21.11,3432.6
21.12,3434.7
21.13,3436.8
21.14,3438.9
21.15,3441
21.16,3443.1
21.17,3445.2
21.18,3447.3
21.19,3449.4
21.2,3451.6
21.21,3453.7
21.22,3455.9
21.23,3458
21.24,3460.2
21.25,3462.4
21.26,3464.6
21.27,3466.8
21.28,3468.9
21.29,3471.1
21.3,3473.3
21.31,3475.5
21.32,3477.7
21.33,3479.8
21.34,3482
21.35,3484.2
21.36,3486.4
21.37,3488.5
21.38,3490.7
21.39,3492.9
21.4,3495.1
21.41,3497.2
21.42,3499.4
21.43,3501.6
21.44,3503.7
21.45,3505.9
21.46,3508.1
21.47,3510.2
21.48,3512.4
21.49,3514.6
21.5,3516.7
21.51,3518.9
21.52,3521.1
21.53,3523.2
21.54,3525.4
21.55,3527.5
21.56,3529.7
21.57,3531.9
21.58,3534
21.59,3536.2
21.6,3538.3
21.61,3540.5
21.62,3542.6
21.63,3544.8
21.64,3546.9
21.65,3549.1
21.66,3551.2
21.67,3553.4
21.68,3555.5
21.69,3557.7
21.7,3559.8
21.71,3562
21.72,3564.1
21.73,3566.3
21.74,3568.4
21.75,3570.5
21.76,3572.7
21.77,3574.8
21.78,3577
21.79,3579.1
21.8,3581.2
21.81,3583.4
21.82,3585.5
21.83,3587.6
21.84,3589.8
21.85,3592
21.86,3594.1
21.87,3596.3
21.88,3598.5
21.89,3600.7
21.9,3602.9
21.91,3605
21.92,3607.1
21.93,3609.3
21.94,3611.4
21.95,3613.5
21.96,3615.6
21.97,3617.7
21.98,3619.8
21.99,3621.9
22,3624
22.01,3626.1
22.02,3628.2
22.03,3630.3
22.04,3632.4
22.05,3634.5
22.06,3636.6
22.07,3638.7
22.08,3640.8
22.09,3642.8
22.1,3644.9
22.11,3647
22.12,3649.1
22.13,3651.2
22.14,3653.2
22.15,3655.3
22.16,3657.4
22.17,3659.5
22.18,3661.5
22.19,3663.6
22.2,3665.7
22.21,3667.7
22.22,3669.8
22.23,3671.9
22.24,3673.9
22.25,3676
22.26,3678
22.27,3680.1
22.28,3682.2
22.29,3684.2
22.3,3686.3
22.31,3688.3
22.32,3690.4
22.33,3692.4
22.34,3694.5
22.35,3696.5
22.36,3698.6
22.37,3700.6
22.38,3702.6
22.39,3704.7
22.4,3706.7
22.41,3708.8
22.42,3710.8
22.43,3712.8
22.44,3714.9
22.45,3716.9
22.46,3718.9
22.47,3720.9
22.48,3723
22.49,3725
22.5,3727
22.51,3729
22.52,3731.1
22.53,3733.1
22.54,3735.1
22.55,3737.1
22.56,3739.1
22.57,3741.1
22.58,3743.2
22.59,3745.2
22.6,3747.2
22.61,3749.2
22.62,3751.2
22.63,3753.2
22.64,3755.2
22.65,3757.2
22.66,3759.2
22.67,3761.2
22.68,3763.2
22.69,3765.2
22.7,3767.2
22.71,3769.2
22.72,3771.2
22.73,3773.2
22.74,3775.1
22.75,3777.1
22.76,3779.1
22.77,3781.1
22.78,3783.1
22.79,3785.1
22.8,3787
22.81,3789
22.82,3791
22.83,3793
22.84,3794.9
22.85,3796.9
22.86,3798.9
22.87,3800.9
22.88,3802.8
22.89,3804.8
22.9,3806.8
22.91,3808.7
22.92,3810.7
22.93,3812.6
22.94,3814.6
22.95,3816.6
22.96,3818.5
22.97,3820.5
22.98,3822.4
22.99,3824.4
23,3826.3
23.01,3828.3
23.02,3830.2
23.03,3832.2
23.04,3834.1
23.05,3836.1
23.06,3838
23.07,3840
23.08,3841.9
23.09,3843.8
23.1,3845.8
23.11,3847.7
23.12,3849.6
23.13,3851.6
23.14,3853.5
23.15,3855.4
23.16,3857.4
23.17,3859.3
23.18,3861.2
23.19,3863.2
23.2,3865.2
23.21,3867.2
23.22,3869.3
23.23,3871.4
23.24,3873.5
23.25,3875.5
23.26,3877.6
23.27,3879.7
23.28,3881.8
23.29,3883.9
23.3,3886
23.31,3888.1
23.32,3890.2
23.33,3892.3
23.34,3894.3
23.35,3896.4
23.36,3898.5
23.37,3900.6
23.38,3902.7
23.39,3904.7
23.4,3906.8
23.41,3908.9
23.42,3910.9
23.43,3913
23.44,3915.1
23.45,3917.2
23.46,3919.2
23.47,3921.3
23.48,3923.3
23.49,3925.4
23.5,3927.5
23.51,3929.5
23.52,3931.6
23.53,3933.6
23.54,3935.7
23.55,3937.7
23.56,3939.8
23.57,3941.8
23.58,3943.9
23.59,3945.9
23.6,3948
23.61,3950
23.62,3952.1
23.63,3954.1
23.64,3956.2
23.65,3958.2
23.66,3960.2
23.67,3962.3
23.68,3964.3
23.69,3966.3
23.7,3968.4
23.71,3970.4
23.72,3972.4
23.73,3974.5
23.74,3976.5
23.75,3978.5
23.76,3980.5
23.77,3982.6
23.78,3984.6
23.79,3986.6
23.8,3988.6
23.81,3990.6
23.82,3992.7
23.83,3994.7
23.84,3996.7
23.85,3998.7
23.86,4000.7
23.87,4002.7
23.88,4004.7
23.89,4006.7
23.9,4008.7
23.91,4010.7
23.92,4012.8
23.93,4014.8
23.94,4016.8
23.95,4018.8
23.96,4020.8
23.97,4022.8
23.98,4024.8
23.99,4026.8
24,4028.8
24.01,4030.7
24.02,4032.7
24.03,4034.7
24.04,4036.7
24.05,4038.7
24.06,4040.7
24.07,4042.7
24.08,4044.7
24.09,4046.7
24.1,4048.6
24.11,4050.6
24.12,4052.6
24.13,4054.6
24.14,4056.6
24.15,4058.5
24.16,4060.5
24.17,4062.5
24.18,4064.5
24.19,4066.4
24.2,4068.4
24.21,4070.4
24.22,4072.3
24.23,4074.3
24.24,4076.3
24.25,4078.2
24.26,4080.2
24.27,4082.1
24.28,4084.1
24.29,4086.1
24.3,4088
24.31,4090
24.32,4091.9
24.33,4093.9
24.34,4095.8
24.35,4097.8
24.36,4099.7
24.37,4101.7
24.38,4103.6
24.39,4105.6
24.4,4107.5
24.41,4109.5
24.42,4111.4
24.43,4113.3
24.44,4115.3
24.45,4117.2
24.46,4119.2
24.47,4121.1
24.48,4123
24.49,4125
24.5,4126.9
24.51,4128.8
24.52,4130.7
24.53,4132.7
24.54,4134.6
24.55,4136.5
24.56,4138.5
24.57,4140.4
24.58,4142.3
24.59,4144.2
24.6,4146.1
24.61,4148.1
24.62,4150
24.63,4151.9
24.64,4153.8
24.65,4155.7
24.66,4157.6
24.67,4159.5
24.68,4161.4
24.69,4163.3
24.7,4165.2
24.71,4167.2
24.72,4169.1
24.73,4171
24.74,4172.9
24.75,4174.8
24.76,4176.7
24.77,4178.6
24.78,4180.5
24.79,4182.3
24.8,4184.2
24.81,4186.1
24.82,4188
24.83,4189.9
24.84,4191.8
24.85,4193.7
24.86,4195.6
24.87,4197.5
24.88,4199.3
24.89,4201.2
24.9,4203.1
24.91,4205
24.92,4206.9
24.93,4208.7
24.94,4210.6
24.95,4212.5
24.96,4214.4
24.97,4216.2
24.98,4218.1
24.99,4220
25,4221.9
25.01,4223.7
25.02,4225.6
25.03,4227.5
25.04,4229.3
25.05,4231.2
25.06,4233
25.07,4234.9
25.08,4236.8
25.09,4238.6
25.1,4240.5
25.11,4242.3
25.12,4244.2
25.13,4246
25.14,4247.9
25.15,4249.7
25.16,4251.6
25.17,4253.4
25.18,4255.3
25.19,4257.1
25.2,4259
25.21,4260.8
25.22,4262.7
25.23,4264.5
25.24,4266.3
25.25,4268.2
25.26,4270
25.27,4271.9
25.28,4273.7
25.29,4275.5
25.3,4277.4
25.31,4279.2
25.32,4281
25.33,4282.8
25.34,4284.7
25.35,4286.5
25.36,4288.3
25.37,4290.2
25.38,4292
25.39,4293.8
25.4,4295.6
25.41,4297.4
25.42,4299.3
25.43,4301.1
25.44,4302.9
25.45,4304.7
25.46,4306.5
25.47,4308.3
25.48,4310.1
25.49,4312
25.5,4313.8
25.51,4315.6
25.52,4317.4
25.53,4319.2
25.54,4321
25.55,4322.8
25.56,4324.6
25.57,4326.4
25.58,4328.2
25.59,4330
25.6,4331.8
25.61,4333.6
25.62,4335.4
25.63,4337.2
25.64,4339
25.65,4340.7
25.66,4342.5
25.67,4344.3
25.68,4346.1
25.69,4347.9
25.7,4349.7
25.71,4351.5
25.72,4353.3
25.73,4355
25.74,4356.8
25.75,4358.6
25.76,4360.4
25.77,4362.2
25.78,4363.9
25.79,4365.7
25.8,4367.5
25.81,4369.2
25.82,4371
25.83,4372.8
25.84,4374.6
25.85,4376.3
25.86,4378.1
25.87,4379.9
25.88,4381.6
25.89,4383.4
25.9,4385.2
25.91,4386.9
25.92,4388.7
25.93,4390.4
25.94,4392.2
25.95,4393.9
25.96,4395.7
25.97,4397.5
25.98,4399.2
25.99,4401
26,4402.7
26.01,4404.4
26.02,4406.1
26.03,4407.8
26.04,4409.4
26.05,4411.1
26.06,4412.8
26.07,4414.5
26.08,4416.1
26.09,4417.8
26.1,4419.5
26.11,4421.1
26.12,4422.8
26.13,4424.4
26.14,4426.1
26.15,4427.7
26.16,4429.4
26.17,4431
26.18,4432.7
26.19,4434.3
26.2,4436
26.21,4437.6
26.22,4439.3
26.23,4440.9
26.24,4442.5
26.25,4444.2
26.26,4445.8
26.27,4447.4
26.28,4449.1
26.29,4450.7
26.3,4452.3
26.31,4454
26.32,4455.6
26.33,4457.2
26.34,4458.8
26.35,4460.5
26.36,4462.1
26.37,4463.7
26.38,4465.3
26.39,4466.9
26.4,4468.5
26.41,4470.1
26.42,4471.8
26.43,4473.4
26.44,4475
26.45,4476.6
26.46,4478.2
26.47,4479.8
26.48,4481.4
26.49,4483
26.5,4484.6
26.51,4486.2
26.52,4487.8
26.53,4489.4
26.54,4490.9
26.55,4492.5
26.56,4494.1
26.57,4495.7
26.58,4497.3
26.59,4498.9
26.6,4500.4
26.61,4502
26.62,4503.6
26.63,4505.2
26.64,4506.8
26.65,4508.3
26.66,4509.9
26.67,4511.5
26.68,4513
26.69,4514.6
26.7,4516.2
26.71,4517.7
26.72,4519.3
26.73,4520.9
26.74,4522.4
26.75,4524
26.76,4525.5
26.77,4527.1
26.78,4528.6
26.79,4530.2
26.8,4531.7
26.81,4533.3
26.82,4534.8
26.83,4536.4
26.84,4537.9
26.85,4539.5
26.86,4541
26.87,4542.5
26.88,4544.1
26.89,4545.6
26.9,4547.1
26.91,4548.7
26.92,4550.2
26.93,4551.7
26.94,4553.3
26.95,4554.8
26.96,4556.3
26.97,4557.8
26.98,4559.4
26.99,4560.9
27,4562.4
27.01,4563.9
27.02,4565.4
27.03,4567
27.04,4568.5
27.05,4570
27.06,4571.5
27.07,4573
27.08,4574.5
27.09,4576
27.1,4577.5
27.11,4579
27.12,4580.5
27.13,4582
27.14,4583.5
27.15,4585
27.16,4586.5
27.17,4588
27.18,4589.5
27.19,4591
27.2,4592.5
27.21,4594
27.22,4595.4
27.23,4596.9
27.24,4598.4
27.25,4599.9
27.26,4601.4
27.27,4602.9
27.28,4604.3
27.29,4605.8
27.3,4607.3
27.31,4608.8
27.32,4610.2
27.33,4611.7
27.34,4613.2
27.35,4614.6
27.36,4616.1
27.37,4617.6
27.38,4619
27.39,4620.5
27.4,4622
27.41,4623.4
27.42,4624.9
27.43,4626.3
27.44,4627.8
27.45,4629.2
27.46,4630.7
27.47,4632.1
27.48,4633.6
27.49,4635
27.5,4636.5
27.51,4637.9
27.52,4639.4
27.53,4640.8
27.54,4642.3
27.55,4643.7
27.56,4645.1
27.57,4646.6
27.58,4648
27.59,4649.4
27.6,4650.9
27.61,4652.3
27.62,4653.7
27.63,4655.2
27.64,4656.6
27.65,4658
27.66,4659.4
27.67,4660.9
27.68,4662.3
27.69,4663.7
27.7,4665.1
27.71,4666.5
27.72,4667.9
27.73,4669.4
27.74,4670.8
27.75,4672.2
27.76,4673.6
27.77,4675
27.78,4676.4
27.79,4677.8
27.8,4679.2
27.81,4680.6
27.82,4682
27.83,4683.4
27.84,4684.8
27.85,4686.2
27.86,4687.6
27.87,4689
27.88,4690.4
27.89,4691.8
27.9,4693.2
27.91,4694.6
27.92,4696
27.93,4697.4
27.94,4698.7
27.95,4700.1
27.96,4701.5
27.97,4420.9
27.98,4206.5
27.99,4039.4
28,3907.1
28.01,3801.4
28.02,3718.9
28.03,3655.2
28.04,3607
28.05,3570.6
28.06,3544.1
28.07,3524.5
28.08,3510.2
28.09,3500.5
28.1,3494.1
28.11,3489.8
28.12,3487
28.13,3485.3
28.14,3484.3
28.15,3483.9
28.16,3483.9
28.17,3484.2
28.18,3484.6
28.19,3485.2
28.2,3485.8
28.21,3486.4
28.22,3487.1
28.23,3487.8
28.24,3488.6
28.25,3489.3
28.26,3490.1
28.27,3490.8
28.28,3491.6
28.29,3492.3
28.3,3493.1
28.31,3493.9
28.32,3494.6
28.33,3495.4
28.34,3496.1
28.35,3496.9
28.36,3497.7
28.37,3498.4
28.38,3499.2
28.39,3499.9
28.4,3500.7
28.41,3501.4
28.42,3502.2
28.43,3503
28.44,3503.7
28.45,3504.5
28.46,3505.2
28.47,3506
28.48,3506.7
28.49,3507.5
28.5,3508.3
28.51,3509
28.52,3509.8
28.53,3510.5
28.54,3511.3
28.55,3512
28.56,3512.8
28.57,3513.5
28.58,3514.3
28.59,3515
28.6,3515.8
28.61,3516.6
28.62,3517.3
28.63,3518.1
28.64,3518.8
28.65,3519.6
28.66,3520.3
28.67,3521.1
28.68,3521.8
28.69,3522.6
28.7,3523.3
28.71,3524.1
28.72,3524.8
28.73,3525.6
28.74,3526.3
28.75,3527.1
28.76,3527.8
28.77,3528.6
28.78,3529.3
28.79,3530.1
28.8,3530.8
28.81,3531.6
28.82,3532.3
28.83,3533.1
28.84,3533.8
28.85,3534.6
28.86,3535.3
28.87,3536.1
28.88,3536.8
28.89,3537.5
28.9,3538.3
28.91,3539
28.92,3539.8
28.93,3540.5
28.94,3541.3
28.95,3542
28.96,3542.8
28.97,3543.5
28.98,3544.3
28.99,3545
29,3545.7
29.01,3546.5
29.02,3547.2
29.03,3548
29.04,3548.7
29.05,3549.5
29.06,3550.2
29.07,3550.9
29.08,3551.7
29.09,3552.4
29.1,3553.2
29.11,3553.9
29.12,3554.6
29.13,3555.4
29.14,3556.1
29.15,3556.9
29.16,3557.6
29.17,3558.3
29.18,3559.1
29.19,3559.8
29.2,3560.6
29.21,3561.3
29.22,3562
29.23,3562.8
29.24,3563.5
29.25,3564.3
29.26,3565
29.27,3565.7
29.28,3566.5
29.29,3567.2
29.3,3567.9
29.31,3568.7
29.32,3569.4
29.33,3570.2
29.34,3570.9
29.35,3571.6
29.36,3572.4
29.37,3573.1
29.38,3573.8
29.39,3574.6
29.4,3575.3
29.41,3576
29.42,3576.8
29.43,3577.5
29.44,3578.2
29.45,3579
29.46,3579.7
29.47,3580.4
29.48,3581.2
29.49,3581.9
29.5,3582.6
29.51,3583.4
29.52,3584.1
29.53,3584.8
29.54,3585.5
29.55,3586.3
29.56,3587
29.57,3587.7
29.58,3588.5
29.59,3589.2
29.6,3589.9
29.61,3590.7
29.62,3591.4
29.63,3592.1
29.64,3592.8
29.65,3593.6
29.66,3594.3
29.67,3595
29.68,3595.8
29.69,3596.5
29.7,3597.2
29.71,3597.9
29.72,3598.7
29.73,3599.4
29.74,3600.1
29.75,3600.8
29.76,3601.5
29.77,3602.2
29.78,3603
29.79,3603.6
29.8,3604.3
29.81,3605.1
29.82,3605.8
29.83,3606.5
29.84,3607.2
29.85,3607.9
29.86,3608.6
29.87,3609.3
29.88,3610.1
29.89,3610.8
29.9,3611.5
29.91,3612.2
29.92,3612.9
29.93,3613.6
29.94,3614.3
29.95,3615.1
29.96,3615.8
29.97,3616.5
29.98,3617.2
29.99,3617.9
30,3594.6
