<?xml version="1.0" encoding="UTF-8"?>
<MF0 version="1.1" packageUris="http://schema.mathworks.com/mf0/sl_modelref_info/R2019a">
  <ModelRefInfoRepo.ModelRefInfoRoot type="ModelRefInfoRepo.ModelRefInfoRoot" uuid="aed519a3-7721-4f13-960c-ab1f599cfc06">
    <autoSolverStatusFlags>323</autoSolverStatusFlags>
    <childModelRefInfo type="ModelRefInfoRepo.ChildModelRefInfo" uuid="b4fddd77-de9f-445d-b5dc-aaeb6e289809">
      <isSingleInstance>true</isSingleInstance>
      <modelName>closedLoop_visual</modelName>
      <modelPath>closedLoop_visual</modelPath>
    </childModelRefInfo>
    <dataDictionary>robotDataDictionary.sldd</dataDictionary>
    <dataDictionarySet>robotDataDictionary.sldd</dataDictionarySet>
    <dataDictionarySetForDataTypeCheck>robotDataDictionary.sldd</dataDictionarySetForDataTypeCheck>
    <dataTransferInfos>AAFJTQAAAAAOAAAAOAAAAAYAAAAIAAAAAgAAAAAAAAAFAAAACAAAAAAAAAABAAAAAQAAAAAAAAAFAAQAAQAAAAEAAAAAAAAA</dataTransferInfos>
    <globalVariables>#jointMotionBus#robotDataDictionary.sldd#</globalVariables>
    <globalVariables>#jointTorqueBus#robotDataDictionary.sldd#</globalVariables>
    <globalVariables>#jointVelBus#robotDataDictionary.sldd#</globalVariables>
    <globalVariables>#ts#robotDataDictionary.sldd#</globalVariables>
    <hasBlockWithPeriodicDiscreteSampleTime>true</hasBlockWithPeriodicDiscreteSampleTime>
    <hasContinuousSampleTime>true</hasContinuousSampleTime>
    <hasNonVirtualConstantTs>true</hasNonVirtualConstantTs>
    <hasVariantModelOrSubsystem>true</hasVariantModelOrSubsystem>
    <isNumAllowedInstancesOne>true</isNumAllowedInstancesOne>
    <isOrigOutportVirtualBus>false</isOrigOutportVirtualBus>
    <loggingSaveFormat>6</loggingSaveFormat>
    <massMatrixNzMax>60</massMatrixNzMax>
    <massMatrixType>1</massMatrixType>
    <maxFreqHz>-1</maxFreqHz>
    <needAbsoluteTimeForNonLoggingPurpose>true</needAbsoluteTimeForNonLoggingPurpose>
    <numContinuousStates>72</numContinuousStates>
    <origOutportBusType></origOutportBusType>
    <outports type="ModelRefInfoRepo.OutportInformation" uuid="df210a1e-afd2-4ca1-a2d6-59d7b2b92941">
      <designMax>inf</designMax>
      <designMin>-inf</designMin>
      <rateInfo type="ModelRefInfoRepo.RateInfo">
        <compiled>true</compiled>
        <needAbsoluteTime>true</needAbsoluteTime>
        <period>0</period>
        <priority>40</priority>
        <rateIdx>0</rateIdx>
      </rateInfo>
      <resolvedSignalObject></resolvedSignalObject>
      <sigNameToEMVCEMap type="ModelRefInfoRepo.SigNameEMVCEInfo" uuid="d2a25eff-725e-435c-ba9e-73ea1fe5a5f5"/>
    </outports>
    <runtimeNonFcnCallRateInfos type="ModelRefInfoRepo.RateInfo">
      <compiled>true</compiled>
      <needAbsoluteTime>true</needAbsoluteTime>
      <period>0</period>
      <priority>40</priority>
      <rateIdx>0</rateIdx>
    </runtimeNonFcnCallRateInfos>
    <runtimeNonFcnCallRateInfos type="ModelRefInfoRepo.RateInfo">
      <compiled>true</compiled>
      <nonFcnCallPartitionName>Cont</nonFcnCallPartitionName>
      <period>0.0025000000000000001</period>
      <priority>40</priority>
      <rateIdx>1</rateIdx>
    </runtimeNonFcnCallRateInfos>
    <sampleTimeInheritanceRule>2</sampleTimeInheritanceRule>
    <solverUpdateJacobianAtReset>true</solverUpdateJacobianAtReset>
    <timingAndTaskingRegistry>&lt;?xml version=&quot;1.0&quot;?&gt;
&lt;slexec_sto version=&quot;1.1&quot; packageUris=&quot;http://schema.mathworks.com/mf0/slexec_mm_sto/R2019a_201808021136&quot;&gt;
  &lt;sto.Registry type=&quot;sto.Registry&quot; uuid=&quot;e6c4fae3-61ae-487d-9b79-b0d0193cc618&quot;&gt;
    &lt;clocks type=&quot;sto.Timer&quot; uuid=&quot;115174bf-0574-4ee1-b35b-d15282afe98f&quot;&gt;
      &lt;needsToProvideTimeDuringExecution&gt;true&lt;/needsToProvideTimeDuringExecution&gt;
      &lt;clockTickConstraint&gt;PeriodicWithFixedResolution&lt;/clockTickConstraint&gt;
      &lt;resolution&gt;0.0025000000000000001&lt;/resolution&gt;
      &lt;clockDomain type=&quot;sto.ClockDomain&quot; uuid=&quot;70bb1619-f6e6-4796-93cf-f5bb691438a1&quot;&gt;
        &lt;baseTaskID&gt;_task0&lt;/baseTaskID&gt;
        &lt;computedFundamentalStepSize&gt;0.0025000000000000001&lt;/computedFundamentalStepSize&gt;
        &lt;rates type=&quot;sto.Rate&quot; uuid=&quot;cc2974f9-7a6a-4eca-9f03-69b41fdfeb6c&quot;/&gt;
        &lt;rates type=&quot;sto.Rate&quot; uuid=&quot;497919ca-39ad-4c40-acc2-4d2a4309fe91&quot;/&gt;
        &lt;rates type=&quot;sto.Rate&quot; uuid=&quot;290e6d3f-d353-4b54-935c-993209f41af0&quot;/&gt;
        &lt;rootTaskHierarchyElements type=&quot;sto.Task&quot; uuid=&quot;128e20ad-c1e9-4087-adb6-ecbdfd72dcfc&quot;&gt;
          &lt;isExecutable&gt;true&lt;/isExecutable&gt;
          &lt;orderIndex&gt;1&lt;/orderIndex&gt;
          &lt;rates type=&quot;sto.Rate&quot; uuid=&quot;cc2974f9-7a6a-4eca-9f03-69b41fdfeb6c&quot;&gt;
            &lt;annotation&gt;Cont&lt;/annotation&gt;
            &lt;description&gt;Continuous&lt;/description&gt;
            &lt;eventSourceType&gt;UNSPECIFIED_EVENT_SOURCE&lt;/eventSourceType&gt;
            &lt;registry type=&quot;sto.Registry&quot; uuid=&quot;e6c4fae3-61ae-487d-9b79-b0d0193cc618&quot;/&gt;
            &lt;taskId&gt;_task0&lt;/taskId&gt;
            &lt;rateSpec type=&quot;sto.RateSpec&quot; uuid=&quot;2febc920-17d0-4374-8350-fe17cae8ed7b&quot;/&gt;
          &lt;/rates&gt;
          &lt;rates type=&quot;sto.Rate&quot; uuid=&quot;497919ca-39ad-4c40-acc2-4d2a4309fe91&quot;&gt;
            &lt;annotation&gt;FiM&lt;/annotation&gt;
            &lt;colorIndex&gt;8&lt;/colorIndex&gt;
            &lt;description&gt;Fixed in Minor Step&lt;/description&gt;
            &lt;eventSourceType&gt;UNSPECIFIED_EVENT_SOURCE&lt;/eventSourceType&gt;
            &lt;rateIDX&gt;-1&lt;/rateIDX&gt;
            &lt;registry type=&quot;sto.Registry&quot; uuid=&quot;e6c4fae3-61ae-487d-9b79-b0d0193cc618&quot;/&gt;
            &lt;taskId&gt;_task0&lt;/taskId&gt;
            &lt;useForExecution&gt;NotForExecution&lt;/useForExecution&gt;
            &lt;rateSpec type=&quot;sto.RateSpec&quot; uuid=&quot;2db4ff5d-d4d1-43bf-9988-28bd563b02e1&quot;&gt;
              &lt;offset&gt;1&lt;/offset&gt;
              &lt;rateType&gt;ZOHContinuous&lt;/rateType&gt;
            &lt;/rateSpec&gt;
          &lt;/rates&gt;
          &lt;rates type=&quot;sto.Rate&quot; uuid=&quot;290e6d3f-d353-4b54-935c-993209f41af0&quot;&gt;
            &lt;annotation&gt;D1&lt;/annotation&gt;
            &lt;colorIndex&gt;2&lt;/colorIndex&gt;
            &lt;description&gt;Discrete 1&lt;/description&gt;
            &lt;eventSourceType&gt;UNSPECIFIED_EVENT_SOURCE&lt;/eventSourceType&gt;
            &lt;rateIDX&gt;1&lt;/rateIDX&gt;
            &lt;registry type=&quot;sto.Registry&quot; uuid=&quot;e6c4fae3-61ae-487d-9b79-b0d0193cc618&quot;/&gt;
            &lt;taskId&gt;_task0&lt;/taskId&gt;
            &lt;rateSpec type=&quot;sto.RateSpec&quot; uuid=&quot;ab11b46a-3ff9-4b99-834b-e98142dec25f&quot;&gt;
              &lt;period&gt;0.0025000000000000001&lt;/period&gt;
              &lt;rateType&gt;ClassicPeriodicDiscrete&lt;/rateType&gt;
            &lt;/rateSpec&gt;
          &lt;/rates&gt;
          &lt;elementType&gt;Task&lt;/elementType&gt;
          &lt;identifier&gt;_task0&lt;/identifier&gt;
          &lt;priority&gt;40&lt;/priority&gt;
        &lt;/rootTaskHierarchyElements&gt;
      &lt;/clockDomain&gt;
    &lt;/clocks&gt;
    &lt;executionSpec&gt;Undetermined&lt;/executionSpec&gt;
    &lt;taskDependencyGraph type=&quot;sto.SerializedTaskConnectionList&quot; uuid=&quot;708de1f1-337f-4a40-baf0-0f419188fd30&quot;&gt;
      &lt;taskIdentifier&gt;_task0&lt;/taskIdentifier&gt;
    &lt;/taskDependencyGraph&gt;
    &lt;taskPriorityDirection&gt;HighNumberLast&lt;/taskPriorityDirection&gt;
    &lt;tasks type=&quot;sto.Task&quot; uuid=&quot;128e20ad-c1e9-4087-adb6-ecbdfd72dcfc&quot;/&gt;
  &lt;/sto.Registry&gt;
&lt;/slexec_sto&gt;</timingAndTaskingRegistry>
    <FMUBlockMap type="ModelRefInfoRepo.FMUBlockInfo" uuid="ac345720-a290-4060-96e4-cfba6e1b7bee"/>
    <codeGenInfo type="ModelRefInfoRepo.CodeGenInformation" uuid="3a664367-fc0a-4189-bdc5-88e477b85e0a"/>
    <configSettingsForConsistencyChecks type="ModelRefInfoRepo.ConfigSettingsForConsistencyChecks" uuid="2358a9ff-8f7b-48db-b570-d052f8bd582f">
      <consistentOutportInitialization>true</consistentOutportInitialization>
      <fixedStepSize>0.0025000000000000001</fixedStepSize>
      <frameDiagnosticSetting>2</frameDiagnosticSetting>
      <hasHybridSampleTime>true</hasHybridSampleTime>
      <signalLoggingSaveFormat>2</signalLoggingSaveFormat>
      <solverName>ode14x</solverName>
      <solverType>SOLVER_TYPE_FIXEDSTEP</solverType>
      <hardwareSettings type="ModelRefInfoRepo.HardwareSettings" uuid="36c58442-d9af-40cc-86bf-4e4219099311">
        <prodBitPerChar>8</prodBitPerChar>
        <prodBitPerDouble>64</prodBitPerDouble>
        <prodBitPerFloat>32</prodBitPerFloat>
        <prodBitPerInt>32</prodBitPerInt>
        <prodBitPerLong>32</prodBitPerLong>
        <prodBitPerLongLong>64</prodBitPerLongLong>
        <prodBitPerPointer>32</prodBitPerPointer>
        <prodBitPerPtrDiffT>32</prodBitPerPtrDiffT>
        <prodBitPerShort>16</prodBitPerShort>
        <prodBitPerSizeT>32</prodBitPerSizeT>
        <prodEndianess>1</prodEndianess>
        <prodLargestAtomicFloat>2</prodLargestAtomicFloat>
        <prodLongLongMode>true</prodLongLongMode>
        <prodShiftRight>true</prodShiftRight>
        <prodWordSize>32</prodWordSize>
      </hardwareSettings>
    </configSettingsForConsistencyChecks>
    <dataPortGroup type="ModelRefInfoRepo.DataPortGroup" uuid="b376cab9-b821-42a0-9caa-0adacf206c01">
      <dataOutputPorts>0</dataOutputPorts>
    </dataPortGroup>
    <interfaceParameterInfo type="ModelRefInfoRepo.InterfaceParameterInfo" uuid="42aedc4f-07fb-422a-bf7d-e49add30a95b"/>
    <messageInfo type="ModelRefInfoRepo.MessageInformation" uuid="b3def3cb-e014-4de0-a5ba-8237f9893911"/>
    <methodInfo type="ModelRefInfoRepo.MethodExistenceInfo" uuid="907c3645-d9d4-4e8e-b32a-52122f3719b4">
      <hasDerivMethod>true</hasDerivMethod>
      <hasForcingFunctionMethod>true</hasForcingFunctionMethod>
      <hasMassMatrixMethod>true</hasMassMatrixMethod>
      <hasProjectionMethod>true</hasProjectionMethod>
      <hasSystemInitializeMethod>true</hasSystemInitializeMethod>
      <hasSystemResetMethod>true</hasSystemResetMethod>
      <hasTerminateMethod>true</hasTerminateMethod>
      <hasUpdateMethod>true</hasUpdateMethod>
    </methodInfo>
    <periodicEventPortUnsupportedBlockInfo type="ModelRefInfoRepo.PeriodicEventPortUnsupportedBlockInfo" uuid="dd08b2b3-2431-4550-bb40-89a3bfadc525">
      <deterministicRTBs>closedLoop_visual/RateTransitionIn/Rate Transition</deterministicRTBs>
      <deterministicRTBs>closedLoop_visual/RateTransitionIn/Rate Transition1</deterministicRTBs>
      <deterministicRTBs>closedLoop_visual/RateTransitionIn/Rate Transition10</deterministicRTBs>
      <deterministicRTBs>closedLoop_visual/RateTransitionIn/Rate Transition11</deterministicRTBs>
      <deterministicRTBs>closedLoop_visual/RateTransitionIn/Rate Transition12</deterministicRTBs>
      <deterministicRTBs>closedLoop_visual/RateTransitionIn/Rate Transition13</deterministicRTBs>
      <deterministicRTBs>closedLoop_visual/RateTransitionIn/Rate Transition14</deterministicRTBs>
      <deterministicRTBs>closedLoop_visual/RateTransitionIn/Rate Transition15</deterministicRTBs>
      <deterministicRTBs>closedLoop_visual/RateTransitionIn/Rate Transition16</deterministicRTBs>
      <deterministicRTBs>closedLoop_visual/RateTransitionIn/Rate Transition17</deterministicRTBs>
    </periodicEventPortUnsupportedBlockInfo>
    <portGroupsRequireSameRate type="ModelRefInfoRepo.PortGroupsRequireSameRate" uuid="5229758d-1193-4cd6-9f34-2a2b9a0ef1ee">
      <DSMPortGroups type="ModelRefInfoRepo.NameToPortGroupIdxVectMap" uuid="39ecda82-a563-4c68-9c3d-18342f5e66ec"/>
      <GlobalDSMPortGroups type="ModelRefInfoRepo.NameToPortGroupIdxVectMap" uuid="58a33234-54f3-435d-869b-f75295725488"/>
      <mergedPortGroups type="ModelRefInfoRepo.NameToPortGroupIdxVectMap" uuid="cc058b8c-2720-407d-ba9a-d7eb2304624c"/>
    </portGroupsRequireSameRate>
    <rateSpecOfGlobalDSMAccessedByDescExpFcnMdlMap type="ModelRefInfoRepo.GlobalDSMRateSpecMap" uuid="4f5eca12-608d-47ef-8b0a-81509cf5721f"/>
    <simulinkFunctions type="ModelRefInfoRepo.SimulinkFunctions" uuid="97afa60f-d48d-4100-8a39-16add6a2b8be">
      <compSimulinkFunctionCatalog></compSimulinkFunctionCatalog>
      <variantSimulinkFunctions type="ModelRefInfoRepo.VariantSimulinkFunctions" uuid="c1bde2d5-83fa-405d-a598-3a886f3b83b9"/>
    </simulinkFunctions>
    <stateWriterToOwnerMap type="ModelRefInfoRepo.StateWriterInfo" uuid="32757886-04ee-4318-b131-783520e0eece"/>
  </ModelRefInfoRepo.ModelRefInfoRoot>
</MF0>