0,-0.02233,-0.02935,-0.02935,-2.843e-05
0.01,-0.02233,-0.029345,-0.029345,-2.8601e-05
0.02,-0.02233,-0.029328,-0.029328,-2.9785e-05
0.03,-0.02233,-0.029302,-0.029302,-3.295e-05
0.04,-0.02233,-0.029265,-0.029265,-3.9022e-05
0.05,-0.02233,-0.029219,-0.029219,-4.8878e-05
0.06,-0.02233,-0.029163,-0.029163,-6.3348e-05
0.07,-0.02233,-0.029099,-0.029099,-8.3217e-05
0.08,-0.02233,-0.029026,-0.029026,-0.00010922
0.09,-0.02233,-0.028946,-0.028946,-0.00014205
0.1,-0.02233,-0.028857,-0.028857,-0.00018234
0.11,-0.02233,-0.028761,-0.028761,-0.0002307
0.12,-0.02233,-0.028658,-0.028658,-0.00028767
0.13,-0.02233,-0.028549,-0.028549,-0.00035375
0.14,-0.02233,-0.028433,-0.028433,-0.0004294
0.15,-0.02233,-0.028311,-0.028311,-0.00051504
0.16,-0.02233,-0.028183,-0.028183,-0.00061103
0.17,-0.02233,-0.028049,-0.028049,-0.00071769
0.18,-0.02233,-0.02791,-0.02791,-0.0008353
0.19,-0.02233,-0.027767,-0.027767,-0.0009641
0.2,-0.02233,-0.027618,-0.027618,-0.0011043
0.21,-0.02233,-0.027466,-0.027466,-0.001256
0.22,-0.02233,-0.027309,-0.027309,-0.0014194
0.23,-0.02233,-0.027148,-0.027148,-0.0015945
0.24,-0.02233,-0.026983,-0.026983,-0.0017813
0.25,-0.02233,-0.026815,-0.026815,-0.0019799
0.26,-0.02233,-0.026643,-0.026643,-0.0021903
0.27,-0.02233,-0.026469,-0.026469,-0.0024122
0.28,-0.02233,-0.026291,-0.026291,-0.0026458
0.29,-0.02233,-0.026111,-0.026111,-0.0028907
0.3,-0.02233,-0.025928,-0.025928,-0.0031469
0.31,-0.02233,-0.025743,-0.025743,-0.0034141
0.32,-0.02233,-0.025556,-0.025556,-0.0036922
0.33,-0.02233,-0.025366,-0.025366,-0.0039808
0.34,-0.02233,-0.025175,-0.025175,-0.0042797
0.35,-0.02233,-0.024982,-0.024982,-0.0045885
0.36,-0.02233,-0.024787,-0.024787,-0.004907
0.37,-0.02233,-0.024591,-0.024591,-0.0052348
0.38,-0.02233,-0.024394,-0.024394,-0.0055716
0.39,-0.02233,-0.024195,-0.024195,-0.0059168
0.4,-0.02233,-0.023995,-0.023995,-0.0062702
0.41,-0.02233,-0.023794,-0.023794,-0.0066313
0.42,-0.02233,-0.023592,-0.023592,-0.0069997
0.43,-0.02233,-0.02339,-0.02339,-0.0073749
0.44,-0.02233,-0.023186,-0.023186,-0.0077564
0.45,-0.02233,-0.022982,-0.022982,-0.0081438
0.46,-0.02233,-0.022777,-0.022777,-0.0085365
0.47,-0.02233,-0.022572,-0.022572,-0.0089342
0.48,-0.02233,-0.022366,-0.022366,-0.0093362
0.49,-0.02233,-0.02216,-0.02216,-0.0097421
0.5,-0.02233,-0.021954,-0.021954,-0.010151
0.51,-0.02233,-0.021747,-0.021747,-0.010564
0.52,-0.02233,-0.02154,-0.02154,-0.010978
0.53,-0.02233,-0.021333,-0.021333,-0.011394
0.54,-0.02233,-0.021126,-0.021126,-0.011812
0.55,-0.02233,-0.020918,-0.020918,-0.01223
0.56,-0.02233,-0.020711,-0.020711,-0.012648
0.57,-0.02233,-0.020503,-0.020503,-0.013067
0.58,-0.02233,-0.020296,-0.020296,-0.013484
0.59,-0.02233,-0.020088,-0.020088,-0.0139
0.6,-0.02233,-0.019881,-0.019881,-0.014315
0.61,-0.02233,-0.019673,-0.019673,-0.014727
0.62,-0.02233,-0.019466,-0.019466,-0.015136
0.63,-0.02233,-0.019259,-0.019259,-0.015542
0.64,-0.02233,-0.019052,-0.019052,-0.015944
0.65,-0.02233,-0.018845,-0.018845,-0.016342
0.66,-0.02233,-0.018638,-0.018638,-0.016736
0.67,-0.02233,-0.018431,-0.018431,-0.017124
0.68,-0.02233,-0.018225,-0.018225,-0.017507
0.69,-0.02233,-0.018019,-0.018019,-0.017884
0.7,-0.02233,-0.017813,-0.017813,-0.018255
0.71,-0.02233,-0.017607,-0.017607,-0.018619
0.72,-0.02233,-0.017402,-0.017402,-0.018976
0.73,-0.02233,-0.017196,-0.017196,-0.019326
0.74,-0.02233,-0.016991,-0.016991,-0.019667
0.75,-0.02233,-0.016787,-0.016787,-0.020001
0.76,-0.02233,-0.016582,-0.016582,-0.020327
0.77,-0.02233,-0.016378,-0.016378,-0.020643
0.78,-0.02233,-0.016174,-0.016174,-0.020951
0.79,-0.02233,-0.01597,-0.01597,-0.021249
0.8,-0.02233,-0.015767,-0.015767,-0.021538
0.81,-0.02233,-0.015564,-0.015564,-0.021818
0.82,-0.02233,-0.015362,-0.015362,-0.022087
0.83,-0.02233,-0.015159,-0.015159,-0.022347
0.84,-0.02233,-0.014957,-0.014957,-0.022596
0.85,-0.02233,-0.014756,-0.014756,-0.022834
0.86,-0.02233,-0.014555,-0.014555,-0.023062
0.87,-0.02233,-0.014354,-0.014354,-0.02328
0.88,-0.02233,-0.014153,-0.014153,-0.023486
0.89,-0.02233,-0.013953,-0.013953,-0.023682
0.9,-0.02233,-0.013754,-0.013754,-0.023867
0.91,-0.02233,-0.013554,-0.013554,-0.02404
0.92,-0.02233,-0.013356,-0.013356,-0.024203
0.93,-0.02233,-0.013157,-0.013157,-0.024354
0.94,-0.02233,-0.01296,-0.01296,-0.024495
0.95,-0.02233,-0.012762,-0.012762,-0.024624
0.96,-0.02233,-0.012566,-0.012566,-0.024742
0.97,-0.02233,-0.012369,-0.012369,-0.024849
0.98,-0.02233,-0.012174,-0.012174,-0.024945
0.99,-0.02233,-0.011979,-0.011979,-0.02503
1,-0.02233,-0.011784,-0.011784,-0.025104
10,-0.02233,-0.0014127,-0.0014127,-0.012097
1.01,-0.02233,-0.011591,-0.011591,-0.025168
1.02,-0.02233,-0.011397,-0.011397,-0.02522
1.03,-0.02233,-0.011205,-0.011205,-0.025263
1.04,-0.02233,-0.011013,-0.011013,-0.025294
1.05,-0.02233,-0.010822,-0.010822,-0.025316
1.06,-0.02233,-0.010632,-0.010632,-0.025327
1.07,-0.02233,-0.010442,-0.010442,-0.025328
1.08,-0.02233,-0.010254,-0.010254,-0.02532
1.09,-0.02233,-0.010066,-0.010066,-0.025302
1.1,-0.02233,-0.0098788,-0.0098788,-0.025274
1.11,-0.02233,-0.0096927,-0.0096927,-0.025238
1.12,-0.02233,-0.0095075,-0.0095075,-0.025192
1.13,-0.02233,-0.0093234,-0.0093234,-0.025137
1.14,-0.02233,-0.0091402,-0.0091402,-0.025074
1.15,-0.02233,-0.008958,-0.008958,-0.025002
1.16,-0.02233,-0.0087769,-0.0087769,-0.024923
1.17,-0.02233,-0.0085969,-0.0085969,-0.024835
1.18,-0.02233,-0.008418,-0.008418,-0.02474
1.19,-0.02233,-0.0082402,-0.0082402,-0.024638
1.2,-0.02233,-0.0080636,-0.0080636,-0.024528
1.21,-0.02233,-0.0078883,-0.0078883,-0.024412
1.22,-0.02233,-0.0077142,-0.0077142,-0.024289
1.23,-0.02233,-0.0075414,-0.0075414,-0.024159
1.24,-0.02233,-0.0073699,-0.0073699,-0.024024
1.25,-0.02233,-0.0071997,-0.0071997,-0.023883
1.26,-0.02233,-0.0070309,-0.0070309,-0.023736
1.27,-0.02233,-0.0068636,-0.0068636,-0.023585
1.28,-0.02233,-0.0066976,-0.0066976,-0.023428
1.29,-0.02233,-0.0065332,-0.0065332,-0.023267
1.3,-0.02233,-0.0063703,-0.0063703,-0.023101
1.31,-0.02233,-0.0062089,-0.0062089,-0.022931
1.32,-0.02233,-0.0060491,-0.0060491,-0.022757
1.33,-0.02233,-0.0058908,-0.0058908,-0.02258
1.34,-0.02233,-0.0057342,-0.0057342,-0.0224
1.35,-0.02233,-0.0055793,-0.0055793,-0.022216
1.36,-0.02233,-0.005426,-0.005426,-0.02203
1.37,-0.02233,-0.0052745,-0.0052745,-0.021842
1.38,-0.02233,-0.0051247,-0.0051247,-0.021651
1.39,-0.02233,-0.0049767,-0.0049767,-0.021458
1.4,-0.02233,-0.0048304,-0.0048304,-0.021264
1.41,-0.02233,-0.004686,-0.004686,-0.021068
1.42,-0.02233,-0.0045434,-0.0045434,-0.020871
1.43,-0.02233,-0.0044027,-0.0044027,-0.020673
1.44,-0.02233,-0.0042639,-0.0042639,-0.020474
1.45,-0.02233,-0.0041269,-0.0041269,-0.020275
1.46,-0.02233,-0.003992,-0.003992,-0.020075
1.47,-0.02233,-0.0038589,-0.0038589,-0.019876
1.48,-0.02233,-0.0037278,-0.0037278,-0.019677
1.49,-0.02233,-0.0035987,-0.0035987,-0.019478
1.5,-0.02233,-0.0034716,-0.0034716,-0.01928
1.51,-0.02233,-0.0033466,-0.0033466,-0.019082
1.52,-0.02233,-0.0032235,-0.0032235,-0.018886
1.53,-0.02233,-0.0031025,-0.0031025,-0.01869
1.54,-0.02233,-0.0029835,-0.0029835,-0.018496
1.55,-0.02233,-0.0028667,-0.0028667,-0.018304
1.56,-0.02233,-0.0027518,-0.0027518,-0.018113
1.57,-0.02233,-0.0026391,-0.0026391,-0.017925
1.58,-0.02233,-0.0025285,-0.0025285,-0.017738
1.59,-0.02233,-0.0024199,-0.0024199,-0.017553
1.6,-0.02233,-0.0023135,-0.0023135,-0.017371
1.61,-0.02233,-0.0022092,-0.0022092,-0.017191
1.62,-0.02233,-0.002107,-0.002107,-0.017013
1.63,-0.02233,-0.0020069,-0.0020069,-0.016838
1.64,-0.02233,-0.0019089,-0.0019089,-0.016666
1.65,-0.02233,-0.001813,-0.001813,-0.016497
1.66,-0.02233,-0.0017193,-0.0017193,-0.016331
1.67,-0.02233,-0.0016276,-0.0016276,-0.016168
1.68,-0.02233,-0.0015381,-0.0015381,-0.016007
1.69,-0.02233,-0.0014507,-0.0014507,-0.01585
1.7,-0.02233,-0.0013653,-0.0013653,-0.015697
1.71,-0.02233,-0.0012821,-0.0012821,-0.015546
1.72,-0.02233,-0.0012009,-0.0012009,-0.0154
1.73,-0.02233,-0.0011218,-0.0011218,-0.015256
1.74,-0.02233,-0.0010447,-0.0010447,-0.015116
1.75,-0.02233,-0.00096974,-0.00096974,-0.014979
1.76,-0.02233,-0.00089679,-0.00089679,-0.014846
1.77,-0.02233,-0.00082586,-0.00082586,-0.014717
1.78,-0.02233,-0.00075695,-0.00075695,-0.014591
1.79,-0.02233,-0.00069003,-0.00069003,-0.014468
1.8,-0.02233,-0.00062509,-0.00062509,-0.01435
1.81,-0.02233,-0.00056211,-0.00056211,-0.014234
1.82,-0.02233,-0.00050108,-0.00050108,-0.014123
1.83,-0.02233,-0.00044198,-0.00044198,-0.014015
1.84,-0.02233,-0.00038479,-0.00038479,-0.01391
1.85,-0.02233,-0.00032949,-0.00032949,-0.013809
1.86,-0.02233,-0.00027606,-0.00027606,-0.013712
1.87,-0.02233,-0.00022447,-0.00022447,-0.013618
1.88,-0.02233,-0.00017471,-0.00017471,-0.013527
1.89,-0.02233,-0.00012675,-0.00012675,-0.01344
1.9,-0.02233,-8.0566e-05,-8.0566e-05,-0.013356
1.91,-0.02233,-3.614e-05,-3.614e-05,-0.013276
1.92,-0.02233,6.5553e-06,6.5553e-06,-0.013198
1.93,-0.02233,4.7545e-05,4.7545e-05,-0.013124
1.94,-0.02233,8.6855e-05,8.6855e-05,-0.013053
1.95,-0.02233,0.00012451,0.00012451,-0.012986
1.96,-0.02233,0.00016054,0.00016054,-0.012921
1.97,-0.02233,0.00019497,0.00019497,-0.012859
1.98,-0.02233,0.00022783,0.00022783,-0.012801
1.99,-0.02233,0.00025914,0.00025914,-0.012745
2,-0.02233,0.00028893,0.00028893,-0.012692
2.01,-0.02233,0.00031723,0.00031723,-0.012641
2.02,-0.02233,0.00034407,0.00034407,-0.012593
2.03,-0.02233,0.00036949,0.00036949,-0.012548
2.04,-0.02233,0.00039349,0.00039349,-0.012505
2.05,-0.02233,0.00041613,0.00041613,-0.012465
2.06,-0.02233,0.00043742,0.00043742,-0.012427
2.07,-0.02233,0.00045739,0.00045739,-0.012391
2.08,-0.02233,0.00047608,0.00047608,-0.012358
2.09,-0.02233,0.00049351,0.00049351,-0.012326
2.1,-0.02233,0.00050972,0.00050972,-0.012297
2.11,-0.02233,0.00052473,0.00052473,-0.012269
2.12,-0.02233,0.00053857,0.00053857,-0.012244
2.13,-0.02233,0.00055128,0.00055128,-0.01222
2.14,-0.02233,0.00056287,0.00056287,-0.012198
2.15,-0.02233,0.00057339,0.00057339,-0.012177
2.16,-0.02233,0.00058286,0.00058286,-0.012158
2.17,-0.02233,0.0005913,0.0005913,-0.012141
2.18,-0.02233,0.00059876,0.00059876,-0.012125
2.19,-0.02233,0.00060525,0.00060525,-0.01211
2.2,-0.02233,0.00061081,0.00061081,-0.012096
2.21,-0.02233,0.00061546,0.00061546,-0.012084
2.22,-0.02233,0.00061923,0.00061923,-0.012072
2.23,-0.02233,0.00062215,0.00062215,-0.012062
2.24,-0.02233,0.00062426,0.00062426,-0.012053
2.25,-0.02233,0.00062556,0.00062556,-0.012044
2.26,-0.02233,0.0006261,0.0006261,-0.012036
2.27,-0.02233,0.00062589,0.00062589,-0.012029
2.28,-0.02233,0.00062497,0.00062497,-0.012023
2.29,-0.02233,0.00062336,0.00062336,-0.012017
2.3,-0.02233,0.00062108,0.00062108,-0.012012
2.31,-0.02233,0.00061817,0.00061817,-0.012008
2.32,-0.02233,0.00061464,0.00061464,-0.012003
2.33,-0.02233,0.00061052,0.00061052,-0.012
2.34,-0.02233,0.00060583,0.00060583,-0.011996
2.35,-0.02233,0.0006006,0.0006006,-0.011993
2.36,-0.02233,0.00059485,0.00059485,-0.01199
2.37,-0.02233,0.00058861,0.00058861,-0.011987
2.38,-0.02233,0.00058188,0.00058188,-0.011984
2.39,-0.02233,0.00057471,0.00057471,-0.011982
2.4,-0.02233,0.0005671,0.0005671,-0.011979
2.41,-0.02233,0.00055907,0.00055907,-0.011977
2.42,-0.02233,0.00055066,0.00055066,-0.011974
2.43,-0.02233,0.00054187,0.00054187,-0.011971
2.44,-0.02233,0.00053273,0.00053273,-0.011969
2.45,-0.02233,0.00052326,0.00052326,-0.011966
2.46,-0.02233,0.00051347,0.00051347,-0.011963
2.47,-0.02233,0.00050338,0.00050338,-0.011959
2.48,-0.02233,0.00049301,0.00049301,-0.011956
2.49,-0.02233,0.00048238,0.00048238,-0.011952
2.5,-0.02233,0.0004715,0.0004715,-0.011948
2.51,-0.02233,0.00046038,0.00046038,-0.011944
2.52,-0.02233,0.00044905,0.00044905,-0.01194
2.53,-0.02233,0.00043752,0.00043752,-0.011935
2.54,-0.02233,0.0004258,0.0004258,-0.01193
2.55,-0.02233,0.0004139,0.0004139,-0.011924
2.56,-0.02233,0.00040185,0.00040185,-0.011919
2.57,-0.02233,0.00038964,0.00038964,-0.011913
2.58,-0.02233,0.0003773,0.0003773,-0.011906
2.59,-0.02233,0.00036484,0.00036484,-0.011899
2.6,-0.02233,0.00035227,0.00035227,-0.011892
2.61,-0.02233,0.0003396,0.0003396,-0.011885
2.62,-0.02233,0.00032683,0.00032683,-0.011877
2.63,-0.02233,0.00031399,0.00031399,-0.011869
2.64,-0.02233,0.00030108,0.00030108,-0.01186
2.65,-0.02233,0.00028811,0.00028811,-0.011851
2.66,-0.02233,0.00027508,0.00027508,-0.011842
2.67,-0.02233,0.00026202,0.00026202,-0.011832
2.68,-0.02233,0.00024892,0.00024892,-0.011822
2.69,-0.02233,0.00023579,0.00023579,-0.011812
2.7,-0.02233,0.00022264,0.00022264,-0.011802
2.71,-0.02233,0.00020949,0.00020949,-0.011791
2.72,-0.02233,0.00019632,0.00019632,-0.01178
2.73,-0.02233,0.00018316,0.00018316,-0.011768
2.74,-0.02233,0.00017001,0.00017001,-0.011757
2.75,-0.02233,0.00015686,0.00015686,-0.011745
2.76,-0.02233,0.00014374,0.00014374,-0.011733
2.77,-0.02233,0.00013064,0.00013064,-0.011721
2.78,-0.02233,0.00011757,0.00011757,-0.011708
2.79,-0.02233,0.00010453,0.00010453,-0.011696
2.8,-0.02233,9.1528e-05,9.1528e-05,-0.011683
2.81,-0.02233,7.8568e-05,7.8568e-05,-0.01167
2.82,-0.02233,6.5653e-05,6.5653e-05,-0.011657
2.83,-0.02233,5.2786e-05,5.2786e-05,-0.011644
2.84,-0.02233,3.997e-05,3.997e-05,-0.011631
2.85,-0.02233,2.7209e-05,2.7209e-05,-0.011617
2.86,-0.02233,1.4506e-05,1.4506e-05,-0.011604
2.87,-0.02233,1.8622e-06,1.8622e-06,-0.011591
2.88,-0.02233,-1.0719e-05,-1.0719e-05,-0.011577
2.89,-0.02233,-2.3235e-05,-2.3235e-05,-0.011564
2.9,-0.02233,-3.5685e-05,-3.5685e-05,-0.011551
2.91,-0.02233,-4.8067e-05,-4.8067e-05,-0.011538
2.92,-0.02233,-6.0378e-05,-6.0378e-05,-0.011525
2.93,-0.02233,-7.2617e-05,-7.2617e-05,-0.011512
2.94,-0.02233,-8.4784e-05,-8.4784e-05,-0.011499
2.95,-0.02233,-9.6876e-05,-9.6876e-05,-0.011486
2.96,-0.02233,-0.00010889,-0.00010889,-0.011473
2.97,-0.02233,-0.00012083,-0.00012083,-0.011461
2.98,-0.02233,-0.0001327,-0.0001327,-0.011449
2.99,-0.02233,-0.00014448,-0.00014448,-0.011437
3,-0.02233,-0.00015619,-0.00015619,-0.011425
3.01,-0.02233,-0.00016781,-0.00016781,-0.011413
3.02,-0.02233,-0.00017936,-0.00017936,-0.011402
3.03,-0.02233,-0.00019083,-0.00019083,-0.011391
3.04,-0.02233,-0.00020221,-0.00020221,-0.01138
3.05,-0.02233,-0.00021352,-0.00021352,-0.01137
3.06,-0.02233,-0.00022474,-0.00022474,-0.01136
3.07,-0.02233,-0.00023589,-0.00023589,-0.01135
3.08,-0.02233,-0.00024695,-0.00024695,-0.01134
3.09,-0.02233,-0.00025793,-0.00025793,-0.011331
3.1,-0.02233,-0.00026882,-0.00026882,-0.011323
3.11,-0.02233,-0.00027964,-0.00027964,-0.011314
3.12,-0.02233,-0.00029037,-0.00029037,-0.011306
3.13,-0.02233,-0.00030102,-0.00030102,-0.011299
3.14,-0.02233,-0.00031159,-0.00031159,-0.011292
3.15,-0.02233,-0.00032208,-0.00032208,-0.011285
3.16,-0.02233,-0.00033249,-0.00033249,-0.011279
3.17,-0.02233,-0.00034281,-0.00034281,-0.011273
3.18,-0.02233,-0.00035306,-0.00035306,-0.011267
3.19,-0.02233,-0.00036322,-0.00036322,-0.011262
3.2,-0.02233,-0.0003733,-0.0003733,-0.011258
3.21,-0.02233,-0.0003833,-0.0003833,-0.011253
3.22,-0.02233,-0.00039321,-0.00039321,-0.01125
3.23,-0.02233,-0.00040305,-0.00040305,-0.011246
3.24,-0.02233,-0.0004128,-0.0004128,-0.011244
3.25,-0.02233,-0.00042247,-0.00042247,-0.011241
3.26,-0.02233,-0.00043206,-0.00043206,-0.011239
3.27,-0.02233,-0.00044157,-0.00044157,-0.011238
3.28,-0.02233,-0.000451,-0.000451,-0.011237
3.29,-0.02233,-0.00046034,-0.00046034,-0.011237
3.3,-0.02233,-0.00046961,-0.00046961,-0.011236
3.31,-0.02233,-0.00047879,-0.00047879,-0.011237
3.32,-0.02233,-0.00048789,-0.00048789,-0.011238
3.33,-0.02233,-0.0004969,-0.0004969,-0.011239
3.34,-0.02233,-0.00050583,-0.00050583,-0.011241
3.35,-0.02233,-0.00051468,-0.00051468,-0.011243
3.36,-0.02233,-0.00052345,-0.00052345,-0.011245
3.37,-0.02233,-0.00053213,-0.00053213,-0.011248
3.38,-0.02233,-0.00054073,-0.00054073,-0.011252
3.39,-0.02233,-0.00054924,-0.00054924,-0.011255
3.4,-0.02233,-0.00055767,-0.00055767,-0.01126
3.41,-0.02233,-0.00056602,-0.00056602,-0.011264
3.42,-0.02233,-0.00057427,-0.00057427,-0.011269
3.43,-0.02233,-0.00058245,-0.00058245,-0.011274
3.44,-0.02233,-0.00059053,-0.00059053,-0.01128
3.45,-0.02233,-0.00059853,-0.00059853,-0.011286
3.46,-0.02233,-0.00060644,-0.00060644,-0.011293
3.47,-0.02233,-0.00061427,-0.00061427,-0.011299
3.48,-0.02233,-0.000622,-0.000622,-0.011306
3.49,-0.02233,-0.00062965,-0.00062965,-0.011314
3.5,-0.02233,-0.00063721,-0.00063721,-0.011321
3.51,-0.02233,-0.00064468,-0.00064468,-0.011329
3.52,-0.02233,-0.00065205,-0.00065205,-0.011338
3.53,-0.02233,-0.00065934,-0.00065934,-0.011346
3.54,-0.02233,-0.00066653,-0.00066653,-0.011355
3.55,-0.02233,-0.00067363,-0.00067363,-0.011364
3.56,-0.02233,-0.00068064,-0.00068064,-0.011373
3.57,-0.02233,-0.00068756,-0.00068756,-0.011382
3.58,-0.02233,-0.00069438,-0.00069438,-0.011392
3.59,-0.02233,-0.00070111,-0.00070111,-0.011402
3.6,-0.02233,-0.00070774,-0.00070774,-0.011412
3.61,-0.02233,-0.00071428,-0.00071428,-0.011422
3.62,-0.02233,-0.00072072,-0.00072072,-0.011433
3.63,-0.02233,-0.00072706,-0.00072706,-0.011443
3.64,-0.02233,-0.00073331,-0.00073331,-0.011454
3.65,-0.02233,-0.00073946,-0.00073946,-0.011465
3.66,-0.02233,-0.00074551,-0.00074551,-0.011475
3.67,-0.02233,-0.00075146,-0.00075146,-0.011486
3.68,-0.02233,-0.00075731,-0.00075731,-0.011498
3.69,-0.02233,-0.00076306,-0.00076306,-0.011509
3.7,-0.02233,-0.00076872,-0.00076872,-0.01152
3.71,-0.02233,-0.00077427,-0.00077427,-0.011531
3.72,-0.02233,-0.00077973,-0.00077973,-0.011542
3.73,-0.02233,-0.00078508,-0.00078508,-0.011554
3.74,-0.02233,-0.00079033,-0.00079033,-0.011565
3.75,-0.02233,-0.00079548,-0.00079548,-0.011577
3.76,-0.02233,-0.00080052,-0.00080052,-0.011588
3.77,-0.02233,-0.00080547,-0.00080547,-0.011599
3.78,-0.02233,-0.00081031,-0.00081031,-0.011611
3.79,-0.02233,-0.00081505,-0.00081505,-0.011622
3.8,-0.02233,-0.00081969,-0.00081969,-0.011633
3.81,-0.02233,-0.00082423,-0.00082423,-0.011644
3.82,-0.02233,-0.00082866,-0.00082866,-0.011656
3.83,-0.02233,-0.000833,-0.000833,-0.011667
3.84,-0.02233,-0.00083723,-0.00083723,-0.011678
3.85,-0.02233,-0.00084135,-0.00084135,-0.011689
3.86,-0.02233,-0.00084538,-0.00084538,-0.011699
3.87,-0.02233,-0.0008493,-0.0008493,-0.01171
3.88,-0.02233,-0.00085312,-0.00085312,-0.011721
3.89,-0.02233,-0.00085684,-0.00085684,-0.011731
3.9,-0.02233,-0.00086046,-0.00086046,-0.011742
3.91,-0.02233,-0.00086398,-0.00086398,-0.011752
3.92,-0.02233,-0.00086739,-0.00086739,-0.011762
3.93,-0.02233,-0.00087071,-0.00087071,-0.011772
3.94,-0.02233,-0.00087392,-0.00087392,-0.011782
3.95,-0.02233,-0.00087704,-0.00087704,-0.011791
3.96,-0.02233,-0.00088006,-0.00088006,-0.011801
3.97,-0.02233,-0.00088298,-0.00088298,-0.01181
3.98,-0.02233,-0.0008858,-0.0008858,-0.01182
3.99,-0.02233,-0.00088853,-0.00088853,-0.011829
4,-0.02233,-0.00089116,-0.00089116,-0.011837
4.01,-0.02233,-0.0008937,-0.0008937,-0.011846
4.02,-0.02233,-0.00089614,-0.00089614,-0.011855
4.03,-0.02233,-0.00089848,-0.00089848,-0.011863
4.04,-0.02233,-0.00090074,-0.00090074,-0.011871
4.05,-0.02233,-0.0009029,-0.0009029,-0.011879
4.06,-0.02233,-0.00090497,-0.00090497,-0.011887
4.07,-0.02233,-0.00090695,-0.00090695,-0.011894
4.08,-0.02233,-0.00090884,-0.00090884,-0.011902
4.09,-0.02233,-0.00091064,-0.00091064,-0.011909
4.1,-0.02233,-0.00091236,-0.00091236,-0.011916
4.11,-0.02233,-0.00091399,-0.00091399,-0.011923
4.12,-0.02233,-0.00091553,-0.00091553,-0.011929
4.13,-0.02233,-0.00091699,-0.00091699,-0.011936
4.14,-0.02233,-0.00091837,-0.00091837,-0.011942
4.15,-0.02233,-0.00091967,-0.00091967,-0.011948
4.16,-0.02233,-0.00092088,-0.00092088,-0.011954
4.17,-0.02233,-0.00092202,-0.00092202,-0.01196
4.18,-0.02233,-0.00092308,-0.00092308,-0.011965
4.19,-0.02233,-0.00092407,-0.00092407,-0.01197
4.2,-0.02233,-0.00092498,-0.00092498,-0.011975
4.21,-0.02233,-0.00092582,-0.00092582,-0.01198
4.22,-0.02233,-0.00092658,-0.00092658,-0.011985
4.23,-0.02233,-0.00092728,-0.00092728,-0.01199
4.24,-0.02233,-0.0009279,-0.0009279,-0.011994
4.25,-0.02233,-0.00092846,-0.00092846,-0.011998
4.26,-0.02233,-0.00092895,-0.00092895,-0.012002
4.27,-0.02233,-0.00092938,-0.00092938,-0.012006
4.28,-0.02233,-0.00092974,-0.00092974,-0.01201
4.29,-0.02233,-0.00093004,-0.00093004,-0.012013
4.3,-0.02233,-0.00093028,-0.00093028,-0.012017
4.31,-0.02233,-0.00093046,-0.00093046,-0.01202
4.32,-0.02233,-0.00093059,-0.00093059,-0.012023
4.33,-0.02233,-0.00093066,-0.00093066,-0.012026
4.34,-0.02233,-0.00093067,-0.00093067,-0.012029
4.35,-0.02233,-0.00093063,-0.00093063,-0.012031
4.36,-0.02233,-0.00093055,-0.00093055,-0.012034
4.37,-0.02233,-0.00093041,-0.00093041,-0.012036
4.38,-0.02233,-0.00093022,-0.00093022,-0.012038
4.39,-0.02233,-0.00092999,-0.00092999,-0.012041
4.4,-0.02233,-0.00092971,-0.00092971,-0.012043
4.41,-0.02233,-0.00092939,-0.00092939,-0.012044
4.42,-0.02233,-0.00092903,-0.00092903,-0.012046
4.43,-0.02233,-0.00092863,-0.00092863,-0.012048
4.44,-0.02233,-0.00092818,-0.00092818,-0.012049
4.45,-0.02233,-0.00092771,-0.00092771,-0.012051
4.46,-0.02233,-0.00092719,-0.00092719,-0.012052
4.47,-0.02233,-0.00092664,-0.00092664,-0.012053
4.48,-0.02233,-0.00092606,-0.00092606,-0.012054
4.49,-0.02233,-0.00092545,-0.00092545,-0.012055
4.5,-0.02233,-0.0009248,-0.0009248,-0.012056
4.51,-0.02233,-0.00092413,-0.00092413,-0.012057
4.52,-0.02233,-0.00092343,-0.00092343,-0.012058
4.53,-0.02233,-0.00092271,-0.00092271,-0.012059
4.54,-0.02233,-0.00092196,-0.00092196,-0.01206
4.55,-0.02233,-0.00092119,-0.00092119,-0.01206
4.56,-0.02233,-0.0009204,-0.0009204,-0.012061
4.57,-0.02233,-0.00091959,-0.00091959,-0.012061
4.58,-0.02233,-0.00091876,-0.00091876,-0.012062
4.59,-0.02233,-0.00091791,-0.00091791,-0.012062
4.6,-0.02233,-0.00091704,-0.00091704,-0.012062
4.61,-0.02233,-0.00091617,-0.00091617,-0.012062
4.62,-0.02233,-0.00091527,-0.00091527,-0.012063
4.63,-0.02233,-0.00091437,-0.00091437,-0.012063
4.64,-0.02233,-0.00091345,-0.00091345,-0.012063
4.65,-0.02233,-0.00091253,-0.00091253,-0.012063
4.66,-0.02233,-0.00091159,-0.00091159,-0.012063
4.67,-0.02233,-0.00091065,-0.00091065,-0.012063
4.68,-0.02233,-0.0009097,-0.0009097,-0.012063
4.69,-0.02233,-0.00090874,-0.00090874,-0.012063
4.7,-0.02233,-0.00090778,-0.00090778,-0.012063
4.71,-0.02233,-0.00090682,-0.00090682,-0.012063
4.72,-0.02233,-0.00090585,-0.00090585,-0.012063
4.73,-0.02233,-0.00090489,-0.00090489,-0.012063
4.74,-0.02233,-0.00090392,-0.00090392,-0.012063
4.75,-0.02233,-0.00090295,-0.00090295,-0.012063
4.76,-0.02233,-0.00090199,-0.00090199,-0.012063
4.77,-0.02233,-0.00090102,-0.00090102,-0.012063
4.78,-0.02233,-0.00090006,-0.00090006,-0.012063
4.79,-0.02233,-0.0008991,-0.0008991,-0.012063
4.8,-0.02233,-0.00089815,-0.00089815,-0.012063
4.81,-0.02233,-0.00089721,-0.00089721,-0.012063
4.82,-0.02233,-0.00089626,-0.00089626,-0.012063
4.83,-0.02233,-0.00089533,-0.00089533,-0.012063
4.84,-0.02233,-0.0008944,-0.0008944,-0.012063
4.85,-0.02233,-0.00089349,-0.00089349,-0.012062
4.86,-0.02233,-0.00089258,-0.00089258,-0.012062
4.87,-0.02233,-0.00089168,-0.00089168,-0.012062
4.88,-0.02233,-0.00089079,-0.00089079,-0.012062
4.89,-0.02233,-0.00088991,-0.00088991,-0.012062
4.9,-0.02233,-0.00088904,-0.00088904,-0.012062
4.91,-0.02233,-0.00088818,-0.00088818,-0.012062
4.92,-0.02233,-0.00088734,-0.00088734,-0.012062
4.93,-0.02233,-0.00088651,-0.00088651,-0.012062
4.94,-0.02233,-0.00088569,-0.00088569,-0.012062
4.95,-0.02233,-0.00088489,-0.00088489,-0.012062
4.96,-0.02233,-0.00088409,-0.00088409,-0.012062
4.97,-0.02233,-0.00088332,-0.00088332,-0.012063
4.98,-0.02233,-0.00088256,-0.00088256,-0.012063
4.99,-0.02233,-0.00088181,-0.00088181,-0.012063
5,-0.02233,-0.00088108,-0.00088108,-0.012063
5.01,-0.02233,-0.00088036,-0.00088036,-0.012063
5.02,-0.02233,-0.00087966,-0.00087966,-0.012063
5.03,-0.02233,-0.00087898,-0.00087898,-0.012063
5.04,-0.02233,-0.00087831,-0.00087831,-0.012063
5.05,-0.02233,-0.00087766,-0.00087766,-0.012064
5.06,-0.02233,-0.00087703,-0.00087703,-0.012064
5.07,-0.02233,-0.00087641,-0.00087641,-0.012064
5.08,-0.02233,-0.00087581,-0.00087581,-0.012064
5.09,-0.02233,-0.00087523,-0.00087523,-0.012064
5.1,-0.02233,-0.00087467,-0.00087467,-0.012065
5.11,-0.02233,-0.00087412,-0.00087412,-0.012065
5.12,-0.02233,-0.00087359,-0.00087359,-0.012065
5.13,-0.02233,-0.00087308,-0.00087308,-0.012065
5.14,-0.02233,-0.00087259,-0.00087259,-0.012065
5.15,-0.02233,-0.00087211,-0.00087211,-0.012066
5.16,-0.02233,-0.00087166,-0.00087166,-0.012066
5.17,-0.02233,-0.00087122,-0.00087122,-0.012066
5.18,-0.02233,-0.0008708,-0.0008708,-0.012066
5.19,-0.02233,-0.0008704,-0.0008704,-0.012067
5.2,-0.02233,-0.00087001,-0.00087001,-0.012067
5.21,-0.02233,-0.00086965,-0.00086965,-0.012067
5.22,-0.02233,-0.0008693,-0.0008693,-0.012068
5.23,-0.02233,-0.00086897,-0.00086897,-0.012068
5.24,-0.02233,-0.00086866,-0.00086866,-0.012068
5.25,-0.02233,-0.00086836,-0.00086836,-0.012068
5.26,-0.02233,-0.00086809,-0.00086809,-0.012069
5.27,-0.02233,-0.00086783,-0.00086783,-0.012069
5.28,-0.02233,-0.00086759,-0.00086759,-0.012069
5.29,-0.02233,-0.00086737,-0.00086737,-0.012069
5.3,-0.02233,-0.00086717,-0.00086717,-0.01207
5.31,-0.02233,-0.00086698,-0.00086698,-0.01207
5.32,-0.02233,-0.00086681,-0.00086681,-0.01207
5.33,-0.02233,-0.00086666,-0.00086666,-0.01207
5.34,-0.02233,-0.00086653,-0.00086653,-0.012071
5.35,-0.02233,-0.00086641,-0.00086641,-0.012071
5.36,-0.02233,-0.00086631,-0.00086631,-0.012071
5.37,-0.02233,-0.00086623,-0.00086623,-0.012071
5.38,-0.02233,-0.00086616,-0.00086616,-0.012072
5.39,-0.02233,-0.00086612,-0.00086612,-0.012072
5.4,-0.02233,-0.00086609,-0.00086609,-0.012072
5.41,-0.02233,-0.00086607,-0.00086607,-0.012072
5.42,-0.02233,-0.00086607,-0.00086607,-0.012072
5.43,-0.02233,-0.00086609,-0.00086609,-0.012072
5.44,-0.02233,-0.00086613,-0.00086613,-0.012072
5.45,-0.02233,-0.00086618,-0.00086618,-0.012073
5.46,-0.02233,-0.00086624,-0.00086624,-0.012073
5.47,-0.02233,-0.00086633,-0.00086633,-0.012073
5.48,-0.02233,-0.00086643,-0.00086643,-0.012073
5.49,-0.02233,-0.00086654,-0.00086654,-0.012073
5.5,-0.02233,-0.00086667,-0.00086667,-0.012073
5.51,-0.02233,-0.00086682,-0.00086682,-0.012073
5.52,-0.02233,-0.00086698,-0.00086698,-0.012073
5.53,-0.02233,-0.00086715,-0.00086715,-0.012073
5.54,-0.02233,-0.00086734,-0.00086734,-0.012073
5.55,-0.02233,-0.00086755,-0.00086755,-0.012073
5.56,-0.02233,-0.00086777,-0.00086777,-0.012073
5.57,-0.02233,-0.000868,-0.000868,-0.012073
5.58,-0.02233,-0.00086825,-0.00086825,-0.012073
5.59,-0.02233,-0.00086852,-0.00086852,-0.012073
5.6,-0.02233,-0.0008688,-0.0008688,-0.012073
5.61,-0.02233,-0.00086909,-0.00086909,-0.012072
5.62,-0.02233,-0.00086939,-0.00086939,-0.012072
5.63,-0.02233,-0.00086971,-0.00086971,-0.012072
5.64,-0.02233,-0.00087005,-0.00087005,-0.012072
5.65,-0.02233,-0.0008704,-0.0008704,-0.012072
5.66,-0.02233,-0.00087076,-0.00087076,-0.012072
5.67,-0.02233,-0.00087113,-0.00087113,-0.012071
5.68,-0.02233,-0.00087152,-0.00087152,-0.012071
5.69,-0.02233,-0.00087192,-0.00087192,-0.012071
5.7,-0.02233,-0.00087233,-0.00087233,-0.012071
5.71,-0.02233,-0.00087276,-0.00087276,-0.01207
5.72,-0.02233,-0.0008732,-0.0008732,-0.01207
5.73,-0.02233,-0.00087365,-0.00087365,-0.01207
5.74,-0.02233,-0.00087412,-0.00087412,-0.012069
5.75,-0.02233,-0.0008746,-0.0008746,-0.012069
5.76,-0.02233,-0.00087509,-0.00087509,-0.012069
5.77,-0.02233,-0.00087559,-0.00087559,-0.012068
5.78,-0.02233,-0.00087611,-0.00087611,-0.012068
5.79,-0.02233,-0.00087663,-0.00087663,-0.012068
5.8,-0.02233,-0.00087717,-0.00087717,-0.012067
5.81,-0.02233,-0.00087772,-0.00087772,-0.012067
5.82,-0.02233,-0.00087829,-0.00087829,-0.012067
5.83,-0.02233,-0.00087886,-0.00087886,-0.012066
5.84,-0.02233,-0.00087945,-0.00087945,-0.012066
5.85,-0.02233,-0.00088005,-0.00088005,-0.012065
5.86,-0.02233,-0.00088066,-0.00088066,-0.012065
5.87,-0.02233,-0.00088128,-0.00088128,-0.012064
5.88,-0.02233,-0.00088191,-0.00088191,-0.012064
5.89,-0.02233,-0.00088256,-0.00088256,-0.012064
5.9,-0.02233,-0.00088321,-0.00088321,-0.012063
5.91,-0.02233,-0.00088388,-0.00088388,-0.012063
5.92,-0.02233,-0.00088456,-0.00088456,-0.012062
5.93,-0.02233,-0.00088524,-0.00088524,-0.012062
5.94,-0.02233,-0.00088594,-0.00088594,-0.012061
5.95,-0.02233,-0.00088665,-0.00088665,-0.012061
5.96,-0.02233,-0.00088737,-0.00088737,-0.01206
5.97,-0.02233,-0.00088811,-0.00088811,-0.01206
5.98,-0.02233,-0.00088885,-0.00088885,-0.012059
5.99,-0.02233,-0.0008896,-0.0008896,-0.012059
6,-0.02233,-0.00089036,-0.00089036,-0.012058
6.01,-0.02233,-0.00089114,-0.00089114,-0.012058
6.02,-0.02233,-0.00089192,-0.00089192,-0.012057
6.03,-0.02233,-0.00089272,-0.00089272,-0.012057
6.04,-0.02233,-0.00089352,-0.00089352,-0.012056
6.05,-0.02233,-0.00089433,-0.00089433,-0.012056
6.06,-0.02233,-0.00089516,-0.00089516,-0.012055
6.07,-0.02233,-0.00089599,-0.00089599,-0.012055
6.08,-0.02233,-0.00089684,-0.00089684,-0.012054
6.09,-0.02233,-0.00089769,-0.00089769,-0.012054
6.1,-0.02233,-0.00089855,-0.00089855,-0.012053
6.11,-0.02233,-0.00089943,-0.00089943,-0.012053
6.12,-0.02233,-0.00090031,-0.00090031,-0.012052
6.13,-0.02233,-0.0009012,-0.0009012,-0.012052
6.14,-0.02233,-0.0009021,-0.0009021,-0.012051
6.15,-0.02233,-0.00090301,-0.00090301,-0.012051
6.16,-0.02233,-0.00090393,-0.00090393,-0.012051
6.17,-0.02233,-0.00090486,-0.00090486,-0.01205
6.18,-0.02233,-0.0009058,-0.0009058,-0.01205
6.19,-0.02233,-0.00090675,-0.00090675,-0.012049
6.2,-0.02233,-0.0009077,-0.0009077,-0.012049
6.21,-0.02233,-0.00090867,-0.00090867,-0.012048
6.22,-0.02233,-0.00090964,-0.00090964,-0.012048
6.23,-0.02233,-0.00091062,-0.00091062,-0.012048
6.24,-0.02233,-0.00091161,-0.00091161,-0.012047
6.25,-0.02233,-0.00091261,-0.00091261,-0.012047
6.26,-0.02233,-0.00091362,-0.00091362,-0.012047
6.27,-0.02233,-0.00091464,-0.00091464,-0.012046
6.28,-0.02233,-0.00091566,-0.00091566,-0.012046
6.29,-0.02233,-0.00091669,-0.00091669,-0.012045
6.3,-0.02233,-0.00091773,-0.00091773,-0.012045
6.31,-0.02233,-0.00091878,-0.00091878,-0.012045
6.32,-0.02233,-0.00091983,-0.00091983,-0.012044
6.33,-0.02233,-0.0009209,-0.0009209,-0.012044
6.34,-0.02233,-0.00092197,-0.00092197,-0.012044
6.35,-0.02233,-0.00092305,-0.00092305,-0.012044
6.36,-0.02233,-0.00092413,-0.00092413,-0.012043
6.37,-0.02233,-0.00092523,-0.00092523,-0.012043
6.38,-0.02233,-0.00092633,-0.00092633,-0.012043
6.39,-0.02233,-0.00092743,-0.00092743,-0.012043
6.4,-0.02233,-0.00092855,-0.00092855,-0.012042
6.41,-0.02233,-0.00092967,-0.00092967,-0.012042
6.42,-0.02233,-0.0009308,-0.0009308,-0.012042
6.43,-0.02233,-0.00093193,-0.00093193,-0.012042
6.44,-0.02233,-0.00093308,-0.00093308,-0.012042
6.45,-0.02233,-0.00093422,-0.00093422,-0.012041
6.46,-0.02233,-0.00093538,-0.00093538,-0.012041
6.47,-0.02233,-0.00093654,-0.00093654,-0.012041
6.48,-0.02233,-0.00093771,-0.00093771,-0.012041
6.49,-0.02233,-0.00093888,-0.00093888,-0.012041
6.5,-0.02233,-0.00094006,-0.00094006,-0.012041
6.51,-0.02233,-0.00094124,-0.00094124,-0.012041
6.52,-0.02233,-0.00094244,-0.00094244,-0.01204
6.53,-0.02233,-0.00094363,-0.00094363,-0.01204
6.54,-0.02233,-0.00094483,-0.00094483,-0.01204
6.55,-0.02233,-0.00094604,-0.00094604,-0.01204
6.56,-0.02233,-0.00094726,-0.00094726,-0.01204
6.57,-0.02233,-0.00094847,-0.00094847,-0.01204
6.58,-0.02233,-0.0009497,-0.0009497,-0.01204
6.59,-0.02233,-0.00095093,-0.00095093,-0.01204
6.6,-0.02233,-0.00095216,-0.00095216,-0.01204
6.61,-0.02233,-0.0009534,-0.0009534,-0.01204
6.62,-0.02233,-0.00095464,-0.00095464,-0.01204
6.63,-0.02233,-0.00095589,-0.00095589,-0.01204
6.64,-0.02233,-0.00095714,-0.00095714,-0.01204
6.65,-0.02233,-0.0009584,-0.0009584,-0.01204
6.66,-0.02233,-0.00095966,-0.00095966,-0.01204
6.67,-0.02233,-0.00096093,-0.00096093,-0.01204
6.68,-0.02233,-0.0009622,-0.0009622,-0.01204
6.69,-0.02233,-0.00096347,-0.00096347,-0.01204
6.7,-0.02233,-0.00096475,-0.00096475,-0.01204
6.71,-0.02233,-0.00096603,-0.00096603,-0.01204
6.72,-0.02233,-0.00096731,-0.00096731,-0.01204
6.73,-0.02233,-0.0009686,-0.0009686,-0.01204
6.74,-0.02233,-0.0009699,-0.0009699,-0.01204
6.75,-0.02233,-0.00097119,-0.00097119,-0.012041
6.76,-0.02233,-0.00097249,-0.00097249,-0.012041
6.77,-0.02233,-0.00097379,-0.00097379,-0.012041
6.78,-0.02233,-0.0009751,-0.0009751,-0.012041
6.79,-0.02233,-0.00097641,-0.00097641,-0.012041
6.8,-0.02233,-0.00097772,-0.00097772,-0.012041
6.81,-0.02233,-0.00097903,-0.00097903,-0.012041
6.82,-0.02233,-0.00098035,-0.00098035,-0.012041
6.83,-0.02233,-0.00098167,-0.00098167,-0.012041
6.84,-0.02233,-0.00098299,-0.00098299,-0.012042
6.85,-0.02233,-0.00098432,-0.00098432,-0.012042
6.86,-0.02233,-0.00098564,-0.00098564,-0.012042
6.87,-0.02233,-0.00098697,-0.00098697,-0.012042
6.88,-0.02233,-0.00098831,-0.00098831,-0.012042
6.89,-0.02233,-0.00098964,-0.00098964,-0.012042
6.9,-0.02233,-0.00099098,-0.00099098,-0.012042
6.91,-0.02233,-0.00099231,-0.00099231,-0.012043
6.92,-0.02233,-0.00099365,-0.00099365,-0.012043
6.93,-0.02233,-0.000995,-0.000995,-0.012043
6.94,-0.02233,-0.00099634,-0.00099634,-0.012043
6.95,-0.02233,-0.00099769,-0.00099769,-0.012043
6.96,-0.02233,-0.00099903,-0.00099903,-0.012043
6.97,-0.02233,-0.0010004,-0.0010004,-0.012044
6.98,-0.02233,-0.0010017,-0.0010017,-0.012044
6.99,-0.02233,-0.0010031,-0.0010031,-0.012044
7,-0.02233,-0.0010044,-0.0010044,-0.012044
7.01,-0.02233,-0.0010058,-0.0010058,-0.012044
7.02,-0.02233,-0.0010071,-0.0010071,-0.012045
7.03,-0.02233,-0.0010085,-0.0010085,-0.012045
7.04,-0.02233,-0.0010099,-0.0010099,-0.012045
7.05,-0.02233,-0.0010112,-0.0010112,-0.012045
7.06,-0.02233,-0.0010126,-0.0010126,-0.012045
7.07,-0.02233,-0.0010139,-0.0010139,-0.012046
7.08,-0.02233,-0.0010153,-0.0010153,-0.012046
7.09,-0.02233,-0.0010167,-0.0010167,-0.012046
7.1,-0.02233,-0.001018,-0.001018,-0.012046
7.11,-0.02233,-0.0010194,-0.0010194,-0.012046
7.12,-0.02233,-0.0010208,-0.0010208,-0.012046
7.13,-0.02233,-0.0010221,-0.0010221,-0.012047
7.14,-0.02233,-0.0010235,-0.0010235,-0.012047
7.15,-0.02233,-0.0010249,-0.0010249,-0.012047
7.16,-0.02233,-0.0010262,-0.0010262,-0.012047
7.17,-0.02233,-0.0010276,-0.0010276,-0.012047
7.18,-0.02233,-0.001029,-0.001029,-0.012048
7.19,-0.02233,-0.0010303,-0.0010303,-0.012048
7.2,-0.02233,-0.0010317,-0.0010317,-0.012048
7.21,-0.02233,-0.0010331,-0.0010331,-0.012048
7.22,-0.02233,-0.0010344,-0.0010344,-0.012048
7.23,-0.02233,-0.0010358,-0.0010358,-0.012049
7.24,-0.02233,-0.0010372,-0.0010372,-0.012049
7.25,-0.02233,-0.0010385,-0.0010385,-0.012049
7.26,-0.02233,-0.0010399,-0.0010399,-0.012049
7.27,-0.02233,-0.0010413,-0.0010413,-0.012049
7.28,-0.02233,-0.0010426,-0.0010426,-0.01205
7.29,-0.02233,-0.001044,-0.001044,-0.01205
7.3,-0.02233,-0.0010454,-0.0010454,-0.01205
7.31,-0.02233,-0.0010468,-0.0010468,-0.01205
7.32,-0.02233,-0.0010481,-0.0010481,-0.01205
7.33,-0.02233,-0.0010495,-0.0010495,-0.012051
7.34,-0.02233,-0.0010509,-0.0010509,-0.012051
7.35,-0.02233,-0.0010522,-0.0010522,-0.012051
7.36,-0.02233,-0.0010536,-0.0010536,-0.012051
7.37,-0.02233,-0.001055,-0.001055,-0.012051
7.38,-0.02233,-0.0010563,-0.0010563,-0.012051
7.39,-0.02233,-0.0010577,-0.0010577,-0.012052
7.4,-0.02233,-0.0010591,-0.0010591,-0.012052
7.41,-0.02233,-0.0010604,-0.0010604,-0.012052
7.42,-0.02233,-0.0010618,-0.0010618,-0.012052
7.43,-0.02233,-0.0010632,-0.0010632,-0.012052
7.44,-0.02233,-0.0010646,-0.0010646,-0.012053
7.45,-0.02233,-0.0010659,-0.0010659,-0.012053
7.46,-0.02233,-0.0010673,-0.0010673,-0.012053
7.47,-0.02233,-0.0010687,-0.0010687,-0.012053
7.48,-0.02233,-0.00107,-0.00107,-0.012053
7.49,-0.02233,-0.0010714,-0.0010714,-0.012053
7.5,-0.02233,-0.0010728,-0.0010728,-0.012054
7.51,-0.02233,-0.0010741,-0.0010741,-0.012054
7.52,-0.02233,-0.0010755,-0.0010755,-0.012054
7.53,-0.02233,-0.0010769,-0.0010769,-0.012054
7.54,-0.02233,-0.0010782,-0.0010782,-0.012054
7.55,-0.02233,-0.0010796,-0.0010796,-0.012055
7.56,-0.02233,-0.001081,-0.001081,-0.012055
7.57,-0.02233,-0.0010823,-0.0010823,-0.012055
7.58,-0.02233,-0.0010837,-0.0010837,-0.012055
7.59,-0.02233,-0.001085,-0.001085,-0.012055
7.6,-0.02233,-0.0010864,-0.0010864,-0.012055
7.61,-0.02233,-0.0010878,-0.0010878,-0.012056
7.62,-0.02233,-0.0010891,-0.0010891,-0.012056
7.63,-0.02233,-0.0010905,-0.0010905,-0.012056
7.64,-0.02233,-0.0010919,-0.0010919,-0.012056
7.65,-0.02233,-0.0010932,-0.0010932,-0.012056
7.66,-0.02233,-0.0010946,-0.0010946,-0.012056
7.67,-0.02233,-0.001096,-0.001096,-0.012057
7.68,-0.02233,-0.0010973,-0.0010973,-0.012057
7.69,-0.02233,-0.0010987,-0.0010987,-0.012057
7.7,-0.02233,-0.0011,-0.0011,-0.012057
7.71,-0.02233,-0.0011014,-0.0011014,-0.012057
7.72,-0.02233,-0.0011028,-0.0011028,-0.012058
7.73,-0.02233,-0.0011041,-0.0011041,-0.012058
7.74,-0.02233,-0.0011055,-0.0011055,-0.012058
7.75,-0.02233,-0.0011068,-0.0011068,-0.012058
7.76,-0.02233,-0.0011082,-0.0011082,-0.012058
7.77,-0.02233,-0.0011096,-0.0011096,-0.012058
7.78,-0.02233,-0.0011109,-0.0011109,-0.012059
7.79,-0.02233,-0.0011123,-0.0011123,-0.012059
7.8,-0.02233,-0.0011136,-0.0011136,-0.012059
7.81,-0.02233,-0.001115,-0.001115,-0.012059
7.82,-0.02233,-0.0011164,-0.0011164,-0.012059
7.83,-0.02233,-0.0011177,-0.0011177,-0.01206
7.84,-0.02233,-0.0011191,-0.0011191,-0.01206
7.85,-0.02233,-0.0011204,-0.0011204,-0.01206
7.86,-0.02233,-0.0011218,-0.0011218,-0.01206
7.87,-0.02233,-0.0011231,-0.0011231,-0.01206
7.88,-0.02233,-0.0011245,-0.0011245,-0.01206
7.89,-0.02233,-0.0011259,-0.0011259,-0.012061
7.9,-0.02233,-0.0011272,-0.0011272,-0.012061
7.91,-0.02233,-0.0011286,-0.0011286,-0.012061
7.92,-0.02233,-0.0011299,-0.0011299,-0.012061
7.93,-0.02233,-0.0011313,-0.0011313,-0.012061
7.94,-0.02233,-0.0011326,-0.0011326,-0.012062
7.95,-0.02233,-0.001134,-0.001134,-0.012062
7.96,-0.02233,-0.0011354,-0.0011354,-0.012062
7.97,-0.02233,-0.0011367,-0.0011367,-0.012062
7.98,-0.02233,-0.0011381,-0.0011381,-0.012062
7.99,-0.02233,-0.0011394,-0.0011394,-0.012062
8,-0.02233,-0.0011408,-0.0011408,-0.012063
8.01,-0.02233,-0.0011421,-0.0011421,-0.012063
8.02,-0.02233,-0.0011435,-0.0011435,-0.012063
8.03,-0.02233,-0.0011449,-0.0011449,-0.012063
8.04,-0.02233,-0.0011462,-0.0011462,-0.012063
8.05,-0.02233,-0.0011476,-0.0011476,-0.012064
8.06,-0.02233,-0.0011489,-0.0011489,-0.012064
8.07,-0.02233,-0.0011503,-0.0011503,-0.012064
8.08,-0.02233,-0.0011516,-0.0011516,-0.012064
8.09,-0.02233,-0.001153,-0.001153,-0.012064
8.1,-0.02233,-0.0011543,-0.0011543,-0.012065
8.11,-0.02233,-0.0011557,-0.0011557,-0.012065
8.12,-0.02233,-0.001157,-0.001157,-0.012065
8.13,-0.02233,-0.0011584,-0.0011584,-0.012065
8.14,-0.02233,-0.0011598,-0.0011598,-0.012065
8.15,-0.02233,-0.0011611,-0.0011611,-0.012066
8.16,-0.02233,-0.0011625,-0.0011625,-0.012066
8.17,-0.02233,-0.0011638,-0.0011638,-0.012066
8.18,-0.02233,-0.0011652,-0.0011652,-0.012066
8.19,-0.02233,-0.0011665,-0.0011665,-0.012066
8.2,-0.02233,-0.0011679,-0.0011679,-0.012067
8.21,-0.02233,-0.0011692,-0.0011692,-0.012067
8.22,-0.02233,-0.0011706,-0.0011706,-0.012067
8.23,-0.02233,-0.0011719,-0.0011719,-0.012067
8.24,-0.02233,-0.0011733,-0.0011733,-0.012067
8.25,-0.02233,-0.0011746,-0.0011746,-0.012067
8.26,-0.02233,-0.001176,-0.001176,-0.012068
8.27,-0.02233,-0.0011774,-0.0011774,-0.012068
8.28,-0.02233,-0.0011787,-0.0011787,-0.012068
8.29,-0.02233,-0.0011801,-0.0011801,-0.012068
8.3,-0.02233,-0.0011814,-0.0011814,-0.012068
8.31,-0.02233,-0.0011828,-0.0011828,-0.012069
8.32,-0.02233,-0.0011841,-0.0011841,-0.012069
8.33,-0.02233,-0.0011855,-0.0011855,-0.012069
8.34,-0.02233,-0.0011868,-0.0011868,-0.012069
8.35,-0.02233,-0.0011882,-0.0011882,-0.012069
8.36,-0.02233,-0.0011895,-0.0011895,-0.01207
8.37,-0.02233,-0.0011909,-0.0011909,-0.01207
8.38,-0.02233,-0.0011922,-0.0011922,-0.01207
8.39,-0.02233,-0.0011936,-0.0011936,-0.01207
8.4,-0.02233,-0.001195,-0.001195,-0.01207
8.41,-0.02233,-0.0011963,-0.0011963,-0.012071
8.42,-0.02233,-0.0011977,-0.0011977,-0.012071
8.43,-0.02233,-0.001199,-0.001199,-0.012071
8.44,-0.02233,-0.0012004,-0.0012004,-0.012071
8.45,-0.02233,-0.0012017,-0.0012017,-0.012071
8.46,-0.02233,-0.0012031,-0.0012031,-0.012072
8.47,-0.02233,-0.0012044,-0.0012044,-0.012072
8.48,-0.02233,-0.0012058,-0.0012058,-0.012072
8.49,-0.02233,-0.0012071,-0.0012071,-0.012072
8.5,-0.02233,-0.0012085,-0.0012085,-0.012072
8.51,-0.02233,-0.0012098,-0.0012098,-0.012072
8.52,-0.02233,-0.0012112,-0.0012112,-0.012073
8.53,-0.02233,-0.0012125,-0.0012125,-0.012073
8.54,-0.02233,-0.0012139,-0.0012139,-0.012073
8.55,-0.02233,-0.0012153,-0.0012153,-0.012073
8.56,-0.02233,-0.0012166,-0.0012166,-0.012073
8.57,-0.02233,-0.001218,-0.001218,-0.012074
8.58,-0.02233,-0.0012193,-0.0012193,-0.012074
8.59,-0.02233,-0.0012207,-0.0012207,-0.012074
8.6,-0.02233,-0.001222,-0.001222,-0.012074
8.61,-0.02233,-0.0012234,-0.0012234,-0.012074
8.62,-0.02233,-0.0012247,-0.0012247,-0.012075
8.63,-0.02233,-0.0012261,-0.0012261,-0.012075
8.64,-0.02233,-0.0012274,-0.0012274,-0.012075
8.65,-0.02233,-0.0012288,-0.0012288,-0.012075
8.66,-0.02233,-0.0012301,-0.0012301,-0.012075
8.67,-0.02233,-0.0012315,-0.0012315,-0.012075
8.68,-0.02233,-0.0012329,-0.0012329,-0.012076
8.69,-0.02233,-0.0012342,-0.0012342,-0.012076
8.7,-0.02233,-0.0012356,-0.0012356,-0.012076
8.71,-0.02233,-0.0012369,-0.0012369,-0.012076
8.72,-0.02233,-0.0012383,-0.0012383,-0.012076
8.73,-0.02233,-0.0012396,-0.0012396,-0.012077
8.74,-0.02233,-0.001241,-0.001241,-0.012077
8.75,-0.02233,-0.0012423,-0.0012423,-0.012077
8.76,-0.02233,-0.0012437,-0.0012437,-0.012077
8.77,-0.02233,-0.001245,-0.001245,-0.012077
8.78,-0.02233,-0.0012464,-0.0012464,-0.012077
8.79,-0.02233,-0.0012477,-0.0012477,-0.012078
8.8,-0.02233,-0.0012491,-0.0012491,-0.012078
8.81,-0.02233,-0.0012505,-0.0012505,-0.012078
8.82,-0.02233,-0.0012518,-0.0012518,-0.012078
8.83,-0.02233,-0.0012532,-0.0012532,-0.012078
8.84,-0.02233,-0.0012545,-0.0012545,-0.012078
8.85,-0.02233,-0.0012559,-0.0012559,-0.012079
8.86,-0.02233,-0.0012572,-0.0012572,-0.012079
8.87,-0.02233,-0.0012586,-0.0012586,-0.012079
8.88,-0.02233,-0.0012599,-0.0012599,-0.012079
8.89,-0.02233,-0.0012613,-0.0012613,-0.012079
8.9,-0.02233,-0.0012627,-0.0012627,-0.012079
8.91,-0.02233,-0.001264,-0.001264,-0.01208
8.92,-0.02233,-0.0012654,-0.0012654,-0.01208
8.93,-0.02233,-0.0012667,-0.0012667,-0.01208
8.94,-0.02233,-0.0012681,-0.0012681,-0.01208
8.95,-0.02233,-0.0012694,-0.0012694,-0.01208
8.96,-0.02233,-0.0012708,-0.0012708,-0.01208
8.97,-0.02233,-0.0012721,-0.0012721,-0.012081
8.98,-0.02233,-0.0012735,-0.0012735,-0.012081
8.99,-0.02233,-0.0012749,-0.0012749,-0.012081
9,-0.02233,-0.0012762,-0.0012762,-0.012081
9.01,-0.02233,-0.0012776,-0.0012776,-0.012081
9.02,-0.02233,-0.0012789,-0.0012789,-0.012081
9.03,-0.02233,-0.0012803,-0.0012803,-0.012082
9.04,-0.02233,-0.0012816,-0.0012816,-0.012082
9.05,-0.02233,-0.001283,-0.001283,-0.012082
9.06,-0.02233,-0.0012844,-0.0012844,-0.012082
9.07,-0.02233,-0.0012857,-0.0012857,-0.012082
9.08,-0.02233,-0.0012871,-0.0012871,-0.012082
9.09,-0.02233,-0.0012884,-0.0012884,-0.012083
9.1,-0.02233,-0.0012898,-0.0012898,-0.012083
9.11,-0.02233,-0.0012912,-0.0012912,-0.012083
9.12,-0.02233,-0.0012925,-0.0012925,-0.012083
9.13,-0.02233,-0.0012939,-0.0012939,-0.012083
9.14,-0.02233,-0.0012952,-0.0012952,-0.012083
9.15,-0.02233,-0.0012966,-0.0012966,-0.012084
9.16,-0.02233,-0.0012979,-0.0012979,-0.012084
9.17,-0.02233,-0.0012993,-0.0012993,-0.012084
9.18,-0.02233,-0.0013007,-0.0013007,-0.012084
9.19,-0.02233,-0.001302,-0.001302,-0.012084
9.2,-0.02233,-0.0013034,-0.0013034,-0.012084
9.21,-0.02233,-0.0013047,-0.0013047,-0.012084
9.22,-0.02233,-0.0013061,-0.0013061,-0.012085
9.23,-0.02233,-0.0013075,-0.0013075,-0.012085
9.24,-0.02233,-0.0013088,-0.0013088,-0.012085
9.25,-0.02233,-0.0013102,-0.0013102,-0.012085
9.26,-0.02233,-0.0013115,-0.0013115,-0.012085
9.27,-0.02233,-0.0013129,-0.0013129,-0.012085
9.28,-0.02233,-0.0013143,-0.0013143,-0.012086
9.29,-0.02233,-0.0013156,-0.0013156,-0.012086
9.3,-0.02233,-0.001317,-0.001317,-0.012086
9.31,-0.02233,-0.0013184,-0.0013184,-0.012086
9.32,-0.02233,-0.0013197,-0.0013197,-0.012086
9.33,-0.02233,-0.0013211,-0.0013211,-0.012086
9.34,-0.02233,-0.0013224,-0.0013224,-0.012087
9.35,-0.02233,-0.0013238,-0.0013238,-0.012087
9.36,-0.02233,-0.0013252,-0.0013252,-0.012087
9.37,-0.02233,-0.0013265,-0.0013265,-0.012087
9.38,-0.02233,-0.0013279,-0.0013279,-0.012087
9.39,-0.02233,-0.0013292,-0.0013292,-0.012087
9.4,-0.02233,-0.0013306,-0.0013306,-0.012087
9.41,-0.02233,-0.001332,-0.001332,-0.012088
9.42,-0.02233,-0.0013333,-0.0013333,-0.012088
9.43,-0.02233,-0.0013347,-0.0013347,-0.012088
9.44,-0.02233,-0.0013361,-0.0013361,-0.012088
9.45,-0.02233,-0.0013374,-0.0013374,-0.012088
9.46,-0.02233,-0.0013388,-0.0013388,-0.012088
9.47,-0.02233,-0.0013402,-0.0013402,-0.012089
9.48,-0.02233,-0.0013415,-0.0013415,-0.012089
9.49,-0.02233,-0.0013429,-0.0013429,-0.012089
9.5,-0.02233,-0.0013443,-0.0013443,-0.012089
9.51,-0.02233,-0.0013456,-0.0013456,-0.012089
9.52,-0.02233,-0.001347,-0.001347,-0.012089
9.53,-0.02233,-0.0013483,-0.0013483,-0.012089
9.54,-0.02233,-0.0013497,-0.0013497,-0.01209
9.55,-0.02233,-0.0013511,-0.0013511,-0.01209
9.56,-0.02233,-0.0013524,-0.0013524,-0.01209
9.57,-0.02233,-0.0013538,-0.0013538,-0.01209
9.58,-0.02233,-0.0013552,-0.0013552,-0.01209
9.59,-0.02233,-0.0013565,-0.0013565,-0.01209
9.6,-0.02233,-0.0013579,-0.0013579,-0.012091
9.61,-0.02233,-0.0013593,-0.0013593,-0.012091
9.62,-0.02233,-0.0013606,-0.0013606,-0.012091
9.63,-0.02233,-0.001362,-0.001362,-0.012091
9.64,-0.02233,-0.0013634,-0.0013634,-0.012091
9.65,-0.02233,-0.0013647,-0.0013647,-0.012091
9.66,-0.02233,-0.0013661,-0.0013661,-0.012092
9.67,-0.02233,-0.0013675,-0.0013675,-0.012092
9.68,-0.02233,-0.0013688,-0.0013688,-0.012092
9.69,-0.02233,-0.0013702,-0.0013702,-0.012092
9.7,-0.02233,-0.0013716,-0.0013716,-0.012092
9.71,-0.02233,-0.001373,-0.001373,-0.012092
9.72,-0.02233,-0.0013743,-0.0013743,-0.012092
9.73,-0.02233,-0.0013757,-0.0013757,-0.012093
9.74,-0.02233,-0.0013771,-0.0013771,-0.012093
9.75,-0.02233,-0.0013784,-0.0013784,-0.012093
9.76,-0.02233,-0.0013798,-0.0013798,-0.012093
9.77,-0.02233,-0.0013812,-0.0013812,-0.012093
9.78,-0.02233,-0.0013825,-0.0013825,-0.012093
9.79,-0.02233,-0.0013839,-0.0013839,-0.012094
9.8,-0.02233,-0.0013853,-0.0013853,-0.012094
9.81,-0.02233,-0.0013866,-0.0013866,-0.012094
9.82,-0.02233,-0.001388,-0.001388,-0.012094
9.83,-0.02233,-0.0013894,-0.0013894,-0.012094
9.84,-0.02233,-0.0013908,-0.0013908,-0.012094
9.85,-0.02233,-0.0013921,-0.0013921,-0.012094
9.86,-0.02233,-0.0013935,-0.0013935,-0.012095
9.87,-0.02233,-0.0013949,-0.0013949,-0.012095
9.88,-0.02233,-0.0013962,-0.0013962,-0.012095
9.89,-0.02233,-0.0013976,-0.0013976,-0.012095
9.9,-0.02233,-0.001399,-0.001399,-0.012095
9.91,-0.02233,-0.0014003,-0.0014003,-0.012095
9.92,-0.02233,-0.0014017,-0.0014017,-0.012096
9.93,-0.02233,-0.0014031,-0.0014031,-0.012096
9.94,-0.02233,-0.0014045,-0.0014045,-0.012096
9.95,-0.02233,-0.0014058,-0.0014058,-0.012096
9.96,-0.02233,-0.0014072,-0.0014072,-0.012096
9.97,-0.02233,-0.0014086,-0.0014086,-0.012096
9.98,-0.02233,-0.0014099,-0.0014099,-0.012097
9.99,-0.02233,-0.0014113,-0.0014113,-0.012097
