<?xml version="1.0" encoding="UTF-8"?>
<MF0 version="1.1" packageUris="http://schema.mathworks.com/mf0/sl_modelref_info/R2019a">
  <ModelRefInfoRepo.ModelRefInfoRoot type="ModelRefInfoRepo.ModelRefInfoRoot" uuid="68f2a0dd-1735-488f-87c5-d26c32ef346a">
    <autoSolverStatusFlags>323</autoSolverStatusFlags>
    <childModelRefInfo type="ModelRefInfoRepo.ChildModelRefInfo" uuid="f6a2b4d2-d44f-425e-a8d2-19a8599e182c">
      <isSingleInstance>true</isSingleInstance>
      <modelName>closedLoop</modelName>
      <modelPath>closedLoop</modelPath>
    </childModelRefInfo>
    <dataDictionary>robotDataDictionary.sldd</dataDictionary>
    <dataDictionarySet>robotDataDictionary.sldd</dataDictionarySet>
    <dataDictionarySetForDataTypeCheck>robotDataDictionary.sldd</dataDictionarySetForDataTypeCheck>
    <dataTransferInfos>AAFJTQAAAAAOAAAAOAAAAAYAAAAIAAAAAgAAAAAAAAAFAAAACAAAAAAAAAABAAAAAQAAAAAAAAAFAAQAAQAAAAEAAAAAAAAA</dataTransferInfos>
    <defaultsCMapping>{&quot;Inports&quot;:&quot;{\&quot;Name\&quot;:\&quot;Default\&quot;,\&quot;Checksum\&quot;:\&quot;Default\&quot;,\&quot;PerInstancePropertiesChecksum\&quot;:\&quot;\&quot;,\&quot;MemorySectionName\&quot;:\&quot;None\&quot;,\&quot;MemorySectionChecksum\&quot;:\&quot;None\&quot;}&quot;,&quot;Outports&quot;:&quot;{\&quot;Name\&quot;:\&quot;Default\&quot;,\&quot;Checksum\&quot;:\&quot;Default\&quot;,\&quot;PerInstancePropertiesChecksum\&quot;:\&quot;\&quot;,\&quot;MemorySectionName\&quot;:\&quot;None\&quot;,\&quot;MemorySectionChecksum\&quot;:\&quot;None\&quot;}&quot;,&quot;GlobalParameters&quot;:&quot;{\&quot;Name\&quot;:\&quot;Default\&quot;,\&quot;Checksum\&quot;:\&quot;Default\&quot;,\&quot;PerInstancePropertiesChecksum\&quot;:\&quot;\&quot;,\&quot;MemorySectionName\&quot;:\&quot;None\&quot;,\&quot;MemorySectionChecksum\&quot;:\&quot;None\&quot;}&quot;,&quot;LocalParameters&quot;:&quot;{\&quot;Name\&quot;:\&quot;Default\&quot;,\&quot;Checksum\&quot;:\&quot;Default\&quot;,\&quot;PerInstancePropertiesChecksum\&quot;:\&quot;\&quot;,\&quot;MemorySectionName\&quot;:\&quot;None\&quot;,\&quot;MemorySectionChecksum\&quot;:\&quot;None\&quot;}&quot;,&quot;ParameterArguments&quot;:&quot;{\&quot;Name\&quot;:\&quot;Default\&quot;,\&quot;Checksum\&quot;:\&quot;Default\&quot;,\&quot;PerInstancePropertiesChecksum\&quot;:\&quot;\&quot;,\&quot;MemorySectionName\&quot;:\&quot;None\&quot;,\&quot;MemorySectionChecksum\&quot;:\&quot;None\&quot;}&quot;,&quot;SharedLocalDataStores&quot;:&quot;{\&quot;Name\&quot;:\&quot;Default\&quot;,\&quot;Checksum\&quot;:\&quot;Default\&quot;,\&quot;PerInstancePropertiesChecksum\&quot;:\&quot;\&quot;,\&quot;MemorySectionName\&quot;:\&quot;None\&quot;,\&quot;MemorySectionChecksum\&quot;:\&quot;None\&quot;}&quot;,&quot;GlobalDataStores&quot;:&quot;{\&quot;Name\&quot;:\&quot;Default\&quot;,\&quot;Checksum\&quot;:\&quot;Default\&quot;,\&quot;PerInstancePropertiesChecksum\&quot;:\&quot;\&quot;,\&quot;MemorySectionName\&quot;:\&quot;None\&quot;,\&quot;MemorySectionChecksum\&quot;:\&quot;None\&quot;}&quot;,&quot;InternalData&quot;:&quot;{\&quot;Name\&quot;:\&quot;Default\&quot;,\&quot;Checksum\&quot;:\&quot;Default\&quot;,\&quot;PerInstancePropertiesChecksum\&quot;:\&quot;\&quot;,\&quot;MemorySectionName\&quot;:\&quot;None\&quot;,\&quot;MemorySectionChecksum\&quot;:\&quot;None\&quot;}&quot;,&quot;Constants&quot;:&quot;{\&quot;Name\&quot;:\&quot;Default\&quot;,\&quot;Checksum\&quot;:\&quot;Default\&quot;,\&quot;PerInstancePropertiesChecksum\&quot;:\&quot;\&quot;,\&quot;MemorySectionName\&quot;:\&quot;None\&quot;,\&quot;MemorySectionChecksum\&quot;:\&quot;None\&quot;}&quot;,&quot;DataTransfers&quot;:&quot;{\&quot;Name\&quot;:\&quot;Default\&quot;,\&quot;Checksum\&quot;:\&quot;Default\&quot;,\&quot;PerInstancePropertiesChecksum\&quot;:\&quot;\&quot;,\&quot;MemorySectionName\&quot;:\&quot;None\&quot;,\&quot;MemorySectionChecksum\&quot;:\&quot;None\&quot;}&quot;,&quot;ModelData&quot;:&quot;{\&quot;Name\&quot;:\&quot;Default\&quot;,\&quot;Checksum\&quot;:\&quot;Default\&quot;,\&quot;PerInstancePropertiesChecksum\&quot;:\&quot;\&quot;,\&quot;MemorySectionName\&quot;:\&quot;None\&quot;,\&quot;MemorySectionChecksum\&quot;:\&quot;None\&quot;}&quot;,&quot;InitializeTerminate&quot;:&quot;{\&quot;Name\&quot;:\&quot;Default\&quot;,\&quot;Checksum\&quot;:\&quot;Default\&quot;,\&quot;PerInstancePropertiesChecksum\&quot;:\&quot;\&quot;,\&quot;MemorySectionName\&quot;:\&quot;None\&quot;,\&quot;MemorySectionChecksum\&quot;:\&quot;None\&quot;}&quot;,&quot;Execution&quot;:&quot;{\&quot;Name\&quot;:\&quot;Default\&quot;,\&quot;Checksum\&quot;:\&quot;Default\&quot;,\&quot;PerInstancePropertiesChecksum\&quot;:\&quot;\&quot;,\&quot;MemorySectionName\&quot;:\&quot;None\&quot;,\&quot;MemorySectionChecksum\&quot;:\&quot;None\&quot;}&quot;,&quot;SharedUtility&quot;:&quot;{\&quot;Name\&quot;:\&quot;Default\&quot;,\&quot;Checksum\&quot;:\&quot;Default\&quot;,\&quot;PerInstancePropertiesChecksum\&quot;:\&quot;\&quot;,\&quot;MemorySectionName\&quot;:\&quot;None\&quot;,\&quot;MemorySectionChecksum\&quot;:\&quot;None\&quot;}&quot;}</defaultsCMapping>
    <globalVariables>#jointMotionBus#robotDataDictionary.sldd#</globalVariables>
    <globalVariables>#jointTorqueBus#robotDataDictionary.sldd#</globalVariables>
    <globalVariables>#jointVelBus#robotDataDictionary.sldd#</globalVariables>
    <globalVariables>#ts#robotDataDictionary.sldd#</globalVariables>
    <hasBlockWithPeriodicDiscreteSampleTime>true</hasBlockWithPeriodicDiscreteSampleTime>
    <hasContinuousSampleTime>true</hasContinuousSampleTime>
    <hasNonVirtualConstantTs>true</hasNonVirtualConstantTs>
    <hasSavedSparseJacobian>true</hasSavedSparseJacobian>
    <hasVariantModelOrSubsystem>true</hasVariantModelOrSubsystem>
    <inports type="ModelRefInfoRepo.InportInformation" uuid="7d2a78ec-b10a-4856-af55-78b7f20a3e69">
      <isNotDerivPort>true</isNotDerivPort>
      <designMax>inf</designMax>
      <designMin>-inf</designMin>
      <indexType>2</indexType>
      <rateInfo type="ModelRefInfoRepo.RateInfo">
        <compiled>true</compiled>
        <period>0</period>
        <priority>40</priority>
        <rateIdx>0</rateIdx>
      </rateInfo>
      <resolvedSignalObject></resolvedSignalObject>
      <sigNameToEMVCEMap type="ModelRefInfoRepo.SigNameEMVCEInfo" uuid="789f770e-b471-4b32-9912-6a95de65b1cb"/>
    </inports>
    <inports type="ModelRefInfoRepo.InportInformation" uuid="a052c891-5857-4460-bb12-bacf2281f0ac">
      <isNotDerivPort>true</isNotDerivPort>
      <designMax>inf</designMax>
      <designMin>-inf</designMin>
      <indexType>2</indexType>
      <rateInfo type="ModelRefInfoRepo.RateInfo">
        <compiled>true</compiled>
        <period>0</period>
        <priority>40</priority>
        <rateIdx>0</rateIdx>
      </rateInfo>
      <resolvedSignalObject></resolvedSignalObject>
      <sigNameToEMVCEMap type="ModelRefInfoRepo.SigNameEMVCEInfo" uuid="2b56ba27-39b5-473b-9fbb-32add9ccfd89"/>
    </inports>
    <inports type="ModelRefInfoRepo.InportInformation" uuid="c9e3edb9-0703-4d08-9513-41bea7a1d6fc">
      <isNotDerivPort>true</isNotDerivPort>
      <designMax>inf</designMax>
      <designMin>-inf</designMin>
      <indexType>2</indexType>
      <rateInfo type="ModelRefInfoRepo.RateInfo">
        <compiled>true</compiled>
        <period>0</period>
        <priority>40</priority>
        <rateIdx>0</rateIdx>
      </rateInfo>
      <resolvedSignalObject></resolvedSignalObject>
      <sigNameToEMVCEMap type="ModelRefInfoRepo.SigNameEMVCEInfo" uuid="36d2d24c-9cea-423f-9a38-d520ae234ed8"/>
    </inports>
    <inports type="ModelRefInfoRepo.InportInformation" uuid="b4ebc787-e8ed-42ba-baed-bbf8fc4ae725">
      <isNotDerivPort>true</isNotDerivPort>
      <designMax>inf</designMax>
      <designMin>-inf</designMin>
      <indexType>2</indexType>
      <rateInfo type="ModelRefInfoRepo.RateInfo">
        <compiled>true</compiled>
        <period>0</period>
        <priority>40</priority>
        <rateIdx>0</rateIdx>
      </rateInfo>
      <resolvedSignalObject></resolvedSignalObject>
      <sigNameToEMVCEMap type="ModelRefInfoRepo.SigNameEMVCEInfo" uuid="a3bb70e1-7df6-4113-b7fa-b5d6479e6fdf"/>
    </inports>
    <inports type="ModelRefInfoRepo.InportInformation" uuid="661bca01-70ca-4f8a-b55b-cd5ee43a82fd">
      <isNotDerivPort>true</isNotDerivPort>
      <designMax>inf</designMax>
      <designMin>-inf</designMin>
      <indexType>2</indexType>
      <rateInfo type="ModelRefInfoRepo.RateInfo">
        <compiled>true</compiled>
        <period>0</period>
        <priority>40</priority>
        <rateIdx>0</rateIdx>
      </rateInfo>
      <resolvedSignalObject></resolvedSignalObject>
      <sigNameToEMVCEMap type="ModelRefInfoRepo.SigNameEMVCEInfo" uuid="8b412e4b-ad9e-4c26-ac5c-b50553b076ca"/>
    </inports>
    <inports type="ModelRefInfoRepo.InportInformation" uuid="88a913c8-6289-48b6-96b6-124d747b77d8">
      <isNotDerivPort>true</isNotDerivPort>
      <designMax>inf</designMax>
      <designMin>-inf</designMin>
      <indexType>2</indexType>
      <rateInfo type="ModelRefInfoRepo.RateInfo">
        <compiled>true</compiled>
        <period>0</period>
        <priority>40</priority>
        <rateIdx>0</rateIdx>
      </rateInfo>
      <resolvedSignalObject></resolvedSignalObject>
      <sigNameToEMVCEMap type="ModelRefInfoRepo.SigNameEMVCEInfo" uuid="c676856c-5ae1-4e9b-9998-2b3d6457cfb6"/>
    </inports>
    <isNumAllowedInstancesOne>true</isNumAllowedInstancesOne>
    <isOrigInportVirtualBus>true</isOrigInportVirtualBus>
    <isOrigOutportVirtualBus>true</isOrigOutportVirtualBus>
    <isPreCompSingleRate>false</isPreCompSingleRate>
    <isRefModelConstant>false</isRefModelConstant>
    <loggingSaveFormat>6</loggingSaveFormat>
    <massMatrixNzMax>60</massMatrixNzMax>
    <massMatrixType>1</massMatrixType>
    <maxFreqHz>-1</maxFreqHz>
    <numContinuousStates>72</numContinuousStates>
    <origInportBusType>jointMotionBus</origInportBusType>
    <origOutportBusType>jointMotionBus</origOutportBusType>
    <outports type="ModelRefInfoRepo.OutportInformation" uuid="c1fa519e-9c96-4643-84a8-1e1ab0f8ad32">
      <designMax>inf</designMax>
      <designMin>-inf</designMin>
      <indexType>2</indexType>
      <rateInfo type="ModelRefInfoRepo.RateInfo">
        <compiled>true</compiled>
        <period>0</period>
        <priority>40</priority>
        <rateIdx>0</rateIdx>
      </rateInfo>
      <resolvedSignalObject></resolvedSignalObject>
      <sigNameToEMVCEMap type="ModelRefInfoRepo.SigNameEMVCEInfo" uuid="6891dc7b-fbae-47e5-8d91-b886b9d4a495"/>
    </outports>
    <outports type="ModelRefInfoRepo.OutportInformation" uuid="a0ccae10-e7f8-4ebf-858e-82583ddf440f">
      <designMax>inf</designMax>
      <designMin>-inf</designMin>
      <indexType>2</indexType>
      <rateInfo type="ModelRefInfoRepo.RateInfo">
        <compiled>true</compiled>
        <period>0</period>
        <priority>40</priority>
        <rateIdx>0</rateIdx>
      </rateInfo>
      <resolvedSignalObject></resolvedSignalObject>
      <sigNameToEMVCEMap type="ModelRefInfoRepo.SigNameEMVCEInfo" uuid="a775c6d0-0136-40bb-92d0-6f84cb9eba09"/>
    </outports>
    <outports type="ModelRefInfoRepo.OutportInformation" uuid="b51ec8c0-0ab1-44b4-bb0e-ce5ae3f38ed6">
      <designMax>inf</designMax>
      <designMin>-inf</designMin>
      <indexType>2</indexType>
      <rateInfo type="ModelRefInfoRepo.RateInfo">
        <compiled>true</compiled>
        <period>0</period>
        <priority>40</priority>
        <rateIdx>0</rateIdx>
      </rateInfo>
      <resolvedSignalObject></resolvedSignalObject>
      <sigNameToEMVCEMap type="ModelRefInfoRepo.SigNameEMVCEInfo" uuid="34f86970-d973-4fea-a59c-0961a3be5d89"/>
    </outports>
    <outports type="ModelRefInfoRepo.OutportInformation" uuid="9c8a96b6-85ad-4e8c-b2c2-a61afd139bad">
      <designMax>inf</designMax>
      <designMin>-inf</designMin>
      <indexType>2</indexType>
      <rateInfo type="ModelRefInfoRepo.RateInfo">
        <compiled>true</compiled>
        <period>0</period>
        <priority>40</priority>
        <rateIdx>0</rateIdx>
      </rateInfo>
      <resolvedSignalObject></resolvedSignalObject>
      <sigNameToEMVCEMap type="ModelRefInfoRepo.SigNameEMVCEInfo" uuid="c7150645-e5aa-4429-a19d-01fdc8c8ee6a"/>
    </outports>
    <outports type="ModelRefInfoRepo.OutportInformation" uuid="9e45c049-6092-4428-a5bb-9bebaee78647">
      <designMax>inf</designMax>
      <designMin>-inf</designMin>
      <indexType>2</indexType>
      <rateInfo type="ModelRefInfoRepo.RateInfo">
        <compiled>true</compiled>
        <period>0</period>
        <priority>40</priority>
        <rateIdx>0</rateIdx>
      </rateInfo>
      <resolvedSignalObject></resolvedSignalObject>
      <sigNameToEMVCEMap type="ModelRefInfoRepo.SigNameEMVCEInfo" uuid="43a12e3e-d69f-4929-b7b2-e7515ff976ea"/>
    </outports>
    <outports type="ModelRefInfoRepo.OutportInformation" uuid="9dd1f1a1-0809-4d5c-a64d-73bf6758a326">
      <designMax>inf</designMax>
      <designMin>-inf</designMin>
      <indexType>2</indexType>
      <rateInfo type="ModelRefInfoRepo.RateInfo">
        <compiled>true</compiled>
        <period>0</period>
        <priority>40</priority>
        <rateIdx>0</rateIdx>
      </rateInfo>
      <resolvedSignalObject></resolvedSignalObject>
      <sigNameToEMVCEMap type="ModelRefInfoRepo.SigNameEMVCEInfo" uuid="4a6a520f-6581-4ce7-99cf-e439351db205"/>
    </outports>
    <preCompAllowConstTsOnPorts>false</preCompAllowConstTsOnPorts>
    <preCompAllowPortBasedInTriggeredSS>false</preCompAllowPortBasedInTriggeredSS>
    <runtimeNonFcnCallRateInfos type="ModelRefInfoRepo.RateInfo">
      <compiled>true</compiled>
      <period>0</period>
      <priority>40</priority>
      <rateIdx>0</rateIdx>
    </runtimeNonFcnCallRateInfos>
    <runtimeNonFcnCallRateInfos type="ModelRefInfoRepo.RateInfo">
      <compiled>true</compiled>
      <nonFcnCallPartitionName>Cont</nonFcnCallPartitionName>
      <period>0.0025000000000000001</period>
      <priority>40</priority>
      <rateIdx>1</rateIdx>
    </runtimeNonFcnCallRateInfos>
    <sFcnInfo type="ModelRefInfoRepo.SFcnInformation" uuid="7616fa37-7352-409f-aea1-2b64e149cdc7">
      <blockSID>closedLoop:3837:228</blockSID>
      <mexPath>C:\Program Files\MATLAB\R2019a\toolbox\rtw\targets\xpc\target\build\xpcblocks\scblock.mexw64</mexPath>
      <name>scblock</name>
      <parameters type="ModelRefInfoRepo.SFcnParameter" uuid="91cbbe51-1128-4098-baa7-1b6e8119d64d">
        <parameter>AAFJTQAAAAAOAAAAOAAAAAYAAAAIAAAABgAAAAAAAAAFAAAACAAAAAEAAAABAAAAAQAAAAAAAAAJAAAACAAAAAAAAAAAAPA/</parameter>
      </parameters>
      <parameters type="ModelRefInfoRepo.SFcnParameter" uuid="7ae59959-81a2-4aba-a0b1-68fe3fd7226a">
        <parameter>AAFJTQAAAAAOAAAAOAAAAAYAAAAIAAAABgAAAAAAAAAFAAAACAAAAAEAAAABAAAAAQAAAAAAAAAJAAAACAAAAAAAAAAAAABA</parameter>
      </parameters>
      <parameters type="ModelRefInfoRepo.SFcnParameter" uuid="52264376-237b-4f0b-9b4d-87626cd6c943">
        <parameter>AAFJTQAAAAAOAAAAOAAAAAYAAAAIAAAABgAAAAAAAAAFAAAACAAAAAEAAAABAAAAAQAAAAAAAAAJAAAACAAAAAAAAAAAAAhA</parameter>
      </parameters>
      <parameters type="ModelRefInfoRepo.SFcnParameter" uuid="b556f704-1555-4dc9-a6ca-921176a6a5df">
        <parameter>AAFJTQAAAAAOAAAAOAAAAAYAAAAIAAAABgAAAAAAAAAFAAAACAAAAAEAAAABAAAAAQAAAAAAAAAJAAAACAAAAAAAAAAAAPA/</parameter>
      </parameters>
      <parameters type="ModelRefInfoRepo.SFcnParameter" uuid="dc1634f2-0d92-48b6-9109-d821b7814757">
        <parameter>AAFJTQAAAAAOAAAAQAAAAAYAAAAIAAAABgAAAAAAAAAFAAAACAAAAAEAAAACAAAAAQAAAAAAAAAJAAAAEAAAAAAAAAAAAFnAAAAAAAAAWUA=</parameter>
      </parameters>
      <parameters type="ModelRefInfoRepo.SFcnParameter" uuid="87423c0d-232d-420b-bd01-f956a86df49b">
        <parameter>AAFJTQAAAAAOAAAAOAAAAAYAAAAIAAAABgAAAAAAAAAFAAAACAAAAAEAAAABAAAAAQAAAAAAAAAJAAAACAAAAAAAAAAAAPA/</parameter>
      </parameters>
      <parameters type="ModelRefInfoRepo.SFcnParameter" uuid="3d673f0a-b056-44d5-9aec-6cbe4ca6eab1">
        <parameter>AAFJTQAAAAAOAAAAOAAAAAYAAAAIAAAABgAAAAAAAAAFAAAACAAAAAEAAAABAAAAAQAAAAAAAAAJAAAACAAAAAAAAAAAiLNA</parameter>
      </parameters>
      <parameters type="ModelRefInfoRepo.SFcnParameter" uuid="aaa98aaf-3b30-4f82-bfca-a140ca476954">
        <parameter>AAFJTQAAAAAOAAAAOAAAAAYAAAAIAAAABgAAAAAAAAAFAAAACAAAAAEAAAABAAAAAQAAAAAAAAAJAAAACAAAAAAAAAAAAPA/</parameter>
      </parameters>
      <parameters type="ModelRefInfoRepo.SFcnParameter" uuid="403010c0-9ebe-4e26-847d-fbb8474131f9">
        <parameter>AAFJTQAAAAAOAAAAOAAAAAYAAAAIAAAABgAAAAAAAAAFAAAACAAAAAEAAAABAAAAAQAAAAAAAAAJAAAACAAAAAAAAAAAAPA/</parameter>
      </parameters>
      <parameters type="ModelRefInfoRepo.SFcnParameter" uuid="8561d6bf-c56a-4a7b-8f43-96445317c905">
        <parameter>AAFJTQAAAAAOAAAAOAAAAAYAAAAIAAAABgAAAAAAAAAFAAAACAAAAAEAAAABAAAAAQAAAAAAAAAJAAAACAAAAAAAAAAAAPA/</parameter>
      </parameters>
      <parameters type="ModelRefInfoRepo.SFcnParameter" uuid="d4fcfea7-8d70-4c54-8dec-05a876e74acc">
        <parameter>AAFJTQAAAAAOAAAAOAAAAAYAAAAIAAAABgAAAAAAAAAFAAAACAAAAAEAAAABAAAAAQAAAAAAAAAJAAAACAAAAAAAAAAAAAAA</parameter>
      </parameters>
      <parameters type="ModelRefInfoRepo.SFcnParameter" uuid="40093c9a-046a-4e8c-9e72-9c5e82d222c3">
        <parameter>AAFJTQAAAAAOAAAAOAAAAAYAAAAIAAAABgAAAAAAAAAFAAAACAAAAAEAAAABAAAAAQAAAAAAAAAJAAAACAAAAAAAAAAAAPA/</parameter>
      </parameters>
      <parameters type="ModelRefInfoRepo.SFcnParameter" uuid="6687d71f-2e4d-4870-bbdd-46d1f9ca359a">
        <parameter>AAFJTQAAAAAOAAAAOAAAAAYAAAAIAAAABgAAAAAAAAAFAAAACAAAAAEAAAABAAAAAQAAAAAAAAAJAAAACAAAAAAAAAAAAPA/</parameter>
      </parameters>
      <parameters type="ModelRefInfoRepo.SFcnParameter" uuid="08322b1d-f4e0-4184-926d-7a6f781913a9">
        <parameter>AAFJTQAAAAAOAAAAOAAAAAYAAAAIAAAABgAAAAAAAAAFAAAACAAAAAEAAAABAAAAAQAAAAAAAAAJAAAACAAAAAAAAAAAAAAA</parameter>
      </parameters>
      <parameters type="ModelRefInfoRepo.SFcnParameter" uuid="8c41889f-030e-4919-892c-d5db279266a0">
        <parameter>AAFJTQAAAAAOAAAAOAAAAAYAAAAIAAAABgAAAAAAAAAFAAAACAAAAAEAAAABAAAAAQAAAAAAAAAJAAAACAAAAAAAAAAAAAAA</parameter>
      </parameters>
      <parameters type="ModelRefInfoRepo.SFcnParameter" uuid="1306140e-ea26-4597-b2b2-e15cb405e2d9">
        <parameter>AAFJTQAAAAAOAAAAOAAAAAYAAAAIAAAABAAAAAAAAAAFAAAACAAAAAEAAAAIAAAAAQAAAAAAAAAQAAAACAAAAGRhdGEuZGF0</parameter>
      </parameters>
      <parameters type="ModelRefInfoRepo.SFcnParameter" uuid="e01c388c-bab2-4645-8147-6b5564dfe4f1">
        <parameter>AAFJTQAAAAAOAAAAMAAAAAYAAAAIAAAABAAAAAAAAAAFAAAACAAAAAEAAAAEAAAAAQAAAAAAAAAQAAQAbGF6eQ==</parameter>
      </parameters>
      <parameters type="ModelRefInfoRepo.SFcnParameter" uuid="9945ce0c-0f1c-45b2-ba08-112a5eeb0da3">
        <parameter>AAFJTQAAAAAOAAAAOAAAAAYAAAAIAAAABgAAAAAAAAAFAAAACAAAAAEAAAABAAAAAQAAAAAAAAAJAAAACAAAAAAAAAAAAIBA</parameter>
      </parameters>
      <parameters type="ModelRefInfoRepo.SFcnParameter" uuid="029b1700-7a24-485a-ba17-d3a6d46bee33">
        <parameter>AAFJTQAAAAAOAAAAOAAAAAYAAAAIAAAABgAAAAAAAAAFAAAACAAAAAEAAAABAAAAAQAAAAAAAAAJAAAACAAAAAAAAAAAAAAA</parameter>
      </parameters>
      <parameters type="ModelRefInfoRepo.SFcnParameter" uuid="7f376894-2ea5-44c9-a6ba-d370fb5a381e">
        <parameter>AAFJTQAAAAAOAAAAOAAAAAYAAAAIAAAABAAAAAAAAAAFAAAACAAAAAEAAAAGAAAAAQAAAAAAAAAQAAAABgAAACUxNS42ZgAA</parameter>
      </parameters>
      <parameters type="ModelRefInfoRepo.SFcnParameter" uuid="76604980-996d-4fd3-9ebb-e24078fdc8dc">
        <parameter>AAFJTQAAAAAOAAAAOAAAAAYAAAAIAAAABgAAAAAAAAAFAAAACAAAAAEAAAABAAAAAQAAAAAAAAAJAAAACAAAAAAAAAAAAAAA</parameter>
      </parameters>
      <parameters type="ModelRefInfoRepo.SFcnParameter" uuid="11ceea80-97c4-4c28-a4b4-9f3682e8bdb4">
        <parameter>AAFJTQAAAAAOAAAAOAAAAAYAAAAIAAAABgAAAAAAAAAFAAAACAAAAAEAAAABAAAAAQAAAAAAAAAJAAAACAAAAAAAAAAAAMBB</parameter>
      </parameters>
      <parameters type="ModelRefInfoRepo.SFcnParameter" uuid="f25e60e5-6057-4586-a052-260a325befe4">
        <parameter>AAFJTQAAAAAOAAAAOAAAAAYAAAAIAAAABgAAAAAAAAAFAAAACAAAAAEAAAABAAAAAQAAAAAAAAAJAAAACAAAAAAAAAAAAAAA</parameter>
      </parameters>
    </sFcnInfo>
    <sFcnInfo type="ModelRefInfoRepo.SFcnInformation" uuid="4705b695-78c3-4fcf-9d29-f93c7795bedf">
      <blockSID>closedLoop:3838:228</blockSID>
      <mexPath>C:\Program Files\MATLAB\R2019a\toolbox\rtw\targets\xpc\target\build\xpcblocks\scblock.mexw64</mexPath>
      <name>scblock</name>
      <parameters type="ModelRefInfoRepo.SFcnParameter" uuid="2c16b065-55a7-48fb-bf38-4084e5cde1e6">
        <parameter>AAFJTQAAAAAOAAAAOAAAAAYAAAAIAAAABgAAAAAAAAAFAAAACAAAAAEAAAABAAAAAQAAAAAAAAAJAAAACAAAAAAAAAAAAABA</parameter>
      </parameters>
      <parameters type="ModelRefInfoRepo.SFcnParameter" uuid="276e0b81-a1a1-42d7-993e-de3dbea7c37c">
        <parameter>AAFJTQAAAAAOAAAAOAAAAAYAAAAIAAAABgAAAAAAAAAFAAAACAAAAAEAAAABAAAAAQAAAAAAAAAJAAAACAAAAAAAAAAAAABA</parameter>
      </parameters>
      <parameters type="ModelRefInfoRepo.SFcnParameter" uuid="03ed720e-0e7d-4361-a2e0-9f462f7fbcbf">
        <parameter>AAFJTQAAAAAOAAAAOAAAAAYAAAAIAAAABgAAAAAAAAAFAAAACAAAAAEAAAABAAAAAQAAAAAAAAAJAAAACAAAAAAAAAAAAAhA</parameter>
      </parameters>
      <parameters type="ModelRefInfoRepo.SFcnParameter" uuid="5bc80941-daf3-4f6f-9979-9a13924e5ca6">
        <parameter>AAFJTQAAAAAOAAAAOAAAAAYAAAAIAAAABgAAAAAAAAAFAAAACAAAAAEAAAABAAAAAQAAAAAAAAAJAAAACAAAAAAAAAAAAPA/</parameter>
      </parameters>
      <parameters type="ModelRefInfoRepo.SFcnParameter" uuid="1fb6fe99-bebb-4b20-975f-79eeef4d54f6">
        <parameter>AAFJTQAAAAAOAAAAQAAAAAYAAAAIAAAABgAAAAAAAAAFAAAACAAAAAEAAAACAAAAAQAAAAAAAAAJAAAAEAAAAAAAAAAAgEbAAAAAAACARkA=</parameter>
      </parameters>
      <parameters type="ModelRefInfoRepo.SFcnParameter" uuid="5c7393ac-0fdf-4135-863f-5cc384ca4973">
        <parameter>AAFJTQAAAAAOAAAAOAAAAAYAAAAIAAAABgAAAAAAAAAFAAAACAAAAAEAAAABAAAAAQAAAAAAAAAJAAAACAAAAAAAAAAAAPA/</parameter>
      </parameters>
      <parameters type="ModelRefInfoRepo.SFcnParameter" uuid="1ae1922c-6f61-457a-9a19-ed376d43bc7b">
        <parameter>AAFJTQAAAAAOAAAAOAAAAAYAAAAIAAAABgAAAAAAAAAFAAAACAAAAAEAAAABAAAAAQAAAAAAAAAJAAAACAAAAAAAAAAAiLNA</parameter>
      </parameters>
      <parameters type="ModelRefInfoRepo.SFcnParameter" uuid="ee5cd4df-cdd5-4450-a002-766255956a1a">
        <parameter>AAFJTQAAAAAOAAAAOAAAAAYAAAAIAAAABgAAAAAAAAAFAAAACAAAAAEAAAABAAAAAQAAAAAAAAAJAAAACAAAAAAAAAAAAPA/</parameter>
      </parameters>
      <parameters type="ModelRefInfoRepo.SFcnParameter" uuid="af10cf93-c31b-45bb-aa0d-04e981ec80a1">
        <parameter>AAFJTQAAAAAOAAAAOAAAAAYAAAAIAAAABgAAAAAAAAAFAAAACAAAAAEAAAABAAAAAQAAAAAAAAAJAAAACAAAAAAAAAAAAPA/</parameter>
      </parameters>
      <parameters type="ModelRefInfoRepo.SFcnParameter" uuid="a485f2b4-1e53-4569-a543-5f2530fc3df9">
        <parameter>AAFJTQAAAAAOAAAAOAAAAAYAAAAIAAAABgAAAAAAAAAFAAAACAAAAAEAAAABAAAAAQAAAAAAAAAJAAAACAAAAAAAAAAAAPA/</parameter>
      </parameters>
      <parameters type="ModelRefInfoRepo.SFcnParameter" uuid="0bb51077-af6a-4143-a70a-e380dcbd96dd">
        <parameter>AAFJTQAAAAAOAAAAOAAAAAYAAAAIAAAABgAAAAAAAAAFAAAACAAAAAEAAAABAAAAAQAAAAAAAAAJAAAACAAAAAAAAAAAAAAA</parameter>
      </parameters>
      <parameters type="ModelRefInfoRepo.SFcnParameter" uuid="bdbec9fb-9e95-45bd-bf7e-f565658499c2">
        <parameter>AAFJTQAAAAAOAAAAOAAAAAYAAAAIAAAABgAAAAAAAAAFAAAACAAAAAEAAAABAAAAAQAAAAAAAAAJAAAACAAAAAAAAAAAAPA/</parameter>
      </parameters>
      <parameters type="ModelRefInfoRepo.SFcnParameter" uuid="b9261159-df00-4f88-8d4f-eb28a333aa86">
        <parameter>AAFJTQAAAAAOAAAAOAAAAAYAAAAIAAAABgAAAAAAAAAFAAAACAAAAAEAAAABAAAAAQAAAAAAAAAJAAAACAAAAAAAAAAAAPA/</parameter>
      </parameters>
      <parameters type="ModelRefInfoRepo.SFcnParameter" uuid="62c2243d-896d-4333-ae57-720d861b53c9">
        <parameter>AAFJTQAAAAAOAAAAOAAAAAYAAAAIAAAABgAAAAAAAAAFAAAACAAAAAEAAAABAAAAAQAAAAAAAAAJAAAACAAAAAAAAAAAAAAA</parameter>
      </parameters>
      <parameters type="ModelRefInfoRepo.SFcnParameter" uuid="ad121dcb-a58f-4ad0-a1a4-6f6ba3672f21">
        <parameter>AAFJTQAAAAAOAAAAOAAAAAYAAAAIAAAABgAAAAAAAAAFAAAACAAAAAEAAAABAAAAAQAAAAAAAAAJAAAACAAAAAAAAAAAAAAA</parameter>
      </parameters>
      <parameters type="ModelRefInfoRepo.SFcnParameter" uuid="6a8ae2b7-8aac-4d1d-b538-785010858f9a">
        <parameter>AAFJTQAAAAAOAAAAOAAAAAYAAAAIAAAABAAAAAAAAAAFAAAACAAAAAEAAAAIAAAAAQAAAAAAAAAQAAAACAAAAGRhdGEuZGF0</parameter>
      </parameters>
      <parameters type="ModelRefInfoRepo.SFcnParameter" uuid="2740317d-97a3-4c2e-966d-2861c410396b">
        <parameter>AAFJTQAAAAAOAAAAMAAAAAYAAAAIAAAABAAAAAAAAAAFAAAACAAAAAEAAAAEAAAAAQAAAAAAAAAQAAQAbGF6eQ==</parameter>
      </parameters>
      <parameters type="ModelRefInfoRepo.SFcnParameter" uuid="22355497-849a-464c-9e58-0bfcba68008b">
        <parameter>AAFJTQAAAAAOAAAAOAAAAAYAAAAIAAAABgAAAAAAAAAFAAAACAAAAAEAAAABAAAAAQAAAAAAAAAJAAAACAAAAAAAAAAAAIBA</parameter>
      </parameters>
      <parameters type="ModelRefInfoRepo.SFcnParameter" uuid="ce86aef3-3ca4-4f24-8cfd-aea6dceaaca3">
        <parameter>AAFJTQAAAAAOAAAAOAAAAAYAAAAIAAAABgAAAAAAAAAFAAAACAAAAAEAAAABAAAAAQAAAAAAAAAJAAAACAAAAAAAAAAAAAAA</parameter>
      </parameters>
      <parameters type="ModelRefInfoRepo.SFcnParameter" uuid="81f938db-a357-4945-93fd-4a4b507f9b40">
        <parameter>AAFJTQAAAAAOAAAAOAAAAAYAAAAIAAAABAAAAAAAAAAFAAAACAAAAAEAAAAGAAAAAQAAAAAAAAAQAAAABgAAACUxNS42ZgAA</parameter>
      </parameters>
      <parameters type="ModelRefInfoRepo.SFcnParameter" uuid="86586bf0-c9d1-447e-a73b-e9395732e63e">
        <parameter>AAFJTQAAAAAOAAAAOAAAAAYAAAAIAAAABgAAAAAAAAAFAAAACAAAAAEAAAABAAAAAQAAAAAAAAAJAAAACAAAAAAAAAAAAAAA</parameter>
      </parameters>
      <parameters type="ModelRefInfoRepo.SFcnParameter" uuid="7f1f9b43-dc51-4319-8056-10dbeb77f15e">
        <parameter>AAFJTQAAAAAOAAAAOAAAAAYAAAAIAAAABgAAAAAAAAAFAAAACAAAAAEAAAABAAAAAQAAAAAAAAAJAAAACAAAAAAAAAAAAMBB</parameter>
      </parameters>
      <parameters type="ModelRefInfoRepo.SFcnParameter" uuid="13f0e271-38fc-458f-9968-a170b25e6bb8">
        <parameter>AAFJTQAAAAAOAAAAOAAAAAYAAAAIAAAABgAAAAAAAAAFAAAACAAAAAEAAAABAAAAAQAAAAAAAAAJAAAACAAAAAAAAAAAAAAA</parameter>
      </parameters>
    </sFcnInfo>
    <sFcnInfo type="ModelRefInfoRepo.SFcnInformation" uuid="099effbf-2a2d-40fd-a9e6-0dc2f8025234">
      <blockSID>closedLoop:3839:228</blockSID>
      <mexPath>C:\Program Files\MATLAB\R2019a\toolbox\rtw\targets\xpc\target\build\xpcblocks\scblock.mexw64</mexPath>
      <name>scblock</name>
      <parameters type="ModelRefInfoRepo.SFcnParameter" uuid="e67300eb-9c8d-419b-ba37-12eb9727176d">
        <parameter>AAFJTQAAAAAOAAAAOAAAAAYAAAAIAAAABgAAAAAAAAAFAAAACAAAAAEAAAABAAAAAQAAAAAAAAAJAAAACAAAAAAAAAAAAAhA</parameter>
      </parameters>
      <parameters type="ModelRefInfoRepo.SFcnParameter" uuid="dd424e4e-e658-4e19-84ce-f0cb905850ce">
        <parameter>AAFJTQAAAAAOAAAAOAAAAAYAAAAIAAAABgAAAAAAAAAFAAAACAAAAAEAAAABAAAAAQAAAAAAAAAJAAAACAAAAAAAAAAAAABA</parameter>
      </parameters>
      <parameters type="ModelRefInfoRepo.SFcnParameter" uuid="2ff1fdaa-5885-4dc3-bcd6-c075def461b7">
        <parameter>AAFJTQAAAAAOAAAAOAAAAAYAAAAIAAAABgAAAAAAAAAFAAAACAAAAAEAAAABAAAAAQAAAAAAAAAJAAAACAAAAAAAAAAAAAhA</parameter>
      </parameters>
      <parameters type="ModelRefInfoRepo.SFcnParameter" uuid="2350217e-9fd5-425d-b084-806ac0c2d3a6">
        <parameter>AAFJTQAAAAAOAAAAOAAAAAYAAAAIAAAABgAAAAAAAAAFAAAACAAAAAEAAAABAAAAAQAAAAAAAAAJAAAACAAAAAAAAAAAAPA/</parameter>
      </parameters>
      <parameters type="ModelRefInfoRepo.SFcnParameter" uuid="58c3d7d3-3129-43d5-a049-14f7abdecaca">
        <parameter>AAFJTQAAAAAOAAAAQAAAAAYAAAAIAAAABgAAAAAAAAAFAAAACAAAAAEAAAACAAAAAQAAAAAAAAAJAAAAEAAAAAAAAAAAAFnAAAAAAAAAFEA=</parameter>
      </parameters>
      <parameters type="ModelRefInfoRepo.SFcnParameter" uuid="b211eece-2a93-4f27-a541-d84e11a47e70">
        <parameter>AAFJTQAAAAAOAAAAOAAAAAYAAAAIAAAABgAAAAAAAAAFAAAACAAAAAEAAAABAAAAAQAAAAAAAAAJAAAACAAAAAAAAAAAAPA/</parameter>
      </parameters>
      <parameters type="ModelRefInfoRepo.SFcnParameter" uuid="cb71ce83-9073-4857-894a-38997bf1e089">
        <parameter>AAFJTQAAAAAOAAAAOAAAAAYAAAAIAAAABgAAAAAAAAAFAAAACAAAAAEAAAABAAAAAQAAAAAAAAAJAAAACAAAAAAAAAAAiLNA</parameter>
      </parameters>
      <parameters type="ModelRefInfoRepo.SFcnParameter" uuid="a2e0e833-e213-4dc8-8d52-429933fbff77">
        <parameter>AAFJTQAAAAAOAAAAOAAAAAYAAAAIAAAABgAAAAAAAAAFAAAACAAAAAEAAAABAAAAAQAAAAAAAAAJAAAACAAAAAAAAAAAAPA/</parameter>
      </parameters>
      <parameters type="ModelRefInfoRepo.SFcnParameter" uuid="57575c43-cd76-467f-9e27-a792cea550d1">
        <parameter>AAFJTQAAAAAOAAAAOAAAAAYAAAAIAAAABgAAAAAAAAAFAAAACAAAAAEAAAABAAAAAQAAAAAAAAAJAAAACAAAAAAAAAAAAPA/</parameter>
      </parameters>
      <parameters type="ModelRefInfoRepo.SFcnParameter" uuid="034d983c-0df3-428b-854e-8d52062cfee3">
        <parameter>AAFJTQAAAAAOAAAAOAAAAAYAAAAIAAAABgAAAAAAAAAFAAAACAAAAAEAAAABAAAAAQAAAAAAAAAJAAAACAAAAAAAAAAAAPA/</parameter>
      </parameters>
      <parameters type="ModelRefInfoRepo.SFcnParameter" uuid="d3ebe5a0-3f45-4387-a1f8-8ee49a364e9b">
        <parameter>AAFJTQAAAAAOAAAAOAAAAAYAAAAIAAAABgAAAAAAAAAFAAAACAAAAAEAAAABAAAAAQAAAAAAAAAJAAAACAAAAAAAAAAAAAAA</parameter>
      </parameters>
      <parameters type="ModelRefInfoRepo.SFcnParameter" uuid="63791e51-adde-473e-b6ce-69bde0c5abbc">
        <parameter>AAFJTQAAAAAOAAAAOAAAAAYAAAAIAAAABgAAAAAAAAAFAAAACAAAAAEAAAABAAAAAQAAAAAAAAAJAAAACAAAAAAAAAAAAPA/</parameter>
      </parameters>
      <parameters type="ModelRefInfoRepo.SFcnParameter" uuid="cdb774c5-54be-43aa-bf8b-bb31a2101394">
        <parameter>AAFJTQAAAAAOAAAAOAAAAAYAAAAIAAAABgAAAAAAAAAFAAAACAAAAAEAAAABAAAAAQAAAAAAAAAJAAAACAAAAAAAAAAAAPA/</parameter>
      </parameters>
      <parameters type="ModelRefInfoRepo.SFcnParameter" uuid="547a39ab-8801-49a6-8631-e6dd287258d3">
        <parameter>AAFJTQAAAAAOAAAAOAAAAAYAAAAIAAAABgAAAAAAAAAFAAAACAAAAAEAAAABAAAAAQAAAAAAAAAJAAAACAAAAAAAAAAAAAAA</parameter>
      </parameters>
      <parameters type="ModelRefInfoRepo.SFcnParameter" uuid="8d42cad1-eeb4-41d1-8308-d995c810e04d">
        <parameter>AAFJTQAAAAAOAAAAOAAAAAYAAAAIAAAABgAAAAAAAAAFAAAACAAAAAEAAAABAAAAAQAAAAAAAAAJAAAACAAAAAAAAAAAAAAA</parameter>
      </parameters>
      <parameters type="ModelRefInfoRepo.SFcnParameter" uuid="136f02d2-dca8-4301-93da-6befeb77c13d">
        <parameter>AAFJTQAAAAAOAAAAOAAAAAYAAAAIAAAABAAAAAAAAAAFAAAACAAAAAEAAAAIAAAAAQAAAAAAAAAQAAAACAAAAGRhdGEuZGF0</parameter>
      </parameters>
      <parameters type="ModelRefInfoRepo.SFcnParameter" uuid="a3cc97f4-24d8-46c0-93a9-c9fd61be5e8e">
        <parameter>AAFJTQAAAAAOAAAAMAAAAAYAAAAIAAAABAAAAAAAAAAFAAAACAAAAAEAAAAEAAAAAQAAAAAAAAAQAAQAbGF6eQ==</parameter>
      </parameters>
      <parameters type="ModelRefInfoRepo.SFcnParameter" uuid="6a3d7c8f-0b86-48bd-a9e5-f391ee5a89b6">
        <parameter>AAFJTQAAAAAOAAAAOAAAAAYAAAAIAAAABgAAAAAAAAAFAAAACAAAAAEAAAABAAAAAQAAAAAAAAAJAAAACAAAAAAAAAAAAIBA</parameter>
      </parameters>
      <parameters type="ModelRefInfoRepo.SFcnParameter" uuid="b06eaa84-36ad-4b1b-99d4-393e44761fac">
        <parameter>AAFJTQAAAAAOAAAAOAAAAAYAAAAIAAAABgAAAAAAAAAFAAAACAAAAAEAAAABAAAAAQAAAAAAAAAJAAAACAAAAAAAAAAAAAAA</parameter>
      </parameters>
      <parameters type="ModelRefInfoRepo.SFcnParameter" uuid="6bccb60e-d699-4986-83b1-af267b036b49">
        <parameter>AAFJTQAAAAAOAAAAOAAAAAYAAAAIAAAABAAAAAAAAAAFAAAACAAAAAEAAAAGAAAAAQAAAAAAAAAQAAAABgAAACUxNS42ZgAA</parameter>
      </parameters>
      <parameters type="ModelRefInfoRepo.SFcnParameter" uuid="7d27e3ab-5edb-4e25-86f4-3f1d29430bc3">
        <parameter>AAFJTQAAAAAOAAAAOAAAAAYAAAAIAAAABgAAAAAAAAAFAAAACAAAAAEAAAABAAAAAQAAAAAAAAAJAAAACAAAAAAAAAAAAAAA</parameter>
      </parameters>
      <parameters type="ModelRefInfoRepo.SFcnParameter" uuid="73045a3e-e9fb-4053-ba06-ab7bd0aa5633">
        <parameter>AAFJTQAAAAAOAAAAOAAAAAYAAAAIAAAABgAAAAAAAAAFAAAACAAAAAEAAAABAAAAAQAAAAAAAAAJAAAACAAAAAAAAAAAAMBB</parameter>
      </parameters>
      <parameters type="ModelRefInfoRepo.SFcnParameter" uuid="a60933e1-42f5-4a5f-bbad-6ab728279ef2">
        <parameter>AAFJTQAAAAAOAAAAOAAAAAYAAAAIAAAABgAAAAAAAAAFAAAACAAAAAEAAAABAAAAAQAAAAAAAAAJAAAACAAAAAAAAAAAAAAA</parameter>
      </parameters>
    </sFcnInfo>
    <sFcnInfo type="ModelRefInfoRepo.SFcnInformation" uuid="14b22157-9f58-44d4-8f39-d29411aea92f">
      <blockSID>closedLoop:3840:228</blockSID>
      <mexPath>C:\Program Files\MATLAB\R2019a\toolbox\rtw\targets\xpc\target\build\xpcblocks\scblock.mexw64</mexPath>
      <name>scblock</name>
      <parameters type="ModelRefInfoRepo.SFcnParameter" uuid="16055dd7-dca3-4060-b963-288c61e2a858">
        <parameter>AAFJTQAAAAAOAAAAOAAAAAYAAAAIAAAABgAAAAAAAAAFAAAACAAAAAEAAAABAAAAAQAAAAAAAAAJAAAACAAAAAAAAAAAABBA</parameter>
      </parameters>
      <parameters type="ModelRefInfoRepo.SFcnParameter" uuid="7934b1f8-8d61-49b7-b6e1-4068ffb027ed">
        <parameter>AAFJTQAAAAAOAAAAOAAAAAYAAAAIAAAABgAAAAAAAAAFAAAACAAAAAEAAAABAAAAAQAAAAAAAAAJAAAACAAAAAAAAAAAAABA</parameter>
      </parameters>
      <parameters type="ModelRefInfoRepo.SFcnParameter" uuid="e567e62f-d8a9-4169-b01d-d0a7eb1033eb">
        <parameter>AAFJTQAAAAAOAAAAOAAAAAYAAAAIAAAABgAAAAAAAAAFAAAACAAAAAEAAAABAAAAAQAAAAAAAAAJAAAACAAAAAAAAAAAAAhA</parameter>
      </parameters>
      <parameters type="ModelRefInfoRepo.SFcnParameter" uuid="7a240eaf-aed7-4564-9d99-6558aec8f6c3">
        <parameter>AAFJTQAAAAAOAAAAOAAAAAYAAAAIAAAABgAAAAAAAAAFAAAACAAAAAEAAAABAAAAAQAAAAAAAAAJAAAACAAAAAAAAAAAAPA/</parameter>
      </parameters>
      <parameters type="ModelRefInfoRepo.SFcnParameter" uuid="2c4fa39e-594a-4de1-9f71-5da980aaefb9">
        <parameter>AAFJTQAAAAAOAAAAQAAAAAYAAAAIAAAABgAAAAAAAAAFAAAACAAAAAEAAAACAAAAAQAAAAAAAAAJAAAAEAAAAAAAAAAAAEnAAAAAAAAASUA=</parameter>
      </parameters>
      <parameters type="ModelRefInfoRepo.SFcnParameter" uuid="bd798088-a215-4deb-843e-94060324e6f4">
        <parameter>AAFJTQAAAAAOAAAAOAAAAAYAAAAIAAAABgAAAAAAAAAFAAAACAAAAAEAAAABAAAAAQAAAAAAAAAJAAAACAAAAAAAAAAAAPA/</parameter>
      </parameters>
      <parameters type="ModelRefInfoRepo.SFcnParameter" uuid="16887435-573c-4ad6-a092-40cd27c57417">
        <parameter>AAFJTQAAAAAOAAAAOAAAAAYAAAAIAAAABgAAAAAAAAAFAAAACAAAAAEAAAABAAAAAQAAAAAAAAAJAAAACAAAAAAAAAAAiLNA</parameter>
      </parameters>
      <parameters type="ModelRefInfoRepo.SFcnParameter" uuid="20de0f72-a566-4da0-8945-a9da107bbc5b">
        <parameter>AAFJTQAAAAAOAAAAOAAAAAYAAAAIAAAABgAAAAAAAAAFAAAACAAAAAEAAAABAAAAAQAAAAAAAAAJAAAACAAAAAAAAAAAAPA/</parameter>
      </parameters>
      <parameters type="ModelRefInfoRepo.SFcnParameter" uuid="27d74cb2-9308-4496-8e87-f2793686e7f1">
        <parameter>AAFJTQAAAAAOAAAAOAAAAAYAAAAIAAAABgAAAAAAAAAFAAAACAAAAAEAAAABAAAAAQAAAAAAAAAJAAAACAAAAAAAAAAAAPA/</parameter>
      </parameters>
      <parameters type="ModelRefInfoRepo.SFcnParameter" uuid="3edaf898-96c1-4906-b45f-511785ab1a7d">
        <parameter>AAFJTQAAAAAOAAAAOAAAAAYAAAAIAAAABgAAAAAAAAAFAAAACAAAAAEAAAABAAAAAQAAAAAAAAAJAAAACAAAAAAAAAAAAPA/</parameter>
      </parameters>
      <parameters type="ModelRefInfoRepo.SFcnParameter" uuid="01cb4824-b9c4-4c2c-89e1-c2440ff5b196">
        <parameter>AAFJTQAAAAAOAAAAOAAAAAYAAAAIAAAABgAAAAAAAAAFAAAACAAAAAEAAAABAAAAAQAAAAAAAAAJAAAACAAAAAAAAAAAAAAA</parameter>
      </parameters>
      <parameters type="ModelRefInfoRepo.SFcnParameter" uuid="bd6fd9a1-afbb-4d6e-96e8-64c44363f265">
        <parameter>AAFJTQAAAAAOAAAAOAAAAAYAAAAIAAAABgAAAAAAAAAFAAAACAAAAAEAAAABAAAAAQAAAAAAAAAJAAAACAAAAAAAAAAAAPA/</parameter>
      </parameters>
      <parameters type="ModelRefInfoRepo.SFcnParameter" uuid="10917c7b-36fa-44a4-b52c-2eef1d38d33c">
        <parameter>AAFJTQAAAAAOAAAAOAAAAAYAAAAIAAAABgAAAAAAAAAFAAAACAAAAAEAAAABAAAAAQAAAAAAAAAJAAAACAAAAAAAAAAAAPA/</parameter>
      </parameters>
      <parameters type="ModelRefInfoRepo.SFcnParameter" uuid="f28c9e89-7109-4e94-94a2-d0eeb4492bfc">
        <parameter>AAFJTQAAAAAOAAAAOAAAAAYAAAAIAAAABgAAAAAAAAAFAAAACAAAAAEAAAABAAAAAQAAAAAAAAAJAAAACAAAAAAAAAAAAAAA</parameter>
      </parameters>
      <parameters type="ModelRefInfoRepo.SFcnParameter" uuid="e4f2cd97-fd52-44e8-bc8b-087f9de9a52e">
        <parameter>AAFJTQAAAAAOAAAAOAAAAAYAAAAIAAAABgAAAAAAAAAFAAAACAAAAAEAAAABAAAAAQAAAAAAAAAJAAAACAAAAAAAAAAAAAAA</parameter>
      </parameters>
      <parameters type="ModelRefInfoRepo.SFcnParameter" uuid="8b38360e-0249-463a-ab6b-0265dd92ec84">
        <parameter>AAFJTQAAAAAOAAAAOAAAAAYAAAAIAAAABAAAAAAAAAAFAAAACAAAAAEAAAAIAAAAAQAAAAAAAAAQAAAACAAAAGRhdGEuZGF0</parameter>
      </parameters>
      <parameters type="ModelRefInfoRepo.SFcnParameter" uuid="2b85f860-36f2-404a-810c-d946a98f426e">
        <parameter>AAFJTQAAAAAOAAAAMAAAAAYAAAAIAAAABAAAAAAAAAAFAAAACAAAAAEAAAAEAAAAAQAAAAAAAAAQAAQAbGF6eQ==</parameter>
      </parameters>
      <parameters type="ModelRefInfoRepo.SFcnParameter" uuid="fd9d4af6-b484-40a7-bead-29023bfb2b87">
        <parameter>AAFJTQAAAAAOAAAAOAAAAAYAAAAIAAAABgAAAAAAAAAFAAAACAAAAAEAAAABAAAAAQAAAAAAAAAJAAAACAAAAAAAAAAAAIBA</parameter>
      </parameters>
      <parameters type="ModelRefInfoRepo.SFcnParameter" uuid="8ab77533-9649-4414-b104-30f6ed6a3393">
        <parameter>AAFJTQAAAAAOAAAAOAAAAAYAAAAIAAAABgAAAAAAAAAFAAAACAAAAAEAAAABAAAAAQAAAAAAAAAJAAAACAAAAAAAAAAAAAAA</parameter>
      </parameters>
      <parameters type="ModelRefInfoRepo.SFcnParameter" uuid="9b26161d-b335-4a64-a114-fe50d6122445">
        <parameter>AAFJTQAAAAAOAAAAOAAAAAYAAAAIAAAABAAAAAAAAAAFAAAACAAAAAEAAAAGAAAAAQAAAAAAAAAQAAAABgAAACUxNS42ZgAA</parameter>
      </parameters>
      <parameters type="ModelRefInfoRepo.SFcnParameter" uuid="4628b893-1814-407b-8d0c-b55349368049">
        <parameter>AAFJTQAAAAAOAAAAOAAAAAYAAAAIAAAABgAAAAAAAAAFAAAACAAAAAEAAAABAAAAAQAAAAAAAAAJAAAACAAAAAAAAAAAAAAA</parameter>
      </parameters>
      <parameters type="ModelRefInfoRepo.SFcnParameter" uuid="2c67bf30-1385-4b4b-9922-37a527f5d20e">
        <parameter>AAFJTQAAAAAOAAAAOAAAAAYAAAAIAAAABgAAAAAAAAAFAAAACAAAAAEAAAABAAAAAQAAAAAAAAAJAAAACAAAAAAAAAAAAMBB</parameter>
      </parameters>
      <parameters type="ModelRefInfoRepo.SFcnParameter" uuid="19da8b5a-4c44-4189-8a3d-b82464e7e7d1">
        <parameter>AAFJTQAAAAAOAAAAOAAAAAYAAAAIAAAABgAAAAAAAAAFAAAACAAAAAEAAAABAAAAAQAAAAAAAAAJAAAACAAAAAAAAAAAAAAA</parameter>
      </parameters>
    </sFcnInfo>
    <sFcnInfo type="ModelRefInfoRepo.SFcnInformation" uuid="1bb71770-8abe-430c-8da1-51167a35c768">
      <blockSID>closedLoop:3841:228</blockSID>
      <mexPath>C:\Program Files\MATLAB\R2019a\toolbox\rtw\targets\xpc\target\build\xpcblocks\scblock.mexw64</mexPath>
      <name>scblock</name>
      <parameters type="ModelRefInfoRepo.SFcnParameter" uuid="2f417576-a2de-4fcf-beb9-aeae7ea875e7">
        <parameter>AAFJTQAAAAAOAAAAOAAAAAYAAAAIAAAABgAAAAAAAAAFAAAACAAAAAEAAAABAAAAAQAAAAAAAAAJAAAACAAAAAAAAAAAABRA</parameter>
      </parameters>
      <parameters type="ModelRefInfoRepo.SFcnParameter" uuid="22bcdccf-7974-4362-bc7e-c7778a40816d">
        <parameter>AAFJTQAAAAAOAAAAOAAAAAYAAAAIAAAABgAAAAAAAAAFAAAACAAAAAEAAAABAAAAAQAAAAAAAAAJAAAACAAAAAAAAAAAAABA</parameter>
      </parameters>
      <parameters type="ModelRefInfoRepo.SFcnParameter" uuid="7bea18d7-2bd1-48cf-8082-0ce46d084b63">
        <parameter>AAFJTQAAAAAOAAAAOAAAAAYAAAAIAAAABgAAAAAAAAAFAAAACAAAAAEAAAABAAAAAQAAAAAAAAAJAAAACAAAAAAAAAAAAAhA</parameter>
      </parameters>
      <parameters type="ModelRefInfoRepo.SFcnParameter" uuid="9c19da22-f5e4-4307-8166-3facb0197549">
        <parameter>AAFJTQAAAAAOAAAAOAAAAAYAAAAIAAAABgAAAAAAAAAFAAAACAAAAAEAAAABAAAAAQAAAAAAAAAJAAAACAAAAAAAAAAAAPA/</parameter>
      </parameters>
      <parameters type="ModelRefInfoRepo.SFcnParameter" uuid="2deed5b3-164e-4104-83e8-7157e3250870">
        <parameter>AAFJTQAAAAAOAAAAQAAAAAYAAAAIAAAABgAAAAAAAAAFAAAACAAAAAEAAAACAAAAAQAAAAAAAAAJAAAAEAAAAAAAAAAAAF5AAAAAAAAAZEA=</parameter>
      </parameters>
      <parameters type="ModelRefInfoRepo.SFcnParameter" uuid="47bd13d3-3795-45da-a343-f706566963fc">
        <parameter>AAFJTQAAAAAOAAAAOAAAAAYAAAAIAAAABgAAAAAAAAAFAAAACAAAAAEAAAABAAAAAQAAAAAAAAAJAAAACAAAAAAAAAAAAPA/</parameter>
      </parameters>
      <parameters type="ModelRefInfoRepo.SFcnParameter" uuid="4806244e-b999-431d-a5ee-9906bcb14c98">
        <parameter>AAFJTQAAAAAOAAAAOAAAAAYAAAAIAAAABgAAAAAAAAAFAAAACAAAAAEAAAABAAAAAQAAAAAAAAAJAAAACAAAAAAAAAAAiLNA</parameter>
      </parameters>
      <parameters type="ModelRefInfoRepo.SFcnParameter" uuid="05155647-e2ae-4ffa-af05-b29f371d5d95">
        <parameter>AAFJTQAAAAAOAAAAOAAAAAYAAAAIAAAABgAAAAAAAAAFAAAACAAAAAEAAAABAAAAAQAAAAAAAAAJAAAACAAAAAAAAAAAAPA/</parameter>
      </parameters>
      <parameters type="ModelRefInfoRepo.SFcnParameter" uuid="24b0662a-b4c5-4dfa-a91f-454513daa536">
        <parameter>AAFJTQAAAAAOAAAAOAAAAAYAAAAIAAAABgAAAAAAAAAFAAAACAAAAAEAAAABAAAAAQAAAAAAAAAJAAAACAAAAAAAAAAAAPA/</parameter>
      </parameters>
      <parameters type="ModelRefInfoRepo.SFcnParameter" uuid="7f42364c-5f46-45d6-ac2a-ee3db06ee3f3">
        <parameter>AAFJTQAAAAAOAAAAOAAAAAYAAAAIAAAABgAAAAAAAAAFAAAACAAAAAEAAAABAAAAAQAAAAAAAAAJAAAACAAAAAAAAAAAAPA/</parameter>
      </parameters>
      <parameters type="ModelRefInfoRepo.SFcnParameter" uuid="01a3178c-26e2-44b6-8e60-a1ef94912636">
        <parameter>AAFJTQAAAAAOAAAAOAAAAAYAAAAIAAAABgAAAAAAAAAFAAAACAAAAAEAAAABAAAAAQAAAAAAAAAJAAAACAAAAAAAAAAAAAAA</parameter>
      </parameters>
      <parameters type="ModelRefInfoRepo.SFcnParameter" uuid="f0161fa2-6f93-4828-97e7-0d585ca128a7">
        <parameter>AAFJTQAAAAAOAAAAOAAAAAYAAAAIAAAABgAAAAAAAAAFAAAACAAAAAEAAAABAAAAAQAAAAAAAAAJAAAACAAAAAAAAAAAAPA/</parameter>
      </parameters>
      <parameters type="ModelRefInfoRepo.SFcnParameter" uuid="c5cb3fbc-8e01-49d1-a5f6-8b4b4bdc967d">
        <parameter>AAFJTQAAAAAOAAAAOAAAAAYAAAAIAAAABgAAAAAAAAAFAAAACAAAAAEAAAABAAAAAQAAAAAAAAAJAAAACAAAAAAAAAAAAPA/</parameter>
      </parameters>
      <parameters type="ModelRefInfoRepo.SFcnParameter" uuid="eb4e9e96-425b-44d5-9b66-e017356bafb7">
        <parameter>AAFJTQAAAAAOAAAAOAAAAAYAAAAIAAAABgAAAAAAAAAFAAAACAAAAAEAAAABAAAAAQAAAAAAAAAJAAAACAAAAAAAAAAAAAAA</parameter>
      </parameters>
      <parameters type="ModelRefInfoRepo.SFcnParameter" uuid="33c35574-047c-443b-b5bd-3398b4c4eeaf">
        <parameter>AAFJTQAAAAAOAAAAOAAAAAYAAAAIAAAABgAAAAAAAAAFAAAACAAAAAEAAAABAAAAAQAAAAAAAAAJAAAACAAAAAAAAAAAAAAA</parameter>
      </parameters>
      <parameters type="ModelRefInfoRepo.SFcnParameter" uuid="f68b2972-1d0b-4bf0-8130-9c9775a520a6">
        <parameter>AAFJTQAAAAAOAAAAOAAAAAYAAAAIAAAABAAAAAAAAAAFAAAACAAAAAEAAAAIAAAAAQAAAAAAAAAQAAAACAAAAGRhdGEuZGF0</parameter>
      </parameters>
      <parameters type="ModelRefInfoRepo.SFcnParameter" uuid="341b9465-c389-4000-8f8e-9eff1dcae59c">
        <parameter>AAFJTQAAAAAOAAAAMAAAAAYAAAAIAAAABAAAAAAAAAAFAAAACAAAAAEAAAAEAAAAAQAAAAAAAAAQAAQAbGF6eQ==</parameter>
      </parameters>
      <parameters type="ModelRefInfoRepo.SFcnParameter" uuid="2ca1f6b5-f8c6-4000-936f-be52b5927832">
        <parameter>AAFJTQAAAAAOAAAAOAAAAAYAAAAIAAAABgAAAAAAAAAFAAAACAAAAAEAAAABAAAAAQAAAAAAAAAJAAAACAAAAAAAAAAAAIBA</parameter>
      </parameters>
      <parameters type="ModelRefInfoRepo.SFcnParameter" uuid="770699ee-f207-410c-8342-4c43b4e5e541">
        <parameter>AAFJTQAAAAAOAAAAOAAAAAYAAAAIAAAABgAAAAAAAAAFAAAACAAAAAEAAAABAAAAAQAAAAAAAAAJAAAACAAAAAAAAAAAAAAA</parameter>
      </parameters>
      <parameters type="ModelRefInfoRepo.SFcnParameter" uuid="e1109c84-2db8-4bf2-bf52-9a358caaa0f4">
        <parameter>AAFJTQAAAAAOAAAAOAAAAAYAAAAIAAAABAAAAAAAAAAFAAAACAAAAAEAAAAGAAAAAQAAAAAAAAAQAAAABgAAACUxNS42ZgAA</parameter>
      </parameters>
      <parameters type="ModelRefInfoRepo.SFcnParameter" uuid="87d42f6f-ae10-4e24-a635-62e5d3223ace">
        <parameter>AAFJTQAAAAAOAAAAOAAAAAYAAAAIAAAABgAAAAAAAAAFAAAACAAAAAEAAAABAAAAAQAAAAAAAAAJAAAACAAAAAAAAAAAAAAA</parameter>
      </parameters>
      <parameters type="ModelRefInfoRepo.SFcnParameter" uuid="a6fbbd73-3457-41d0-b365-3da6aca7bdb8">
        <parameter>AAFJTQAAAAAOAAAAOAAAAAYAAAAIAAAABgAAAAAAAAAFAAAACAAAAAEAAAABAAAAAQAAAAAAAAAJAAAACAAAAAAAAAAAAMBB</parameter>
      </parameters>
      <parameters type="ModelRefInfoRepo.SFcnParameter" uuid="c7c18502-267e-4446-b901-20d66b795279">
        <parameter>AAFJTQAAAAAOAAAAOAAAAAYAAAAIAAAABgAAAAAAAAAFAAAACAAAAAEAAAABAAAAAQAAAAAAAAAJAAAACAAAAAAAAAAAAAAA</parameter>
      </parameters>
    </sFcnInfo>
    <sFcnInfo type="ModelRefInfoRepo.SFcnInformation" uuid="5ad33e3e-9824-4617-8e31-c512cc25cb14">
      <blockSID>closedLoop:3842:228</blockSID>
      <mexPath>C:\Program Files\MATLAB\R2019a\toolbox\rtw\targets\xpc\target\build\xpcblocks\scblock.mexw64</mexPath>
      <name>scblock</name>
      <parameters type="ModelRefInfoRepo.SFcnParameter" uuid="71e160b3-9dea-4576-ae22-ffa2aff41ae8">
        <parameter>AAFJTQAAAAAOAAAAOAAAAAYAAAAIAAAABgAAAAAAAAAFAAAACAAAAAEAAAABAAAAAQAAAAAAAAAJAAAACAAAAAAAAAAAABhA</parameter>
      </parameters>
      <parameters type="ModelRefInfoRepo.SFcnParameter" uuid="427c2501-9e92-4aca-b9a3-76c563d477a7">
        <parameter>AAFJTQAAAAAOAAAAOAAAAAYAAAAIAAAABgAAAAAAAAAFAAAACAAAAAEAAAABAAAAAQAAAAAAAAAJAAAACAAAAAAAAAAAAABA</parameter>
      </parameters>
      <parameters type="ModelRefInfoRepo.SFcnParameter" uuid="34ab95ed-3833-4ab8-b4d3-32bcfbad2ee7">
        <parameter>AAFJTQAAAAAOAAAAOAAAAAYAAAAIAAAABgAAAAAAAAAFAAAACAAAAAEAAAABAAAAAQAAAAAAAAAJAAAACAAAAAAAAAAAAAhA</parameter>
      </parameters>
      <parameters type="ModelRefInfoRepo.SFcnParameter" uuid="7e93dbc1-d4b6-4b24-9759-abbd777db97f">
        <parameter>AAFJTQAAAAAOAAAAOAAAAAYAAAAIAAAABgAAAAAAAAAFAAAACAAAAAEAAAABAAAAAQAAAAAAAAAJAAAACAAAAAAAAAAAAPA/</parameter>
      </parameters>
      <parameters type="ModelRefInfoRepo.SFcnParameter" uuid="e9c4597c-e6e5-47ce-ba8c-9680c52996fa">
        <parameter>AAFJTQAAAAAOAAAAQAAAAAYAAAAIAAAABgAAAAAAAAAFAAAACAAAAAEAAAACAAAAAQAAAAAAAAAJAAAAEAAAAAAAAAAAAGTAAAAAAAAAXsA=</parameter>
      </parameters>
      <parameters type="ModelRefInfoRepo.SFcnParameter" uuid="cbdce7c0-d427-44c0-9b4a-787ba64c7dbe">
        <parameter>AAFJTQAAAAAOAAAAOAAAAAYAAAAIAAAABgAAAAAAAAAFAAAACAAAAAEAAAABAAAAAQAAAAAAAAAJAAAACAAAAAAAAAAAAPA/</parameter>
      </parameters>
      <parameters type="ModelRefInfoRepo.SFcnParameter" uuid="c1610a0a-ab5b-4498-b85d-c3d15b692e38">
        <parameter>AAFJTQAAAAAOAAAAOAAAAAYAAAAIAAAABgAAAAAAAAAFAAAACAAAAAEAAAABAAAAAQAAAAAAAAAJAAAACAAAAAAAAAAAiLNA</parameter>
      </parameters>
      <parameters type="ModelRefInfoRepo.SFcnParameter" uuid="2c8397b2-2b7e-4e71-99c1-763f69796021">
        <parameter>AAFJTQAAAAAOAAAAOAAAAAYAAAAIAAAABgAAAAAAAAAFAAAACAAAAAEAAAABAAAAAQAAAAAAAAAJAAAACAAAAAAAAAAAAPA/</parameter>
      </parameters>
      <parameters type="ModelRefInfoRepo.SFcnParameter" uuid="2477cfb4-fc03-4a0f-8116-5c89a785e651">
        <parameter>AAFJTQAAAAAOAAAAOAAAAAYAAAAIAAAABgAAAAAAAAAFAAAACAAAAAEAAAABAAAAAQAAAAAAAAAJAAAACAAAAAAAAAAAAPA/</parameter>
      </parameters>
      <parameters type="ModelRefInfoRepo.SFcnParameter" uuid="f333e2b3-a7f7-40e8-b0eb-b050eee93f83">
        <parameter>AAFJTQAAAAAOAAAAOAAAAAYAAAAIAAAABgAAAAAAAAAFAAAACAAAAAEAAAABAAAAAQAAAAAAAAAJAAAACAAAAAAAAAAAAPA/</parameter>
      </parameters>
      <parameters type="ModelRefInfoRepo.SFcnParameter" uuid="e0c936d2-e8c2-4072-92ee-5c52d6ab97d1">
        <parameter>AAFJTQAAAAAOAAAAOAAAAAYAAAAIAAAABgAAAAAAAAAFAAAACAAAAAEAAAABAAAAAQAAAAAAAAAJAAAACAAAAAAAAAAAAAAA</parameter>
      </parameters>
      <parameters type="ModelRefInfoRepo.SFcnParameter" uuid="7f14db90-d1ef-4671-87d6-f19477596919">
        <parameter>AAFJTQAAAAAOAAAAOAAAAAYAAAAIAAAABgAAAAAAAAAFAAAACAAAAAEAAAABAAAAAQAAAAAAAAAJAAAACAAAAAAAAAAAAPA/</parameter>
      </parameters>
      <parameters type="ModelRefInfoRepo.SFcnParameter" uuid="977794fe-5b91-4132-9080-c435d98bf80a">
        <parameter>AAFJTQAAAAAOAAAAOAAAAAYAAAAIAAAABgAAAAAAAAAFAAAACAAAAAEAAAABAAAAAQAAAAAAAAAJAAAACAAAAAAAAAAAAPA/</parameter>
      </parameters>
      <parameters type="ModelRefInfoRepo.SFcnParameter" uuid="b140937c-7a66-476b-813b-64c136e31477">
        <parameter>AAFJTQAAAAAOAAAAOAAAAAYAAAAIAAAABgAAAAAAAAAFAAAACAAAAAEAAAABAAAAAQAAAAAAAAAJAAAACAAAAAAAAAAAAAAA</parameter>
      </parameters>
      <parameters type="ModelRefInfoRepo.SFcnParameter" uuid="2009a5a0-df3d-49af-ae48-da848abab093">
        <parameter>AAFJTQAAAAAOAAAAOAAAAAYAAAAIAAAABgAAAAAAAAAFAAAACAAAAAEAAAABAAAAAQAAAAAAAAAJAAAACAAAAAAAAAAAAAAA</parameter>
      </parameters>
      <parameters type="ModelRefInfoRepo.SFcnParameter" uuid="b3bd652d-af12-4a5c-b5c4-47c340f0f868">
        <parameter>AAFJTQAAAAAOAAAAOAAAAAYAAAAIAAAABAAAAAAAAAAFAAAACAAAAAEAAAAIAAAAAQAAAAAAAAAQAAAACAAAAGRhdGEuZGF0</parameter>
      </parameters>
      <parameters type="ModelRefInfoRepo.SFcnParameter" uuid="2e881f86-bd69-404b-807f-d517b0851eb3">
        <parameter>AAFJTQAAAAAOAAAAMAAAAAYAAAAIAAAABAAAAAAAAAAFAAAACAAAAAEAAAAEAAAAAQAAAAAAAAAQAAQAbGF6eQ==</parameter>
      </parameters>
      <parameters type="ModelRefInfoRepo.SFcnParameter" uuid="05ea3ff1-a74a-4e9f-a2c5-1d8673ffcf61">
        <parameter>AAFJTQAAAAAOAAAAOAAAAAYAAAAIAAAABgAAAAAAAAAFAAAACAAAAAEAAAABAAAAAQAAAAAAAAAJAAAACAAAAAAAAAAAAIBA</parameter>
      </parameters>
      <parameters type="ModelRefInfoRepo.SFcnParameter" uuid="f075f2a6-59ea-4411-9cf8-fef98aa46205">
        <parameter>AAFJTQAAAAAOAAAAOAAAAAYAAAAIAAAABgAAAAAAAAAFAAAACAAAAAEAAAABAAAAAQAAAAAAAAAJAAAACAAAAAAAAAAAAAAA</parameter>
      </parameters>
      <parameters type="ModelRefInfoRepo.SFcnParameter" uuid="7ca53242-5c2b-40bd-b989-7edf495c02fb">
        <parameter>AAFJTQAAAAAOAAAAOAAAAAYAAAAIAAAABAAAAAAAAAAFAAAACAAAAAEAAAAGAAAAAQAAAAAAAAAQAAAABgAAACUxNS42ZgAA</parameter>
      </parameters>
      <parameters type="ModelRefInfoRepo.SFcnParameter" uuid="41eba7bd-6976-4170-b51c-d0937ba5beeb">
        <parameter>AAFJTQAAAAAOAAAAOAAAAAYAAAAIAAAABgAAAAAAAAAFAAAACAAAAAEAAAABAAAAAQAAAAAAAAAJAAAACAAAAAAAAAAAAAAA</parameter>
      </parameters>
      <parameters type="ModelRefInfoRepo.SFcnParameter" uuid="7137aff0-c909-497c-87c7-2ce8a1be2a3a">
        <parameter>AAFJTQAAAAAOAAAAOAAAAAYAAAAIAAAABgAAAAAAAAAFAAAACAAAAAEAAAABAAAAAQAAAAAAAAAJAAAACAAAAAAAAAAAAMBB</parameter>
      </parameters>
      <parameters type="ModelRefInfoRepo.SFcnParameter" uuid="f09e7ce4-dfdd-4d2e-b26b-23c94f75af5a">
        <parameter>AAFJTQAAAAAOAAAAOAAAAAYAAAAIAAAABgAAAAAAAAAFAAAACAAAAAEAAAABAAAAAQAAAAAAAAAJAAAACAAAAAAAAAAAAAAA</parameter>
      </parameters>
    </sFcnInfo>
    <sampleTimeInheritanceRule>2</sampleTimeInheritanceRule>
    <solverUpdateJacobianAtReset>true</solverUpdateJacobianAtReset>
    <timingAndTaskingRegistry>&lt;?xml version=&quot;1.0&quot;?&gt;
&lt;slexec_sto version=&quot;1.1&quot; packageUris=&quot;http://schema.mathworks.com/mf0/slexec_mm_sto/R2019a_201808021136&quot;&gt;
  &lt;sto.Registry type=&quot;sto.Registry&quot; uuid=&quot;35d1f3b5-f7f6-458e-b152-2d8b3fe50c58&quot;&gt;
    &lt;clocks type=&quot;sto.Timer&quot; uuid=&quot;004ca59e-c31f-4826-bf43-0c25b30c98a0&quot;&gt;
      &lt;needsToProvideTimeDuringExecution&gt;true&lt;/needsToProvideTimeDuringExecution&gt;
      &lt;clockTickConstraint&gt;PeriodicWithFixedResolution&lt;/clockTickConstraint&gt;
      &lt;resolution&gt;0.0025000000000000001&lt;/resolution&gt;
      &lt;clockDomain type=&quot;sto.ClockDomain&quot; uuid=&quot;e4a3c19b-74a8-47f8-b546-883a558149d2&quot;&gt;
        &lt;baseTaskID&gt;_task0&lt;/baseTaskID&gt;
        &lt;computedFundamentalStepSize&gt;0.0025000000000000001&lt;/computedFundamentalStepSize&gt;
        &lt;rates type=&quot;sto.Rate&quot; uuid=&quot;95dd17c2-e8ee-496e-a938-660b3b488dd8&quot;/&gt;
        &lt;rates type=&quot;sto.Rate&quot; uuid=&quot;30c51afa-7c54-4b76-b0c8-65417e6698c2&quot;/&gt;
        &lt;rates type=&quot;sto.Rate&quot; uuid=&quot;1073942b-f0c3-4947-b60f-0ea0fa741ec9&quot;/&gt;
        &lt;rootTaskHierarchyElements type=&quot;sto.Task&quot; uuid=&quot;706789cb-0d45-4375-95f5-33d3baa3e89d&quot;&gt;
          &lt;isExecutable&gt;true&lt;/isExecutable&gt;
          &lt;orderIndex&gt;1&lt;/orderIndex&gt;
          &lt;rates type=&quot;sto.Rate&quot; uuid=&quot;95dd17c2-e8ee-496e-a938-660b3b488dd8&quot;&gt;
            &lt;annotation&gt;Cont&lt;/annotation&gt;
            &lt;description&gt;Continuous&lt;/description&gt;
            &lt;eventSourceType&gt;UNSPECIFIED_EVENT_SOURCE&lt;/eventSourceType&gt;
            &lt;registry type=&quot;sto.Registry&quot; uuid=&quot;35d1f3b5-f7f6-458e-b152-2d8b3fe50c58&quot;/&gt;
            &lt;taskId&gt;_task0&lt;/taskId&gt;
            &lt;rateSpec type=&quot;sto.RateSpec&quot; uuid=&quot;e12590b7-6b9a-4787-b033-b57fafa54a6d&quot;/&gt;
          &lt;/rates&gt;
          &lt;rates type=&quot;sto.Rate&quot; uuid=&quot;30c51afa-7c54-4b76-b0c8-65417e6698c2&quot;&gt;
            &lt;annotation&gt;FiM&lt;/annotation&gt;
            &lt;colorIndex&gt;8&lt;/colorIndex&gt;
            &lt;description&gt;Fixed in Minor Step&lt;/description&gt;
            &lt;eventSourceType&gt;UNSPECIFIED_EVENT_SOURCE&lt;/eventSourceType&gt;
            &lt;rateIDX&gt;-1&lt;/rateIDX&gt;
            &lt;registry type=&quot;sto.Registry&quot; uuid=&quot;35d1f3b5-f7f6-458e-b152-2d8b3fe50c58&quot;/&gt;
            &lt;taskId&gt;_task0&lt;/taskId&gt;
            &lt;useForExecution&gt;NotForExecution&lt;/useForExecution&gt;
            &lt;rateSpec type=&quot;sto.RateSpec&quot; uuid=&quot;74a822bc-a73f-45e6-82f4-2eabba648366&quot;&gt;
              &lt;offset&gt;1&lt;/offset&gt;
              &lt;rateType&gt;ZOHContinuous&lt;/rateType&gt;
            &lt;/rateSpec&gt;
          &lt;/rates&gt;
          &lt;rates type=&quot;sto.Rate&quot; uuid=&quot;1073942b-f0c3-4947-b60f-0ea0fa741ec9&quot;&gt;
            &lt;annotation&gt;D1&lt;/annotation&gt;
            &lt;colorIndex&gt;2&lt;/colorIndex&gt;
            &lt;description&gt;Discrete 1&lt;/description&gt;
            &lt;eventSourceType&gt;UNSPECIFIED_EVENT_SOURCE&lt;/eventSourceType&gt;
            &lt;rateIDX&gt;1&lt;/rateIDX&gt;
            &lt;registry type=&quot;sto.Registry&quot; uuid=&quot;35d1f3b5-f7f6-458e-b152-2d8b3fe50c58&quot;/&gt;
            &lt;taskId&gt;_task0&lt;/taskId&gt;
            &lt;rateSpec type=&quot;sto.RateSpec&quot; uuid=&quot;7d2f34f1-e5fd-4619-9e81-c6353a4c3629&quot;&gt;
              &lt;period&gt;0.0025000000000000001&lt;/period&gt;
              &lt;rateType&gt;ClassicPeriodicDiscrete&lt;/rateType&gt;
            &lt;/rateSpec&gt;
          &lt;/rates&gt;
          &lt;elementType&gt;Task&lt;/elementType&gt;
          &lt;identifier&gt;_task0&lt;/identifier&gt;
          &lt;priority&gt;40&lt;/priority&gt;
        &lt;/rootTaskHierarchyElements&gt;
      &lt;/clockDomain&gt;
    &lt;/clocks&gt;
    &lt;clocks type=&quot;sto.Event&quot; uuid=&quot;248e9913-a7a2-4ea0-96b8-3a04f2381d06&quot;&gt;
      &lt;eventType&gt;PARAMETER_CHANGE_EVENT&lt;/eventType&gt;
      &lt;cNum&gt;1&lt;/cNum&gt;
      &lt;clockType&gt;Event&lt;/clockType&gt;
      &lt;identifier&gt;ParameterChangeEvent&lt;/identifier&gt;
      &lt;resolution&gt;-1&lt;/resolution&gt;
      &lt;specifiedTaskingMode&gt;ExplicitTasking&lt;/specifiedTaskingMode&gt;
      &lt;timeAdvanceMode&gt;None&lt;/timeAdvanceMode&gt;
      &lt;clockDomain type=&quot;sto.ClockDomain&quot; uuid=&quot;43ba86f1-511e-4a0a-baef-40d174bd9efa&quot;&gt;
        &lt;computedFundamentalStepSize&gt;-1&lt;/computedFundamentalStepSize&gt;
        &lt;rates type=&quot;sto.Rate&quot; uuid=&quot;d0639ae1-9d16-40d5-8b4c-23571bcc0b87&quot;/&gt;
        &lt;rootTaskHierarchyElements type=&quot;sto.Task&quot; uuid=&quot;ed57db29-9810-48b7-bed2-1b327b9baf24&quot;&gt;
          &lt;isExplicit&gt;true&lt;/isExplicit&gt;
          &lt;rates type=&quot;sto.Rate&quot; uuid=&quot;d0639ae1-9d16-40d5-8b4c-23571bcc0b87&quot;&gt;
            &lt;eventSourceType&gt;PARAMETER_CHANGE_EVENT&lt;/eventSourceType&gt;
            &lt;rateIDX&gt;-1&lt;/rateIDX&gt;
            &lt;registry type=&quot;sto.Registry&quot; uuid=&quot;35d1f3b5-f7f6-458e-b152-2d8b3fe50c58&quot;/&gt;
            &lt;stringID&gt;ParameterChangeEvent&lt;/stringID&gt;
            &lt;taskId&gt;ModelWideParameterChangeEvent&lt;/taskId&gt;
            &lt;useForExecution&gt;NotForExecution&lt;/useForExecution&gt;
            &lt;rateSpec type=&quot;sto.RateSpec&quot; uuid=&quot;58f5b2eb-7d74-4100-b2c7-f76b330160cd&quot;&gt;
              &lt;period&gt;inf&lt;/period&gt;
              &lt;rateType&gt;ModelWideParameterChangeEvent&lt;/rateType&gt;
            &lt;/rateSpec&gt;
          &lt;/rates&gt;
          &lt;tNum&gt;1&lt;/tNum&gt;
          &lt;timeKeeperClockID&gt;ParameterChangeEvent&lt;/timeKeeperClockID&gt;
          &lt;elementType&gt;Task&lt;/elementType&gt;
          &lt;identifier&gt;ModelWideParameterChangeEvent&lt;/identifier&gt;
          &lt;priority&gt;-1&lt;/priority&gt;
          &lt;schedulingClockID&gt;ParameterChangeEvent&lt;/schedulingClockID&gt;
        &lt;/rootTaskHierarchyElements&gt;
      &lt;/clockDomain&gt;
    &lt;/clocks&gt;
    &lt;executionSpec&gt;Undetermined&lt;/executionSpec&gt;
    &lt;taskDependencyGraph type=&quot;sto.SerializedTaskConnectionList&quot; uuid=&quot;2c70b0b4-ead4-4fff-9309-47d8cdadc724&quot;&gt;
      &lt;taskIdentifier&gt;_task0&lt;/taskIdentifier&gt;
    &lt;/taskDependencyGraph&gt;
    &lt;taskDependencyGraph type=&quot;sto.SerializedTaskConnectionList&quot; uuid=&quot;5be75526-a439-4d99-8ed2-e63ceda5328a&quot;&gt;
      &lt;clockIdentifier&gt;ParameterChangeEvent&lt;/clockIdentifier&gt;
      &lt;taskIdentifier&gt;ModelWideParameterChangeEvent&lt;/taskIdentifier&gt;
    &lt;/taskDependencyGraph&gt;
    &lt;taskPriorityDirection&gt;HighNumberLast&lt;/taskPriorityDirection&gt;
    &lt;tasks type=&quot;sto.Task&quot; uuid=&quot;706789cb-0d45-4375-95f5-33d3baa3e89d&quot;/&gt;
    &lt;tasks type=&quot;sto.Task&quot; uuid=&quot;ed57db29-9810-48b7-bed2-1b327b9baf24&quot;/&gt;
  &lt;/sto.Registry&gt;
&lt;/slexec_sto&gt;</timingAndTaskingRegistry>
    <userSpecifiedFixedStepSize>0.0025000000000000001</userSpecifiedFixedStepSize>
    <FMUBlockMap type="ModelRefInfoRepo.FMUBlockInfo" uuid="d841386b-b90f-41fb-8a26-d78bc55c66e9"/>
    <codeGenInfo type="ModelRefInfoRepo.CodeGenInformation" uuid="668c864e-1eeb-48ff-9da9-f26ff6879d3c">
      <DWorkTypeName>ope1wg3cbz4</DWorkTypeName>
    </codeGenInfo>
    <configSettingsForConsistencyChecks type="ModelRefInfoRepo.ConfigSettingsForConsistencyChecks" uuid="cc598854-6103-40fd-9f08-d229bb566826">
      <consistentOutportInitialization>true</consistentOutportInitialization>
      <fixedStepSize>0.0025000000000000001</fixedStepSize>
      <frameDiagnosticSetting>2</frameDiagnosticSetting>
      <hasHybridSampleTime>true</hasHybridSampleTime>
      <signalLoggingSaveFormat>2</signalLoggingSaveFormat>
      <solverName>ode14x</solverName>
      <solverType>SOLVER_TYPE_FIXEDSTEP</solverType>
      <hardwareSettings type="ModelRefInfoRepo.HardwareSettings" uuid="25796999-f5db-4b0b-9786-d5fe9ec07eb1">
        <prodBitPerChar>8</prodBitPerChar>
        <prodBitPerDouble>64</prodBitPerDouble>
        <prodBitPerFloat>32</prodBitPerFloat>
        <prodBitPerInt>32</prodBitPerInt>
        <prodBitPerLong>32</prodBitPerLong>
        <prodBitPerLongLong>64</prodBitPerLongLong>
        <prodBitPerPointer>32</prodBitPerPointer>
        <prodBitPerPtrDiffT>32</prodBitPerPtrDiffT>
        <prodBitPerShort>16</prodBitPerShort>
        <prodBitPerSizeT>32</prodBitPerSizeT>
        <prodEndianess>1</prodEndianess>
        <prodLargestAtomicFloat>2</prodLargestAtomicFloat>
        <prodLongLongMode>true</prodLongLongMode>
        <prodShiftRight>true</prodShiftRight>
        <prodWordSize>32</prodWordSize>
      </hardwareSettings>
    </configSettingsForConsistencyChecks>
    <dataPortGroup type="ModelRefInfoRepo.DataPortGroup" uuid="3d8d0e83-ee2c-443d-a056-7cb4f66df7bc">
      <dataInputPorts>0</dataInputPorts>
      <dataOutputPorts>0</dataOutputPorts>
    </dataPortGroup>
    <interfaceParameterInfo type="ModelRefInfoRepo.InterfaceParameterInfo" uuid="76eec881-a654-4534-8ac2-695e2e500b79"/>
    <messageInfo type="ModelRefInfoRepo.MessageInformation" uuid="faec1145-9188-49f0-978b-61bf87ffcbdd"/>
    <methodInfo type="ModelRefInfoRepo.MethodExistenceInfo" uuid="3d8b9723-65d1-429a-b979-78ef38aec683">
      <hasDerivMethod>true</hasDerivMethod>
      <hasForcingFunctionMethod>true</hasForcingFunctionMethod>
      <hasMassMatrixMethod>true</hasMassMatrixMethod>
      <hasProjectionMethod>true</hasProjectionMethod>
      <hasSystemInitializeMethod>true</hasSystemInitializeMethod>
      <hasSystemResetMethod>true</hasSystemResetMethod>
      <hasTerminateMethod>true</hasTerminateMethod>
      <hasUpdateMethod>true</hasUpdateMethod>
    </methodInfo>
    <periodicEventPortUnsupportedBlockInfo type="ModelRefInfoRepo.PeriodicEventPortUnsupportedBlockInfo" uuid="70aa166e-8bc5-4011-917f-9e35066c3d2e">
      <deterministicRTBs>closedLoop/RateTransitionIn/Rate Transition</deterministicRTBs>
      <deterministicRTBs>closedLoop/RateTransitionIn/Rate Transition1</deterministicRTBs>
      <deterministicRTBs>closedLoop/RateTransitionIn/Rate Transition10</deterministicRTBs>
      <deterministicRTBs>closedLoop/RateTransitionIn/Rate Transition11</deterministicRTBs>
      <deterministicRTBs>closedLoop/RateTransitionIn/Rate Transition12</deterministicRTBs>
      <deterministicRTBs>closedLoop/RateTransitionIn/Rate Transition13</deterministicRTBs>
      <deterministicRTBs>closedLoop/RateTransitionIn/Rate Transition14</deterministicRTBs>
      <deterministicRTBs>closedLoop/RateTransitionIn/Rate Transition15</deterministicRTBs>
      <deterministicRTBs>closedLoop/RateTransitionIn/Rate Transition16</deterministicRTBs>
      <deterministicRTBs>closedLoop/RateTransitionIn/Rate Transition17</deterministicRTBs>
    </periodicEventPortUnsupportedBlockInfo>
    <portGroupsRequireSameRate type="ModelRefInfoRepo.PortGroupsRequireSameRate" uuid="90bbf253-a189-4f6d-b8b1-3df268a80cea">
      <DSMPortGroups type="ModelRefInfoRepo.NameToPortGroupIdxVectMap" uuid="43942fbb-a2ee-46c5-ac32-dcca426a24f6"/>
      <GlobalDSMPortGroups type="ModelRefInfoRepo.NameToPortGroupIdxVectMap" uuid="2bd488a1-b1a1-44e6-bec2-fdcca6984326"/>
      <mergedPortGroups type="ModelRefInfoRepo.NameToPortGroupIdxVectMap" uuid="c863bb5a-7591-4121-92da-b85b2cfac750"/>
    </portGroupsRequireSameRate>
    <rateSpecOfGlobalDSMAccessedByDescExpFcnMdlMap type="ModelRefInfoRepo.GlobalDSMRateSpecMap" uuid="bff19cf3-fea0-4db4-ab63-0c358cf69c7f"/>
    <simulinkFunctions type="ModelRefInfoRepo.SimulinkFunctions" uuid="610f7cf0-0d85-4773-addf-4fe1a3d813b4">
      <compSimulinkFunctionCatalog></compSimulinkFunctionCatalog>
      <variantSimulinkFunctions type="ModelRefInfoRepo.VariantSimulinkFunctions" uuid="868ea707-46f6-4dfa-95ee-7d4cd5197dd2"/>
    </simulinkFunctions>
    <stateWriterToOwnerMap type="ModelRefInfoRepo.StateWriterInfo" uuid="2a42f47a-7ca1-4dcf-aae5-7bd8f8d87694"/>
  </ModelRefInfoRepo.ModelRefInfoRoot>
</MF0>