0,-0.74248
0.01,-0.74248
0.02,-0.74248
0.03,-0.74248
0.04,-0.74248
0.05,-0.74248
0.06,-0.74248
0.07,-0.74248
0.08,-0.74248
0.09,-0.74248
0.1,-0.74248
0.11,-0.74248
0.12,-0.74248
0.13,-0.74248
0.14,-0.74248
0.15,-0.74248
0.16,-0.74248
0.17,-0.74248
0.18,-0.74248
0.19,-0.74248
0.2,-0.74248
0.21,-0.74248
0.22,-0.74248
0.23,-0.74248
0.24,-0.74248
0.25,-0.74248
0.26,-0.74248
0.27,-0.74248
0.28,-0.74248
0.29,-0.74248
0.3,-0.74248
0.31,-0.74248
0.32,-0.74248
0.33,-0.74248
0.34,-0.74248
0.35,-0.74248
0.36,-0.74248
0.37,-0.74248
0.38,-0.74248
0.39,-0.74248
0.4,-0.74248
0.41,-0.74248
0.42,-0.74248
0.43,-0.74248
0.44,-0.74248
0.45,-0.74248
0.46,-0.74248
0.47,-0.74248
0.48,-0.74248
0.49,-0.74248
0.5,-0.74248
0.51,-0.74248
0.52,-0.74248
0.53,-0.74248
0.54,-0.74248
0.55,-0.74248
0.56,-0.74248
0.57,-0.74248
0.58,-0.74248
0.59,-0.74248
0.6,-0.74248
0.61,-0.74248
0.62,-0.74248
0.63,-0.74248
0.64,-0.74248
0.65,-0.74248
0.66,-0.74248
0.67,-0.74248
0.68,-0.74248
0.69,-0.74248
0.7,-0.74248
0.71,-0.74248
0.72,-0.74248
0.73,-0.74248
0.74,-0.74248
0.75,-0.74248
0.76,-0.74248
0.77,-0.74248
0.78,-0.74248
0.79,-0.74248
0.8,-0.74248
0.81,-0.74248
0.82,-0.74248
0.83,-0.74248
0.84,-0.74248
0.85,-0.74248
0.86,-0.74248
0.87,-0.74248
0.88,-0.74248
0.89,-0.74248
0.9,-0.74248
0.91,-0.74248
0.92,-0.74248
0.93,-0.74248
0.94,-0.74248
0.95,-0.74248
0.96,-0.74248
0.97,-0.74248
0.98,-0.74248
0.99,-0.74248
1,-0.74248
10,-0.74248
10.01,-0.74248
10.02,-0.74248
10.03,-0.74248
10.04,-0.74248
10.05,-0.74248
10.06,-0.74248
10.07,-0.74248
10.08,-0.74248
10.09,-0.74248
1.01,-0.74248
10.1,-0.74248
10.11,-0.74248
10.12,-0.74248
10.13,-0.74248
10.14,-0.74248
10.15,-0.74248
10.16,-0.74248
10.17,-0.74248
10.18,-0.74248
10.19,-0.74248
1.02,-0.74248
10.2,-0.74248
10.21,-0.74248
10.22,-0.74248
10.23,-0.74248
10.24,-0.74248
10.25,-0.74248
10.26,-0.74248
10.27,-0.74248
10.28,-0.74248
10.29,-0.74248
1.03,-0.74248
10.3,-0.74248
10.31,-0.74248
10.32,-0.74248
10.33,-0.74248
10.34,-0.74248
10.35,-0.74248
10.36,-0.74248
10.37,-0.74248
10.38,-0.74248
10.39,-0.74248
1.04,-0.74248
10.4,-0.74248
10.41,-0.74248
10.42,-0.74248
10.43,-0.74248
10.44,-0.74248
10.45,-0.74248
10.46,-0.74248
10.47,-0.74248
10.48,-0.74248
10.49,-0.74248
1.05,-0.74248
10.5,-0.74248
10.51,-0.74248
10.52,-0.74248
10.53,-0.74248
10.54,-0.74248
10.55,-0.74248
10.56,-0.74248
10.57,-0.74248
10.58,-0.74248
10.59,-0.74248
1.06,-0.74248
10.6,-0.74248
10.61,-0.74248
10.62,-0.74248
10.63,-0.74248
10.64,-0.74248
10.65,-0.74248
10.66,-0.74248
10.67,-0.74248
10.68,-0.74248
10.69,-0.74248
1.07,-0.74248
10.7,-0.74248
10.71,-0.74248
10.72,-0.74248
10.73,-0.74248
10.74,-0.74248
10.75,-0.74248
10.76,-0.74248
10.77,-0.74248
10.78,-0.74248
10.79,-0.74248
1.08,-0.74248
10.8,-0.74248
10.81,-0.74248
10.82,-0.74248
10.83,-0.74248
10.84,-0.74248
10.85,-0.74248
10.86,-0.74248
10.87,-0.74248
10.88,-0.74248
10.89,-0.74248
1.09,-0.74248
10.9,-0.74248
10.91,-0.74248
10.92,-0.74248
10.93,-0.74248
10.94,-0.74248
10.95,-0.74248
10.96,-0.74248
10.97,-0.74248
10.98,-0.74248
10.99,-0.74248
11,-0.74248
1.1,-0.74248
11.01,-0.74248
11.02,-0.74248
11.03,-0.74248
11.04,-0.74248
11.05,-0.74248
11.06,-0.74248
11.07,-0.74248
11.08,-0.74248
11.09,-0.74248
1.11,-0.74248
11.1,-0.74248
11.11,-0.74248
11.12,-0.74248
11.13,-0.74248
11.14,-0.74248
11.15,-0.74248
11.16,-0.74248
11.17,-0.74248
11.18,-0.74248
11.19,-0.74248
1.12,-0.74248
11.2,-0.74248
11.21,-0.74248
11.22,-0.74248
11.23,-0.74248
11.24,-0.74248
11.25,-0.74248
11.26,-0.74248
11.27,-0.74248
11.28,-0.74248
11.29,-0.74248
1.13,-0.74248
11.3,-0.74248
11.31,-0.74248
11.32,-0.74248
11.33,-0.74248
11.34,-0.74248
11.35,-0.74248
11.36,-0.74248
11.37,-0.74248
11.38,-0.74248
11.39,-0.74248
1.14,-0.74248
11.4,-0.74248
11.41,-0.74248
11.42,-0.74248
11.43,-0.74248
11.44,-0.74248
11.45,-0.74248
11.46,-0.74248
11.47,-0.74248
11.48,-0.74248
11.49,-0.74248
1.15,-0.74248
11.5,-0.74248
11.51,-0.74248
11.52,-0.74248
11.53,-0.74248
11.54,-0.74248
11.55,-0.74248
11.56,-0.74248
11.57,-0.74248
11.58,-0.74248
11.59,-0.74248
1.16,-0.74248
11.6,-0.74248
11.61,-0.74248
11.62,-0.74248
11.63,-0.74248
11.64,-0.74248
11.65,-0.74248
11.66,-0.74248
11.67,-0.74248
11.68,-0.74248
11.69,-0.74248
1.17,-0.74248
11.7,-0.74248
11.71,-0.74248
11.72,-0.74248
11.73,-0.74248
11.74,-0.74248
11.75,-0.74248
11.76,-0.74248
11.77,-0.74248
11.78,-0.74248
11.79,-0.74248
1.18,-0.74248
11.8,-0.74248
11.81,-0.74248
11.82,-0.74248
11.83,-0.74248
11.84,-0.74248
11.85,-0.74248
11.86,-0.74248
11.87,-0.74248
11.88,-0.74248
11.89,-0.74248
1.19,-0.74248
11.9,-0.74248
11.91,-0.74248
11.92,-0.74248
11.93,-0.74248
11.94,-0.74248
11.95,-0.74248
11.96,-0.74248
11.97,-0.74248
11.98,-0.74248
11.99,-0.74248
12,-0.74248
1.2,-0.74248
12.01,-0.74248
12.02,-0.74248
12.03,-0.74248
12.04,-0.74248
12.05,-0.74248
12.06,-0.74248
12.07,-0.74248
12.08,-0.74248
12.09,-0.74248
1.21,-0.74248
12.1,-0.74248
12.11,-0.74248
12.12,-0.74248
12.13,-0.74248
12.14,-0.74248
12.15,-0.74248
12.16,-0.74248
12.17,-0.74248
12.18,-0.74248
12.19,-0.74248
1.22,-0.74248
12.2,-0.74248
12.21,-0.74248
12.22,-0.74248
12.23,-0.74248
12.24,-0.74248
12.25,-0.74248
12.26,-0.74248
12.27,-0.74248
12.28,-0.74248
12.29,-0.74248
1.23,-0.74248
12.3,-0.74248
12.31,-0.74248
12.32,-0.74248
12.33,-0.74248
12.34,-0.74248
12.35,-0.74248
12.36,-0.74248
12.37,-0.74248
12.38,-0.74248
12.39,-0.74248
1.24,-0.74248
12.4,-0.74248
12.41,-0.74248
12.42,-0.74248
12.43,-0.74248
12.44,-0.74248
12.45,-0.74248
12.46,-0.74248
12.47,-0.74248
12.48,-0.74248
12.49,-0.74248
1.25,-0.74248
12.5,-0.74248
12.51,-0.74248
12.52,-0.74248
12.53,-0.74248
12.54,-0.74248
12.55,-0.74248
12.56,-0.74248
12.57,-0.74248
12.58,-0.74248
12.59,-0.74248
1.26,-0.74248
12.6,-0.74248
12.61,-0.74248
12.62,-0.74248
12.63,-0.74248
12.64,-0.74248
12.65,-0.74248
12.66,-0.74248
12.67,-0.74248
12.68,-0.74248
12.69,-0.74248
1.27,-0.74248
12.7,-0.74248
12.71,-0.74248
12.72,-0.74248
12.73,-0.74248
12.74,-0.74248
12.75,-0.74248
12.76,-0.74248
12.77,-0.74248
12.78,-0.74248
12.79,-0.74248
1.28,-0.74248
12.8,-0.74248
12.81,-0.74248
12.82,-0.74248
12.83,-0.74248
12.84,-0.74248
12.85,-0.74248
12.86,-0.74248
12.87,-0.74248
12.88,-0.74248
12.89,-0.74248
1.29,-0.74248
12.9,-0.74248
12.91,-0.74248
12.92,-0.74248
12.93,-0.74248
12.94,-0.74248
12.95,-0.74248
12.96,-0.74248
12.97,-0.74248
12.98,-0.74248
12.99,-0.74248
13,-0.74248
1.3,-0.74248
13.01,-0.74248
13.02,-0.74248
13.03,-0.74248
13.04,-0.74248
13.05,-0.74248
13.06,-0.74248
13.07,-0.74248
13.08,-0.74248
13.09,-0.74248
1.31,-0.74248
13.1,-0.74248
13.11,-0.74248
13.12,-0.74248
13.13,-0.74248
13.14,-0.74248
13.15,-0.74248
13.16,-0.74248
13.17,-0.74248
13.18,-0.74248
13.19,-0.74248
1.32,-0.74248
13.2,-0.74248
13.21,-0.74248
13.22,-0.74248
13.23,-0.74248
13.24,-0.74248
13.25,-0.74248
13.26,-0.74248
13.27,-0.74248
13.28,-0.74248
13.29,-0.74248
1.33,-0.74248
13.3,-0.74248
13.31,-0.74248
13.32,-0.74248
13.33,-0.74248
13.34,-0.74248
13.35,-0.74248
13.36,-0.74248
13.37,-0.74248
13.38,-0.74248
13.39,-0.74248
1.34,-0.74248
13.4,-0.74248
13.41,-0.74248
13.42,-0.74248
13.43,-0.74248
13.44,-0.74248
13.45,-0.74248
13.46,-0.74248
13.47,-0.74248
13.48,-0.74248
13.49,-0.74248
1.35,-0.74248
13.5,-0.74248
13.51,-0.74248
13.52,-0.74248
13.53,-0.74248
13.54,-0.74248
13.55,-0.74248
13.56,-0.74248
13.57,-0.74248
13.58,-0.74248
13.59,-0.74248
1.36,-0.74248
13.6,-0.74248
13.61,-0.74248
13.62,-0.74248
13.63,-0.74248
13.64,-0.74248
13.65,-0.74248
13.66,-0.74248
13.67,-0.74248
13.68,-0.74248
13.69,-0.74248
1.37,-0.74248
13.7,-0.74248
13.71,-0.74248
13.72,-0.74248
13.73,-0.74248
13.74,-0.74248
13.75,-0.74248
13.76,-0.74248
13.77,-0.74248
13.78,-0.74248
13.79,-0.74248
1.38,-0.74248
13.8,-0.74248
13.81,-0.74248
13.82,-0.74248
13.83,-0.74248
13.84,-0.74248
13.85,-0.74248
13.86,-0.74248
13.87,-0.74248
13.88,-0.74248
13.89,-0.74248
1.39,-0.74248
13.9,-0.74248
13.91,-0.74248
13.92,-0.74248
13.93,-0.74248
13.94,-0.74248
13.95,-0.74248
13.96,-0.74248
13.97,-0.74248
13.98,-0.74248
13.99,-0.74248
14,-0.74248
1.4,-0.74248
14.01,-0.74248
14.02,-0.74248
14.03,-0.74248
14.04,-0.74248
14.05,-0.74248
14.06,-0.74248
14.07,-0.74248
14.08,-0.74248
14.09,-0.74248
1.41,-0.74248
14.1,-0.74248
14.11,-0.74248
14.12,-0.74248
14.13,-0.74248
14.14,-0.74248
14.15,-0.74248
14.16,-0.74248
14.17,-0.74248
14.18,-0.74248
14.19,-0.74248
1.42,-0.74248
14.2,-0.74248
14.21,-0.74248
14.22,-0.74248
14.23,-0.74248
14.24,-0.74248
14.25,-0.74248
14.26,-0.74248
14.27,-0.74248
14.28,-0.74248
14.29,-0.74248
1.43,-0.74248
14.3,-0.74248
14.31,-0.74248
14.32,-0.74248
14.33,-0.74248
14.34,-0.74248
14.35,-0.74248
14.36,-0.74248
14.37,-0.74248
14.38,-0.74248
14.39,-0.74248
1.44,-0.74248
14.4,-0.74248
14.41,-0.74248
14.42,-0.74248
14.43,-0.74248
14.44,-0.74248
14.45,-0.74248
14.46,-0.74248
14.47,-0.74248
14.48,-0.74248
14.49,-0.74248
1.45,-0.74248
14.5,-0.74248
14.51,-0.74248
14.52,-0.74248
14.53,-0.74248
14.54,-0.74248
14.55,-0.74248
14.56,-0.74248
14.57,-0.74248
14.58,-0.74248
14.59,-0.74248
1.46,-0.74248
14.6,-0.74248
14.61,-0.74248
14.62,-0.74248
14.63,-0.74248
14.64,-0.74248
14.65,-0.74248
14.66,-0.74248
14.67,-0.74248
14.68,-0.74248
14.69,-0.74248
1.47,-0.74248
14.7,-0.74248
14.71,-0.74248
14.72,-0.74248
14.73,-0.74248
14.74,-0.74248
14.75,-0.74248
14.76,-0.74248
14.77,-0.74248
14.78,-0.74248
14.79,-0.74248
1.48,-0.74248
14.8,-0.74248
14.81,-0.74248
14.82,-0.74248
14.83,-0.74248
14.84,-0.74248
14.85,-0.74248
14.86,-0.74248
14.87,-0.74248
14.88,-0.74248
14.89,-0.74248
1.49,-0.74248
14.9,-0.74248
14.91,-0.74248
14.92,-0.74248
14.93,-0.74248
14.94,-0.74248
14.95,-0.74248
14.96,-0.74248
14.97,-0.74248
14.98,-0.74248
14.99,-0.74248
15,-0.74248
1.5,-0.74248
15.01,-0.74248
15.02,-0.74248
15.03,-0.74248
15.04,-0.74248
15.05,-0.74248
15.06,-0.74248
15.07,-0.74248
15.08,-0.74248
15.09,-0.74248
1.51,-0.74248
15.1,-0.74248
15.11,-0.74248
15.12,-0.74248
15.13,-0.74248
15.14,-0.74248
15.15,-0.74248
15.16,-0.74248
15.17,-0.74248
15.18,-0.74248
15.19,-0.74248
1.52,-0.74248
15.2,-0.74248
15.21,-0.74248
15.22,-0.74248
15.23,-0.74248
15.24,-0.74248
15.25,-0.74248
15.26,-0.74248
15.27,-0.74248
15.28,-0.74248
15.29,-0.74248
1.53,-0.74248
15.3,-0.74248
15.31,-0.74248
15.32,-0.74248
15.33,-0.74248
15.34,-0.74248
15.35,-0.74248
15.36,-0.74248
15.37,-0.74248
15.38,-0.74248
15.39,-0.74248
1.54,-0.74248
15.4,-0.74248
15.41,-0.74248
15.42,-0.74248
15.43,-0.74248
15.44,-0.74248
15.45,-0.74248
15.46,-0.74248
15.47,-0.74248
15.48,-0.74248
15.49,-0.74248
1.55,-0.74248
15.5,-0.74248
15.51,-0.74248
15.52,-0.74248
15.53,-0.74248
15.54,-0.74248
15.55,-0.74248
15.56,-0.74248
15.57,-0.74248
15.58,-0.74248
15.59,-0.74248
1.56,-0.74248
15.6,-0.74248
15.61,-0.74248
15.62,-0.74248
15.63,-0.74248
15.64,-0.74248
15.65,-0.74248
15.66,-0.74248
15.67,-0.74248
15.68,-0.74248
15.69,-0.74248
1.57,-0.74248
15.7,-0.74248
15.71,-0.74248
15.72,-0.74248
15.73,-0.74248
15.74,-0.74248
15.75,-0.74248
15.76,-0.74248
15.77,-0.74248
15.78,-0.74248
15.79,-0.74248
1.58,-0.74248
15.8,-0.74248
15.81,-0.74248
15.82,-0.74248
15.83,-0.74248
15.84,-0.74248
15.85,-0.74248
15.86,-0.74248
15.87,-0.74248
15.88,-0.74248
15.89,-0.74248
1.59,-0.74248
15.9,-0.74248
15.91,-0.74248
15.92,-0.74248
15.93,-0.74248
15.94,-0.74248
15.95,-0.74248
15.96,-0.74248
15.97,-0.74248
15.98,-0.74248
15.99,-0.74248
16,-0.74248
1.6,-0.74248
16.01,-0.74248
16.02,-0.74248
16.03,-0.74248
16.04,-0.74248
16.05,-0.74248
16.06,-0.74248
16.07,-0.74248
16.08,-0.74248
16.09,-0.74248
1.61,-0.74248
16.1,-0.74248
16.11,-0.74248
16.12,-0.74248
16.13,-0.74248
16.14,-0.74248
16.15,-0.74248
16.16,-0.74248
16.17,-0.74248
16.18,-0.74248
16.19,-0.74248
1.62,-0.74248
16.2,-0.74248
16.21,-0.74248
16.22,-0.74248
16.23,-0.74248
16.24,-0.74248
16.25,-0.74248
16.26,-0.74248
16.27,-0.74248
16.28,-0.74248
16.29,-0.74248
1.63,-0.74248
16.3,-0.74248
16.31,-0.74248
16.32,-0.74248
16.33,-0.74248
16.34,-0.74248
16.35,-0.74248
16.36,-0.74248
16.37,-0.74248
16.38,-0.74248
16.39,-0.74248
1.64,-0.74248
16.4,-0.74248
16.41,-0.74248
16.42,-0.74248
16.43,-0.74248
16.44,-0.74248
16.45,-0.74248
16.46,-0.74248
16.47,-0.74248
16.48,-0.74248
16.49,-0.74248
1.65,-0.74248
16.5,-0.74248
16.51,-0.74248
16.52,-0.74248
16.53,-0.74248
16.54,-0.74248
16.55,-0.74248
16.56,-0.74248
16.57,-0.74248
16.58,-0.74248
16.59,-0.74248
1.66,-0.74248
16.6,-0.74248
16.61,-0.74248
16.62,-0.74248
16.63,-0.74248
16.64,-0.74248
16.65,-0.74248
16.66,-0.74248
16.67,-0.74248
16.68,-0.74248
16.69,-0.74248
1.67,-0.74248
16.7,-0.74248
16.71,-0.74248
16.72,-0.74248
16.73,-0.74248
16.74,-0.74248
16.75,-0.74248
16.76,-0.74248
16.77,-0.74248
16.78,-0.74248
16.79,-0.74248
1.68,-0.74248
16.8,-0.74248
16.81,-0.74248
16.82,-0.74248
16.83,-0.74248
16.84,-0.74248
16.85,-0.74248
16.86,-0.74248
16.87,-0.74248
16.88,-0.74248
16.89,-0.74248
1.69,-0.74248
16.9,-0.74248
16.91,-0.74248
16.92,-0.74248
16.93,-0.74248
16.94,-0.74248
16.95,-0.74248
16.96,-0.74248
16.97,-0.74248
16.98,-0.74248
16.99,-0.74248
17,-0.74248
1.7,-0.74248
17.01,-0.74248
17.02,-0.74248
17.03,-0.74248
17.04,-0.74248
17.05,-0.74248
17.06,-0.74248
17.07,-0.74248
17.08,-0.74248
17.09,-0.74248
1.71,-0.74248
17.1,-0.74248
17.11,-0.74248
17.12,-0.74248
17.13,-0.74248
17.14,-0.74248
17.15,-0.74248
17.16,-0.74248
17.17,-0.74248
17.18,-0.74248
17.19,-0.74248
1.72,-0.74248
17.2,-0.74248
17.21,-0.74248
17.22,-0.74248
17.23,-0.74248
17.24,-0.74248
17.25,-0.74248
17.26,-0.74248
17.27,-0.74248
17.28,-0.74248
17.29,-0.74248
1.73,-0.74248
17.3,-0.74248
17.31,-0.74248
17.32,-0.74248
17.33,-0.74248
17.34,-0.74248
17.35,-0.74248
17.36,-0.74248
17.37,-0.74248
17.38,-0.74248
17.39,-0.74248
1.74,-0.74248
17.4,-0.74248
17.41,-0.74248
17.42,-0.74248
17.43,-0.74248
17.44,-0.74248
17.45,-0.74248
17.46,-0.74248
17.47,-0.74248
17.48,-0.74248
17.49,-0.74248
1.75,-0.74248
17.5,-0.74248
17.51,-0.74248
17.52,-0.74248
17.53,-0.74248
17.54,-0.74248
17.55,-0.74248
17.56,-0.74248
17.57,-0.74248
17.58,-0.74248
17.59,-0.74248
1.76,-0.74248
17.6,-0.74248
17.61,-0.74248
17.62,-0.74248
17.63,-0.74248
17.64,-0.74248
17.65,-0.74248
17.66,-0.74248
17.67,-0.74248
17.68,-0.74248
17.69,-0.74248
1.77,-0.74248
17.7,-0.74248
17.71,-0.74248
17.72,-0.74248
17.73,-0.74248
17.74,-0.74248
17.75,-0.74248
17.76,-0.74248
17.77,-0.74248
17.78,-0.74248
17.79,-0.74248
1.78,-0.74248
17.8,-0.74248
17.81,-0.74248
17.82,-0.74248
17.83,-0.74248
17.84,-0.74248
17.85,-0.74248
17.86,-0.74248
17.87,-0.74248
17.88,-0.74248
17.89,-0.74248
1.79,-0.74248
17.9,-0.74248
17.91,-0.74248
17.92,-0.74248
17.93,-0.74248
17.94,-0.74248
17.95,-0.74248
17.96,-0.74248
17.97,-0.74248
17.98,-0.74248
17.99,-0.74248
18,-0.74248
1.8,-0.74248
18.01,-0.74248
18.02,-0.74248
18.03,-0.74248
18.04,-0.74248
18.05,-0.74248
18.06,-0.74248
18.07,-0.74248
18.08,-0.74248
18.09,-0.74248
1.81,-0.74248
18.1,-0.74248
18.11,-0.74248
18.12,-0.74248
18.13,-0.74248
18.14,-0.74248
18.15,-0.74248
18.16,-0.74248
18.17,-0.74248
18.18,-0.74248
18.19,-0.74248
1.82,-0.74248
18.2,-0.74248
18.21,-0.74248
18.22,-0.74248
18.23,-0.74248
18.24,-0.74248
18.25,-0.74248
18.26,-0.74248
18.27,-0.74248
18.28,-0.74248
18.29,-0.74248
1.83,-0.74248
18.3,-0.74248
18.31,-0.74248
18.32,-0.74248
18.33,-0.74248
18.34,-0.74248
18.35,-0.74248
18.36,-0.74248
18.37,-0.74248
18.38,-0.74248
18.39,-0.74248
1.84,-0.74248
18.4,-0.74248
18.41,-0.74248
18.42,-0.74248
18.43,-0.74248
18.44,-0.74248
18.45,-0.74248
18.46,-0.74248
18.47,-0.74248
18.48,-0.74248
18.49,-0.74248
1.85,-0.74248
18.5,-0.74248
18.51,-0.74248
18.52,-0.74248
18.53,-0.74248
18.54,-0.74248
18.55,-0.74248
18.56,-0.74248
18.57,-0.74248
18.58,-0.74248
18.59,-0.74248
1.86,-0.74248
18.6,-0.74248
18.61,-0.74248
18.62,-0.74248
18.63,-0.74248
18.64,-0.74248
18.65,-0.74248
18.66,-0.74248
18.67,-0.74248
18.68,-0.74248
18.69,-0.74248
1.87,-0.74248
18.7,-0.74248
18.71,-0.74248
18.72,-0.74248
18.73,-0.74248
18.74,-0.74248
18.75,-0.74248
18.76,-0.74248
18.77,-0.74248
18.78,-0.74248
18.79,-0.74248
1.88,-0.74248
18.8,-0.74248
18.81,-0.74248
18.82,-0.74248
18.83,-0.74248
18.84,-0.74248
18.85,-0.74248
18.86,-0.74248
18.87,-0.74248
18.88,-0.74248
18.89,-0.74248
1.89,-0.74248
18.9,-0.74248
18.91,-0.74248
18.92,-0.74248
18.93,-0.74248
18.94,-0.74248
18.95,-0.74248
18.96,-0.74248
18.97,-0.74248
18.98,-0.74248
18.99,-0.74248
19,-0.74248
1.9,-0.74248
19.01,-0.74248
19.02,-0.74248
19.03,-0.74248
19.04,-0.74248
19.05,-0.74248
19.06,-0.74248
19.07,-0.74248
19.08,-0.74248
19.09,-0.74248
1.91,-0.74248
19.1,-0.74248
19.11,-0.74248
19.12,-0.74248
19.13,-0.74248
19.14,-0.74248
19.15,-0.74248
19.16,-0.74248
19.17,-0.74248
19.18,-0.74248
19.19,-0.74248
1.92,-0.74248
19.2,-0.74248
19.21,-0.74248
19.22,-0.74248
19.23,-0.74248
19.24,-0.74248
19.25,-0.74248
19.26,-0.74248
19.27,-0.74248
19.28,-0.74248
19.29,-0.74248
1.93,-0.74248
19.3,-0.74248
19.31,-0.74248
19.32,-0.74248
19.33,-0.74248
19.34,-0.74248
19.35,-0.74248
19.36,-0.74248
19.37,-0.74248
19.38,-0.74248
19.39,-0.74248
1.94,-0.74248
19.4,-0.74248
19.41,-0.74248
19.42,-0.74248
19.43,-0.74248
19.44,-0.74248
19.45,-0.74248
19.46,-0.74248
19.47,-0.74248
19.48,-0.74248
19.49,-0.74248
1.95,-0.74248
19.5,-0.74248
19.51,-0.74248
19.52,-0.74248
19.53,-0.74248
19.54,-0.74248
19.55,-0.74248
19.56,-0.74248
19.57,-0.74248
19.58,-0.74248
19.59,-0.74248
1.96,-0.74248
19.6,-0.74248
19.61,-0.74248
19.62,-0.74248
19.63,-0.74248
19.64,-0.74248
19.65,-0.74248
19.66,-0.74248
19.67,-0.74248
19.68,-0.74248
19.69,-0.74248
1.97,-0.74248
19.7,-0.74248
19.71,-0.74248
19.72,-0.74248
19.73,-0.74248
19.74,-0.74248
19.75,-0.74248
19.76,-0.74248
19.77,-0.74248
19.78,-0.74248
19.79,-0.74248
1.98,-0.74248
19.8,-0.74248
19.81,-0.74248
19.82,-0.74248
19.83,-0.74248
19.84,-0.74248
19.85,-0.74248
19.86,-0.74248
19.87,-0.74248
19.88,-0.74248
19.89,-0.74248
1.99,-0.74248
19.9,-0.74248
19.91,-0.74248
19.92,-0.74248
19.93,-0.74248
19.94,-0.74248
19.95,-0.74248
19.96,-0.74248
19.97,-0.74248
19.98,-0.74248
19.99,-0.74248
2,-0.74248
20,-0.74248
20.01,-0.74248
20.02,-0.74248
20.03,-0.74248
20.04,-0.74248
20.05,-0.74248
20.06,-0.74248
20.07,-0.74248
20.08,-0.74248
20.09,-0.74248
2.01,-0.74248
20.1,-0.74248
20.11,-0.74248
20.12,-0.74248
20.13,-0.74248
20.14,-0.74248
20.15,-0.74248
20.16,-0.74248
20.17,-0.74248
20.18,-0.74248
20.19,-0.74248
2.02,-0.74248
20.2,-0.74248
20.21,-0.74248
20.22,-0.74248
20.23,-0.74248
20.24,-0.74248
20.25,-0.74248
20.26,-0.74248
20.27,-0.74248
20.28,-0.74248
20.29,-0.74248
2.03,-0.74248
20.3,-0.74248
20.31,-0.74248
20.32,-0.74248
20.33,-0.74248
20.34,-0.74248
20.35,-0.74248
20.36,-0.74248
20.37,-0.74248
20.38,-0.74248
20.39,-0.74248
2.04,-0.74248
20.4,-0.74248
20.41,-0.74248
20.42,-0.74248
20.43,-0.74248
20.44,-0.74248
20.45,-0.74248
20.46,-0.74248
20.47,-0.74248
20.48,-0.74248
20.49,-0.74248
2.05,-0.74248
20.5,-0.74248
20.51,-0.74248
20.52,-0.74248
20.53,-0.74248
20.54,-0.74248
20.55,-0.74248
20.56,-0.74248
20.57,-0.74248
20.58,-0.74248
20.59,-0.74248
2.06,-0.74248
20.6,-0.74248
20.61,-0.74248
20.62,-0.74248
20.63,-0.74248
20.64,-0.74248
20.65,-0.74248
20.66,-0.74248
20.67,-0.74248
20.68,-0.74248
20.69,-0.74248
2.07,-0.74248
20.7,-0.74248
20.71,-0.74248
20.72,-0.74248
20.73,-0.74248
20.74,-0.74248
20.75,-0.74248
20.76,-0.74248
20.77,-0.74248
20.78,-0.74248
20.79,-0.74248
2.08,-0.74248
20.8,-0.74248
20.81,-0.74248
20.82,-0.74248
20.83,-0.74248
20.84,-0.74248
20.85,-0.74248
20.86,-0.74248
20.87,-0.74248
20.88,-0.74248
20.89,-0.74248
2.09,-0.74248
20.9,-0.74248
20.91,-0.74248
20.92,-0.74248
20.93,-0.74248
20.94,-0.74248
20.95,-0.74248
20.96,-0.74248
20.97,-0.74248
20.98,-0.74248
20.99,-0.74248
21,-0.74248
2.1,-0.74248
21.01,-0.74248
21.02,-0.74248
21.03,-0.74248
21.04,-0.74248
21.05,-0.74248
21.06,-0.74248
21.07,-0.74248
21.08,-0.74248
21.09,-0.74248
2.11,-0.74248
21.1,-0.74248
21.11,-0.74248
21.12,-0.74248
21.13,-0.74248
21.14,-0.74248
21.15,-0.74248
21.16,-0.74248
21.17,-0.74248
21.18,-0.74248
21.19,-0.74248
2.12,-0.74248
21.2,-0.74248
21.21,-0.74248
21.22,-0.74248
21.23,-0.74248
21.24,-0.74248
21.25,-0.74248
21.26,-0.74248
21.27,-0.74248
21.28,-0.74248
21.29,-0.74248
2.13,-0.74248
21.3,-0.74248
21.31,-0.74248
21.32,-0.74248
21.33,-0.74248
21.34,-0.74248
21.35,-0.74248
21.36,-0.74248
21.37,-0.74248
21.38,-0.74248
21.39,-0.74248
2.14,-0.74248
21.4,-0.74248
21.41,-0.74248
21.42,-0.74248
21.43,-0.74248
21.44,-0.74248
21.45,-0.74248
21.46,-0.74248
21.47,-0.74248
21.48,-0.74248
21.49,-0.74248
2.15,-0.74248
21.5,-0.74248
21.51,-0.74248
21.52,-0.74248
21.53,-0.74248
21.54,-0.74248
21.55,-0.74248
21.56,-0.74248
21.57,-0.74248
21.58,-0.74248
21.59,-0.74248
2.16,-0.74248
21.6,-0.74248
21.61,-0.74248
21.62,-0.74248
21.63,-0.74248
21.64,-0.74248
21.65,-0.74248
21.66,-0.74248
21.67,-0.74248
21.68,-0.74248
21.69,-0.74248
2.17,-0.74248
21.7,-0.74248
21.71,-0.74248
21.72,-0.74248
21.73,-0.74248
21.74,-0.74248
21.75,-0.74248
21.76,-0.74248
21.77,-0.74248
21.78,-0.74248
21.79,-0.74248
2.18,-0.74248
21.8,-0.74248
21.81,-0.74248
21.82,-0.74248
21.83,-0.74248
21.84,-0.74248
21.85,-0.74248
21.86,-0.74248
21.87,-0.74248
21.88,-0.74248
21.89,-0.74248
2.19,-0.74248
21.9,-0.74248
21.91,-0.74248
21.92,-0.74248
21.93,-0.74248
21.94,-0.74248
21.95,-0.74248
21.96,-0.74248
21.97,-0.74248
21.98,-0.74248
21.99,-0.74248
22,-0.74248
2.2,-0.74248
22.01,-0.74248
22.02,-0.74248
22.03,-0.74248
22.04,-0.74248
22.05,-0.74248
22.06,-0.74248
22.07,-0.74248
22.08,-0.74248
22.09,-0.74248
2.21,-0.74248
22.1,-0.74248
22.11,-0.74248
22.12,-0.74248
22.13,-0.74248
22.14,-0.74248
22.15,-0.74248
22.16,-0.74248
22.17,-0.74248
22.18,-0.74248
22.19,-0.74248
2.22,-0.74248
22.2,-0.74248
22.21,-0.74248
22.22,-0.74248
22.23,-0.74248
22.24,-0.74248
22.25,-0.74248
22.26,-0.74248
22.27,-0.74248
22.28,-0.74248
22.29,-0.74248
2.23,-0.74248
22.3,-0.74248
22.31,-0.74248
22.32,-0.74248
22.33,-0.74248
22.34,-0.74248
22.35,-0.74248
22.36,-0.74248
22.37,-0.74248
22.38,-0.74248
22.39,-0.74248
2.24,-0.74248
22.4,-0.74248
22.41,-0.74248
22.42,-0.74248
22.43,-0.74248
22.44,-0.74248
22.45,-0.74248
22.46,-0.74248
22.47,-0.74248
22.48,-0.74248
22.49,-0.74248
2.25,-0.74248
22.5,-0.74248
22.51,-0.74248
22.52,-0.74248
22.53,-0.74248
22.54,-0.74248
22.55,-0.74248
22.56,-0.74248
22.57,-0.74248
22.58,-0.74248
22.59,-0.74248
2.26,-0.74248
22.6,-0.74248
22.61,-0.74248
22.62,-0.74248
22.63,-0.74248
22.64,-0.74248
22.65,-0.74248
22.66,-0.74248
22.67,-0.74248
22.68,-0.74248
22.69,-0.74248
2.27,-0.74248
22.7,-0.74248
22.71,-0.74248
22.72,-0.74248
22.73,-0.74248
22.74,-0.74248
22.75,-0.74248
22.76,-0.74248
22.77,-0.74248
22.78,-0.74248
22.79,-0.74248
2.28,-0.74248
22.8,-0.74248
22.81,-0.74248
22.82,-0.74248
22.83,-0.74248
22.84,-0.74248
22.85,-0.74248
22.86,-0.74248
22.87,-0.74248
22.88,-0.74248
22.89,-0.74248
2.29,-0.74248
22.9,-0.74248
22.91,-0.74248
22.92,-0.74248
22.93,-0.74248
22.94,-0.74248
22.95,-0.74248
22.96,-0.74248
22.97,-0.74248
22.98,-0.74248
22.99,-0.74248
23,-0.74248
2.3,-0.74248
23.01,-0.74248
23.02,-0.74248
23.03,-0.74248
23.04,-0.74248
23.05,-0.74248
23.06,-0.74248
23.07,-0.74248
23.08,-0.74248
23.09,-0.74248
2.31,-0.74248
23.1,-0.74248
23.11,-0.74248
23.12,-0.74248
23.13,-0.74248
23.14,-0.74248
23.15,-0.74248
23.16,-0.74248
23.17,-0.74248
23.18,-0.74248
23.19,-0.74248
2.32,-0.74248
23.2,-0.74248
23.21,-0.74248
23.22,-0.74248
23.23,-0.74248
23.24,-0.74248
23.25,-0.74248
23.26,-0.74248
23.27,-0.74248
23.28,-0.74248
23.29,-0.74248
2.33,-0.74248
23.3,-0.74248
23.31,-0.74248
23.32,-0.74248
23.33,-0.74248
23.34,-0.74248
23.35,-0.74248
23.36,-0.74248
23.37,-0.74248
23.38,-0.74248
23.39,-0.74248
2.34,-0.74248
23.4,-0.74248
23.41,-0.74248
23.42,-0.74248
23.43,-0.74248
23.44,-0.74248
23.45,-0.74248
23.46,-0.74248
23.47,-0.74248
23.48,-0.74248
23.49,-0.74248
2.35,-0.74248
23.5,-0.74248
23.51,-0.74248
23.52,-0.74248
23.53,-0.74248
23.54,-0.74248
23.55,-0.74248
23.56,-0.74248
23.57,-0.74248
23.58,-0.74248
23.59,-0.74248
2.36,-0.74248
23.6,-0.74248
23.61,-0.74248
23.62,-0.74248
23.63,-0.74248
23.64,-0.74248
23.65,-0.74248
23.66,-0.74248
23.67,-0.74248
23.68,-0.74248
23.69,-0.74248
2.37,-0.74248
23.7,-0.74248
23.71,-0.74248
23.72,-0.74248
23.73,-0.74248
23.74,-0.74248
23.75,-0.74248
23.76,-0.74248
23.77,-0.74248
23.78,-0.74248
23.79,-0.74248
2.38,-0.74248
23.8,-0.74248
23.81,-0.74248
23.82,-0.74248
23.83,-0.74248
23.84,-0.74248
23.85,-0.74248
23.86,-0.74248
23.87,-0.74248
23.88,-0.74248
23.89,-0.74248
2.39,-0.74248
23.9,-0.74248
23.91,-0.74248
23.92,-0.74248
23.93,-0.74248
23.94,-0.74248
23.95,-0.74248
23.96,-0.74248
23.97,-0.74248
23.98,-0.74248
23.99,-0.74248
24,-0.74248
2.4,-0.74248
24.01,-0.74248
24.02,-0.74248
24.03,-0.74248
24.04,-0.74248
24.05,-0.74248
24.06,-0.74248
24.07,-0.74248
24.08,-0.74248
24.09,-0.74248
2.41,-0.74248
24.1,-0.74248
24.11,-0.74248
24.12,-0.74248
24.13,-0.74248
24.14,-0.74248
24.15,-0.74248
24.16,-0.74248
24.17,-0.74248
24.18,-0.74248
24.19,-0.74248
2.42,-0.74248
24.2,-0.74248
24.21,-0.74248
24.22,-0.74248
24.23,-0.74248
24.24,-0.74248
24.25,-0.74248
24.26,-0.74248
24.27,-0.74248
24.28,-0.74248
24.29,-0.74248
2.43,-0.74248
24.3,-0.74248
24.31,-0.74248
24.32,-0.74248
24.33,-0.74248
24.34,-0.74248
24.35,-0.74248
24.36,-0.74248
24.37,-0.74248
24.38,-0.74248
24.39,-0.74248
2.44,-0.74248
24.4,-0.74248
24.41,-0.74248
24.42,-0.74248
24.43,-0.74248
24.44,-0.74248
24.45,-0.74248
24.46,-0.74248
24.47,-0.74248
24.48,-0.74248
24.49,-0.74248
2.45,-0.74248
24.5,-0.74248
24.51,-0.74248
24.52,-0.74248
24.53,-0.74248
24.54,-0.74248
24.55,-0.74248
24.56,-0.74248
24.57,-0.74248
24.58,-0.74248
24.59,-0.74248
2.46,-0.74248
24.6,-0.74248
24.61,-0.74248
24.62,-0.74248
24.63,-0.74248
24.64,-0.74248
24.65,-0.74248
24.66,-0.74248
24.67,-0.74248
24.68,-0.74248
24.69,-0.74248
2.47,-0.74248
24.7,-0.74248
24.71,-0.74248
24.72,-0.74248
24.73,-0.74248
24.74,-0.74248
24.75,-0.74248
24.76,-0.74248
24.77,-0.74248
24.78,-0.74248
24.79,-0.74248
2.48,-0.74248
24.8,-0.74248
24.81,-0.74248
24.82,-0.74248
24.83,-0.74248
24.84,-0.74248
24.85,-0.74248
24.86,-0.74248
24.87,-0.74248
24.88,-0.74248
24.89,-0.74248
2.49,-0.74248
24.9,-0.74248
24.91,-0.74248
24.92,-0.74248
24.93,-0.74248
24.94,-0.74248
24.95,-0.74248
24.96,-0.74248
24.97,-0.74248
24.98,-0.74248
24.99,-0.74248
25,-0.74248
2.5,-0.74248
25.01,-0.74248
25.02,-0.74248
25.03,-0.74248
25.04,-0.74248
25.05,-0.74248
25.06,-0.74248
25.07,-0.74248
25.08,-0.74248
25.09,-0.74248
2.51,-0.74248
25.1,-0.74248
25.11,-0.74248
25.12,-0.74248
25.13,-0.74248
25.14,-0.74248
25.15,-0.74248
25.16,-0.74248
25.17,-0.74248
25.18,-0.74248
25.19,-0.74248
2.52,-0.74248
25.2,-0.74248
25.21,-0.74248
25.22,-0.74248
25.23,-0.74248
25.24,-0.74248
25.25,-0.74248
25.26,-0.74248
25.27,-0.74248
25.28,-0.74248
25.29,-0.74248
2.53,-0.74248
25.3,-0.74248
25.31,-0.74248
25.32,-0.74248
25.33,-0.74248
25.34,-0.74248
25.35,-0.74248
25.36,-0.74248
25.37,-0.74248
25.38,-0.74248
25.39,-0.74248
2.54,-0.74248
25.4,-0.74248
25.41,-0.74248
25.42,-0.74248
25.43,-0.74248
25.44,-0.74248
25.45,-0.74248
25.46,-0.74248
25.47,-0.74248
25.48,-0.74248
25.49,-0.74248
2.55,-0.74248
25.5,-0.74248
25.51,-0.74248
25.52,-0.74248
25.53,-0.74248
25.54,-0.74248
25.55,-0.74248
25.56,-0.74248
25.57,-0.74248
25.58,-0.74248
25.59,-0.74248
2.56,-0.74248
25.6,-0.74248
25.61,-0.74248
25.62,-0.74248
25.63,-0.74248
25.64,-0.74248
25.65,-0.74248
25.66,-0.74248
25.67,-0.74248
25.68,-0.74248
25.69,-0.74248
2.57,-0.74248
25.7,-0.74248
25.71,-0.74248
25.72,-0.74248
25.73,-0.74248
25.74,-0.74248
25.75,-0.74248
25.76,-0.74248
25.77,-0.74248
25.78,-0.74248
25.79,-0.74248
2.58,-0.74248
25.8,-0.74248
25.81,-0.74248
25.82,-0.74248
25.83,-0.74248
25.84,-0.74248
25.85,-0.74248
25.86,-0.74248
25.87,-0.74248
25.88,-0.74248
25.89,-0.74248
2.59,-0.74248
25.9,-0.74248
25.91,-0.74248
25.92,-0.74248
25.93,-0.74248
25.94,-0.74248
25.95,-0.74248
25.96,-0.74248
25.97,-0.74248
25.98,-0.74248
25.99,-0.74248
26,-0.74248
2.6,-0.74248
26.01,-0.74248
26.02,-0.74248
26.03,-0.74248
26.04,-0.74248
26.05,-0.74248
26.06,-0.74248
26.07,-0.74248
26.08,-0.74248
26.09,-0.74248
2.61,-0.74248
26.1,-0.74248
26.11,-0.74248
26.12,-0.74248
26.13,-0.74248
26.14,-0.74248
26.15,-0.74248
26.16,-0.74248
26.17,-0.74248
26.18,-0.74248
26.19,-0.74248
2.62,-0.74248
26.2,-0.74248
26.21,-0.74248
26.22,-0.74248
26.23,-0.74248
26.24,-0.74248
26.25,-0.74248
26.26,-0.74248
26.27,-0.74248
26.28,-0.74248
26.29,-0.74248
2.63,-0.74248
26.3,-0.74248
26.31,-0.74248
26.32,-0.74248
26.33,-0.74248
26.34,-0.74248
26.35,-0.74248
26.36,-0.74248
26.37,-0.74248
26.38,-0.74248
26.39,-0.74248
2.64,-0.74248
26.4,-0.74248
26.41,-0.74248
26.42,-0.74248
26.43,-0.74248
26.44,-0.74248
26.45,-0.74248
26.46,-0.74248
26.47,-0.74248
26.48,-0.74248
26.49,-0.74248
2.65,-0.74248
26.5,-0.74248
26.51,-0.74248
26.52,-0.74248
26.53,-0.74248
26.54,-0.74248
26.55,-0.74248
26.56,-0.74248
26.57,-0.74248
26.58,-0.74248
26.59,-0.74248
2.66,-0.74248
26.6,-0.74248
26.61,-0.74248
26.62,-0.74248
26.63,-0.74248
26.64,-0.74248
26.65,-0.74248
26.66,-0.74248
26.67,-0.74248
26.68,-0.74248
26.69,-0.74248
2.67,-0.74248
26.7,-0.74248
26.71,-0.74248
26.72,-0.74248
26.73,-0.74248
26.74,-0.74248
26.75,-0.74248
26.76,-0.74248
26.77,-0.74248
26.78,-0.74248
26.79,-0.74248
2.68,-0.74248
26.8,-0.74248
26.81,-0.74248
26.82,-0.74248
26.83,-0.74248
26.84,-0.74248
26.85,-0.74248
26.86,-0.74248
26.87,-0.74248
26.88,-0.74248
26.89,-0.74248
2.69,-0.74248
26.9,-0.74248
26.91,-0.74248
26.92,-0.74248
26.93,-0.74248
26.94,-0.74248
26.95,-0.74248
26.96,-0.74248
26.97,-0.74248
26.98,-0.74248
26.99,-0.74248
27,-0.74248
2.7,-0.74248
27.01,-0.74248
27.02,-0.74248
27.03,-0.74248
27.04,-0.74248
27.05,-0.74248
27.06,-0.74248
27.07,-0.74248
27.08,-0.74248
27.09,-0.74248
2.71,-0.74248
27.1,-0.74248
27.11,-0.74248
27.12,-0.74248
27.13,-0.74248
27.14,-0.74248
27.15,-0.74248
27.16,-0.74248
27.17,-0.74248
27.18,-0.74248
27.19,-0.74248
2.72,-0.74248
27.2,-0.74248
27.21,-0.74248
27.22,-0.74248
27.23,-0.74248
27.24,-0.74248
27.25,-0.74248
27.26,-0.74248
27.27,-0.74248
27.28,-0.74248
27.29,-0.74248
2.73,-0.74248
27.3,-0.74248
27.31,-0.74248
27.32,-0.74248
27.33,-0.74248
27.34,-0.74248
27.35,-0.74248
27.36,-0.74248
27.37,-0.74248
27.38,-0.74248
27.39,-0.74248
2.74,-0.74248
27.4,-0.74248
27.41,-0.74248
27.42,-0.74248
27.43,-0.74248
27.44,-0.74248
27.45,-0.74248
27.46,-0.74248
27.47,-0.74248
27.48,-0.74248
27.49,-0.74248
2.75,-0.74248
27.5,-0.74248
27.51,-0.74248
27.52,-0.74248
27.53,-0.74248
27.54,-0.74248
27.55,-0.74248
27.56,-0.74248
27.57,-0.74248
27.58,-0.74248
27.59,-0.74248
2.76,-0.74248
27.6,-0.74248
27.61,-0.74248
27.62,-0.74248
27.63,-0.74248
27.64,-0.74248
27.65,-0.74248
27.66,-0.74248
27.67,-0.74248
27.68,-0.74248
27.69,-0.74248
2.77,-0.74248
27.7,-0.74248
27.71,-0.74248
27.72,-0.74248
27.73,-0.74248
27.74,-0.74248
27.75,-0.74248
27.76,-0.74248
27.77,-0.74248
27.78,-0.74248
27.79,-0.74248
2.78,-0.74248
27.8,-0.74248
27.81,-0.74248
27.82,-0.74248
27.83,-0.74248
27.84,-0.74248
27.85,-0.74248
27.86,-0.74248
27.87,-0.74248
27.88,-0.74248
27.89,-0.74248
2.79,-0.74248
27.9,-0.74248
27.91,-0.74248
27.92,-0.74248
27.93,-0.74248
27.94,-0.74248
27.95,-0.74248
27.96,-0.74248
27.97,-0.74248
27.98,-0.74248
27.99,-0.74248
28,-0.74248
2.8,-0.74248
28.01,-0.74248
28.02,-0.74248
28.03,-0.74248
28.04,-0.74248
28.05,-0.74248
28.06,-0.74248
28.07,-0.74248
28.08,-0.74248
28.09,-0.74248
2.81,-0.74248
28.1,-0.74248
28.11,-0.74248
28.12,-0.74248
28.13,-0.74248
28.14,-0.74248
28.15,-0.74248
28.16,-0.74248
28.17,-0.74248
28.18,-0.74248
28.19,-0.74248
2.82,-0.74248
28.2,-0.74248
28.21,-0.74248
28.22,-0.74248
28.23,-0.74248
28.24,-0.74248
28.25,-0.74248
28.26,-0.74248
28.27,-0.74248
28.28,-0.74248
28.29,-0.74248
2.83,-0.74248
28.3,-0.74248
28.31,-0.74248
28.32,-0.74248
28.33,-0.74248
28.34,-0.74248
28.35,-0.74248
28.36,-0.74248
28.37,-0.74248
28.38,-0.74248
28.39,-0.74248
2.84,-0.74248
28.4,-0.74248
28.41,-0.74248
28.42,-0.74248
28.43,-0.74248
28.44,-0.74248
28.45,-0.74248
28.46,-0.74248
28.47,-0.74248
28.48,-0.74248
28.49,-0.74248
2.85,-0.74248
28.5,-0.74248
28.51,-0.74248
28.52,-0.74248
28.53,-0.74248
28.54,-0.74248
28.55,-0.74248
28.56,-0.74248
28.57,-0.74248
28.58,-0.74248
28.59,-0.74248
2.86,-0.74248
28.6,-0.74248
28.61,-0.74248
28.62,-0.74248
28.63,-0.74248
28.64,-0.74248
28.65,-0.74248
28.66,-0.74248
28.67,-0.74248
28.68,-0.74248
28.69,-0.74248
2.87,-0.74248
28.7,-0.74248
28.71,-0.74248
28.72,-0.74248
28.73,-0.74248
28.74,-0.74248
28.75,-0.74248
28.76,-0.74248
28.77,-0.74248
28.78,-0.74248
28.79,-0.74248
2.88,-0.74248
28.8,-0.74248
28.81,-0.74248
28.82,-0.74248
28.83,-0.74248
28.84,-0.74248
28.85,-0.74248
28.86,-0.74248
28.87,-0.74248
28.88,-0.74248
28.89,-0.74248
2.89,-0.74248
28.9,-0.74248
28.91,-0.74248
28.92,-0.74248
28.93,-0.74248
28.94,-0.74248
28.95,-0.74248
28.96,-0.74248
28.97,-0.74248
28.98,-0.74248
28.99,-0.74248
29,-0.74248
2.9,-0.74248
29.01,-0.74248
29.02,-0.74248
29.03,-0.74248
29.04,-0.74248
29.05,-0.74248
29.06,-0.74248
29.07,-0.74248
29.08,-0.74248
29.09,-0.74248
2.91,-0.74248
29.1,-0.74248
29.11,-0.74248
29.12,-0.74248
29.13,-0.74248
29.14,-0.74248
29.15,-0.74248
29.16,-0.74248
29.17,-0.74248
29.18,-0.74248
29.19,-0.74248
2.92,-0.74248
29.2,-0.74248
29.21,-0.74248
29.22,-0.74248
29.23,-0.74248
29.24,-0.74248
29.25,-0.74248
29.26,-0.74248
29.27,-0.74248
29.28,-0.74248
29.29,-0.74248
2.93,-0.74248
29.3,-0.74248
29.31,-0.74248
29.32,-0.74248
29.33,-0.74248
29.34,-0.74248
29.35,-0.74248
29.36,-0.74248
29.37,-0.74248
29.38,-0.74248
29.39,-0.74248
2.94,-0.74248
29.4,-0.74248
29.41,-0.74248
29.42,-0.74248
29.43,-0.74248
29.44,-0.74248
29.45,-0.74248
29.46,-0.74248
29.47,-0.74248
29.48,-0.74248
29.49,-0.74248
2.95,-0.74248
29.5,-0.74248
29.51,-0.74248
29.52,-0.74248
29.53,-0.74248
29.54,-0.74248
29.55,-0.74248
29.56,-0.74248
29.57,-0.74248
29.58,-0.74248
29.59,-0.74248
2.96,-0.74248
29.6,-0.74248
29.61,-0.74248
29.62,-0.74248
29.63,-0.74248
29.64,-0.74248
29.65,-0.74248
29.66,-0.74248
29.67,-0.74248
29.68,-0.74248
29.69,-0.74248
2.97,-0.74248
29.7,-0.74248
29.71,-0.74248
29.72,-0.74248
29.73,-0.74248
29.74,-0.74248
29.75,-0.74248
29.76,-0.74248
29.77,-0.74248
29.78,-0.74248
29.79,-0.74248
2.98,-0.74248
29.8,-0.74248
29.81,-0.74248
29.82,-0.74248
29.83,-0.74248
29.84,-0.74248
29.85,-0.74248
29.86,-0.74248
29.87,-0.74248
29.88,-0.74248
29.89,-0.74248
2.99,-0.74248
29.9,-0.74248
29.91,-0.74248
29.92,-0.74248
29.93,-0.74248
29.94,-0.74248
29.95,-0.74248
29.96,-0.74248
29.97,-0.74248
29.98,-0.74248
29.99,-0.74248
3,-0.74248
30,-0.74248
30.01,-0.74248
30.02,-0.74248
30.03,-0.74248
30.04,-0.74248
30.05,-0.74248
30.06,-0.74248
30.07,-0.74248
30.08,-0.74248
30.09,-0.74248
3.01,-0.74248
30.1,-0.74248
30.11,-0.74248
30.12,-0.74248
30.13,-0.74248
30.14,-0.74248
30.15,-0.74248
30.16,-0.74248
30.17,-0.74248
30.18,-0.74248
30.19,-0.74248
3.02,-0.74248
30.2,-0.74248
30.21,-0.74248
30.22,-0.74248
30.23,-0.74248
30.24,-0.74248
30.25,-0.74248
30.26,-0.74248
30.27,-0.74248
30.28,-0.74248
30.29,-0.74248
3.03,-0.74248
30.3,-0.74248
30.31,-0.74248
30.32,-0.74248
30.33,-0.74248
30.34,-0.74248
30.35,-0.74248
30.36,-0.74248
30.37,-0.74248
30.38,-0.74248
30.39,-0.74248
3.04,-0.74248
30.4,-0.74248
30.41,-0.74248
30.42,-0.74248
30.43,-0.74248
30.44,-0.74248
30.45,-0.74248
30.46,-0.74248
30.47,-0.74248
30.48,-0.74248
30.49,-0.74248
3.05,-0.74248
30.5,-0.74248
30.51,-0.74248
30.52,-0.74248
30.53,-0.74248
30.54,-0.74248
30.55,-0.74248
30.56,-0.74248
30.57,-0.74248
30.58,-0.74248
30.59,-0.74248
3.06,-0.74248
30.6,-0.74248
30.61,-0.74248
30.62,-0.74248
30.63,-0.74248
30.64,-0.74248
30.65,-0.74248
30.66,-0.74248
30.67,-0.74248
30.68,-0.74248
30.69,-0.74248
3.07,-0.74248
30.7,-0.74248
30.71,-0.74248
30.72,-0.74248
30.73,-0.74248
30.74,-0.74248
30.75,-0.74248
30.76,-0.74248
30.77,-0.74248
30.78,-0.74248
30.79,-0.74248
3.08,-0.74248
30.8,-0.74248
30.81,-0.74248
30.82,-0.74248
30.83,-0.74248
30.84,-0.74248
30.85,-0.74248
30.86,-0.74248
30.87,-0.74248
30.88,-0.74248
30.89,-0.74248
3.09,-0.74248
30.9,-0.74248
30.91,-0.74248
30.92,-0.74248
30.93,-0.74248
30.94,-0.74248
30.95,-0.74248
30.96,-0.74248
30.97,-0.74248
30.98,-0.74248
30.99,-0.74248
31,-0.74248
3.1,-0.74248
31.01,-0.74248
31.02,-0.74248
31.03,-0.74248
31.04,-0.74248
31.05,-0.74248
31.06,-0.74248
31.07,-0.74248
31.08,-0.74248
31.09,-0.74248
3.11,-0.74248
31.1,-0.74248
31.11,-0.74248
31.12,-0.74248
31.13,-0.74248
31.14,-0.74248
31.15,-0.74248
31.16,-0.74248
31.17,-0.74248
31.18,-0.74248
31.19,-0.74248
3.12,-0.74248
31.2,-0.74248
31.21,-0.74248
31.22,-0.74248
31.23,-0.74248
31.24,-0.74248
31.25,-0.74248
31.26,-0.74248
31.27,-0.74248
31.28,-0.74248
31.29,-0.74248
3.13,-0.74248
31.3,-0.74248
31.31,-0.74248
31.32,-0.74248
31.33,-0.74248
31.34,-0.74248
31.35,-0.74248
31.36,-0.74248
31.37,-0.74248
31.38,-0.74248
31.39,-0.74248
3.14,-0.74248
31.4,-0.74248
31.41,-0.74248
31.42,-0.74248
31.43,-0.74248
31.44,-0.74248
31.45,-0.74248
31.46,-0.74248
31.47,-0.74248
31.48,-0.74248
31.49,-0.74248
3.15,-0.74248
31.5,-0.74248
31.51,-0.74248
31.52,-0.74248
31.53,-0.74248
31.54,-0.74248
31.55,-0.74248
31.56,-0.74248
31.57,-0.74248
31.58,-0.74248
31.59,-0.74248
3.16,-0.74248
31.6,-0.74248
31.61,-0.74248
31.62,-0.74248
31.63,-0.74248
31.64,-0.74248
31.65,-0.74248
31.66,-0.74248
31.67,-0.74248
31.68,-0.74248
31.69,-0.74248
3.17,-0.74248
31.7,-0.74248
31.71,-0.74248
31.72,-0.74248
31.73,-0.74248
31.74,-0.74248
31.75,-0.74248
31.76,-0.74248
31.77,-0.74248
31.78,-0.74248
31.79,-0.74248
3.18,-0.74248
31.8,-0.74248
31.81,-0.74248
31.82,-0.74248
31.83,-0.74248
31.84,-0.74248
31.85,-0.74248
31.86,-0.74248
31.87,-0.74248
31.88,-0.74248
31.89,-0.74248
3.19,-0.74248
31.9,-0.74248
31.91,-0.74248
31.92,-0.74248
31.93,-0.74248
31.94,-0.74248
31.95,-0.74248
31.96,-0.74248
31.97,-0.74248
31.98,-0.74248
31.99,-0.74248
32,-0.74248
3.2,-0.74248
32.01,-0.74248
32.02,-0.74248
32.03,-0.74248
32.04,-0.74248
32.05,-0.74248
32.06,-0.74248
32.07,-0.74248
32.08,-0.74248
32.09,-0.74248
3.21,-0.74248
32.1,-0.74248
32.11,-0.74248
32.12,-0.74248
32.13,-0.74248
32.14,-0.74248
32.15,-0.74248
32.16,-0.74248
32.17,-0.74248
32.18,-0.74248
32.19,-0.74248
3.22,-0.74248
32.2,-0.74248
32.21,-0.74248
32.22,-0.74248
32.23,-0.74248
32.24,-0.74248
32.25,-0.74248
32.26,-0.74248
32.27,-0.74248
32.28,-0.74248
32.29,-0.74248
3.23,-0.74248
32.3,-0.74248
32.31,-0.74248
32.32,-0.74248
32.33,-0.74248
32.34,-0.74248
32.35,-0.74248
32.36,-0.74248
32.37,-0.74248
32.38,-0.74248
32.39,-0.74248
3.24,-0.74248
32.4,-0.74248
32.41,-0.74248
32.42,-0.74248
32.43,-0.74248
32.44,-0.74248
32.45,-0.74248
32.46,-0.74248
32.47,-0.74248
32.48,-0.74248
32.49,-0.74248
3.25,-0.74248
32.5,-0.74248
32.51,-0.74248
32.52,-0.74248
32.53,-0.74248
32.54,-0.74248
32.55,-0.74248
32.56,-0.74248
32.57,-0.74248
32.58,-0.74248
32.59,-0.74248
3.26,-0.74248
32.6,-0.74248
32.61,-0.74248
32.62,-0.74248
32.63,-0.74248
32.64,-0.74248
32.65,-0.74248
32.66,-0.74248
32.67,-0.74248
32.68,-0.74248
32.69,-0.74248
3.27,-0.74248
32.7,-0.74248
32.71,-0.74248
32.72,-0.74248
32.73,-0.74248
32.74,-0.74248
32.75,-0.74248
32.76,-0.74248
32.77,-0.74248
32.78,-0.74248
32.79,-0.74248
3.28,-0.74248
32.8,-0.74248
32.81,-0.74248
32.82,-0.74248
32.83,-0.74248
32.84,-0.74248
32.85,-0.74248
32.86,-0.74248
32.87,-0.74248
32.88,-0.74248
32.89,-0.74248
3.29,-0.74248
32.9,-0.74248
32.91,-0.74248
32.92,-0.74248
32.93,-0.74248
32.94,-0.74248
32.95,-0.74248
32.96,-0.74248
32.97,-0.74248
32.98,-0.74248
32.99,-0.74248
33,-0.74248
3.3,-0.74248
33.01,-0.74248
33.02,-0.74248
33.03,-0.74248
33.04,-0.74248
33.05,-0.74248
33.06,-0.74248
33.07,-0.74248
33.08,-0.74248
33.09,-0.74248
3.31,-0.74248
33.1,-0.74248
33.11,-0.74248
33.12,-0.74248
33.13,-0.74248
33.14,-0.74248
33.15,-0.74248
33.16,-0.74248
33.17,-0.74248
33.18,-0.74248
33.19,-0.74248
3.32,-0.74248
33.2,-0.74248
33.21,-0.74248
33.22,-0.74248
33.23,-0.74248
33.24,-0.74248
33.25,-0.74248
33.26,-0.74248
33.27,-0.74248
33.28,-0.74248
33.29,-0.74248
3.33,-0.74248
33.3,-0.74248
33.31,-0.74248
33.32,-0.74248
33.33,-0.74248
33.34,-0.74248
33.35,-0.74248
33.36,-0.74248
33.37,-0.74248
33.38,-0.74248
33.39,-0.74248
3.34,-0.74248
33.4,-0.74248
33.41,-0.74248
33.42,-0.74248
33.43,-0.74248
33.44,-0.74248
33.45,-0.74248
33.46,-0.74248
33.47,-0.74248
33.48,-0.74248
33.49,-0.74248
3.35,-0.74248
33.5,-0.74248
33.51,-0.74248
33.52,-0.74248
33.53,-0.74248
33.54,-0.74248
33.55,-0.74248
33.56,-0.74248
33.57,-0.74248
33.58,-0.74248
33.59,-0.74248
3.36,-0.74248
33.6,-0.74248
33.61,-0.74248
33.62,-0.74248
33.63,-0.74248
33.64,-0.74248
33.65,-0.74248
33.66,-0.74248
33.67,-0.74248
33.68,-0.74248
33.69,-0.74248
3.37,-0.74248
33.7,-0.74248
33.71,-0.74248
33.72,-0.74248
33.73,-0.74248
33.74,-0.74248
33.75,-0.74248
33.76,-0.74248
33.77,-0.74248
33.78,-0.74248
33.79,-0.74248
3.38,-0.74248
33.8,-0.74248
33.81,-0.74248
33.82,-0.74248
33.83,-0.74248
33.84,-0.74248
33.85,-0.74248
33.86,-0.74248
33.87,-0.74248
33.88,-0.74248
33.89,-0.74248
3.39,-0.74248
33.9,-0.74248
33.91,-0.74248
33.92,-0.74248
33.93,-0.74248
33.94,-0.74248
33.95,-0.74248
33.96,-0.74248
33.97,-0.74248
33.98,-0.74248
33.99,-0.74248
34,-0.74248
3.4,-0.74248
34.01,-0.74248
34.02,-0.74248
34.03,-0.74248
34.04,-0.74248
34.05,-0.74248
34.06,-0.74248
34.07,-0.74248
34.08,-0.74248
34.09,-0.74248
3.41,-0.74248
34.1,-0.74248
34.11,-0.74248
34.12,-0.74248
34.13,-0.74248
34.14,-0.74248
34.15,-0.74248
34.16,-0.74248
34.17,-0.74248
34.18,-0.74248
34.19,-0.74248
3.42,-0.74248
34.2,-0.74248
34.21,-0.74248
34.22,-0.74248
34.23,-0.74248
34.24,-0.74248
34.25,-0.74248
34.26,-0.74248
34.27,-0.74248
34.28,-0.74248
34.29,-0.74248
3.43,-0.74248
34.3,-0.74248
34.31,-0.74248
34.32,-0.74248
34.33,-0.74248
34.34,-0.74248
34.35,-0.74248
34.36,-0.74248
34.37,-0.74248
34.38,-0.74248
34.39,-0.74248
3.44,-0.74248
34.4,-0.74248
34.41,-0.74248
34.42,-0.74248
34.43,-0.74248
34.44,-0.74248
34.45,-0.74248
34.46,-0.74248
34.47,-0.74248
34.48,-0.74248
34.49,-0.74248
3.45,-0.74248
34.5,-0.74248
34.51,-0.74248
34.52,-0.74248
34.53,-0.74248
34.54,-0.74248
34.55,-0.74248
34.56,-0.74248
34.57,-0.74248
34.58,-0.74248
34.59,-0.74248
3.46,-0.74248
34.6,-0.74248
34.61,-0.74248
34.62,-0.74248
34.63,-0.74248
34.64,-0.74248
34.65,-0.74248
34.66,-0.74248
34.67,-0.74248
34.68,-0.74248
34.69,-0.74248
3.47,-0.74248
34.7,-0.74248
34.71,-0.74248
34.72,-0.74248
34.73,-0.74248
34.74,-0.74248
34.75,-0.74248
34.76,-0.74248
34.77,-0.74248
34.78,-0.74248
34.79,-0.74248
3.48,-0.74248
34.8,-0.74248
34.81,-0.74248
34.82,-0.74248
34.83,-0.74248
34.84,-0.74248
34.85,-0.74248
34.86,-0.74248
34.87,-0.74248
34.88,-0.74248
34.89,-0.74248
3.49,-0.74248
34.9,-0.74248
34.91,-0.74248
34.92,-0.74248
34.93,-0.74248
34.94,-0.74248
34.95,-0.74248
34.96,-0.74248
34.97,-0.74248
34.98,-0.74248
34.99,-0.74248
35,-0.74248
3.5,-0.74248
35.01,-0.74248
35.02,-0.74248
35.03,-0.74248
35.04,-0.74248
35.05,-0.74248
35.06,-0.74248
35.07,-0.74248
35.08,-0.74248
35.09,-0.74248
3.51,-0.74248
35.1,-0.74248
35.11,-0.74248
35.12,-0.74248
35.13,-0.74248
35.14,-0.74248
35.15,-0.74248
35.16,-0.74248
35.17,-0.74248
35.18,-0.74248
35.19,-0.74248
3.52,-0.74248
35.2,-0.74248
35.21,-0.74248
35.22,-0.74248
35.23,-0.74248
35.24,-0.74248
35.25,-0.74248
35.26,-0.74248
35.27,-0.74248
35.28,-0.74248
35.29,-0.74248
3.53,-0.74248
35.3,-0.74248
35.31,-0.74248
35.32,-0.74248
35.33,-0.74248
35.34,-0.74248
35.35,-0.74248
35.36,-0.74248
35.37,-0.74248
35.38,-0.74248
35.39,-0.74248
3.54,-0.74248
35.4,-0.74248
35.41,-0.74248
35.42,-0.74248
35.43,-0.74248
35.44,-0.74248
35.45,-0.74248
35.46,-0.74248
35.47,-0.74248
35.48,-0.74248
35.49,-0.74248
3.55,-0.74248
35.5,-0.74248
35.51,-0.74248
35.52,-0.74248
35.53,-0.74248
35.54,-0.74248
35.55,-0.74248
35.56,-0.74248
35.57,-0.74248
35.58,-0.74248
35.59,-0.74248
3.56,-0.74248
35.6,-0.74248
35.61,-0.74248
35.62,-0.74248
35.63,-0.74248
35.64,-0.74248
35.65,-0.74248
35.66,-0.74248
35.67,-0.74248
35.68,-0.74248
35.69,-0.74248
3.57,-0.74248
35.7,-0.74248
35.71,-0.74248
35.72,-0.74248
35.73,-0.74248
35.74,-0.74248
35.75,-0.74248
35.76,-0.74248
35.77,-0.74248
35.78,-0.74248
35.79,-0.74248
3.58,-0.74248
35.8,-0.74248
35.81,-0.74248
35.82,-0.74248
35.83,-0.74248
35.84,-0.74248
35.85,-0.74248
35.86,-0.74248
35.87,-0.74248
35.88,-0.74248
35.89,-0.74248
3.59,-0.74248
35.9,-0.74248
35.91,-0.74248
35.92,-0.74248
35.93,-0.74248
35.94,-0.74248
35.95,-0.74248
35.96,-0.74248
35.97,-0.74248
35.98,-0.74248
35.99,-0.74248
36,-0.74248
3.6,-0.74248
36.01,-0.74248
36.02,-0.74248
36.03,-0.74248
36.04,-0.74248
36.05,-0.74248
36.06,-0.74248
36.07,-0.74248
36.08,-0.74248
36.09,-0.74248
3.61,-0.74248
36.1,-0.74248
36.11,-0.74248
36.12,-0.74248
36.13,-0.74248
36.14,-0.74248
36.15,-0.74248
36.16,-0.74248
36.17,-0.74248
36.18,-0.74248
36.19,-0.74248
3.62,-0.74248
36.2,-0.74248
36.21,-0.74248
36.22,-0.74248
36.23,-0.74248
36.24,-0.74248
36.25,-0.74248
36.26,-0.74248
36.27,-0.74248
36.28,-0.74248
36.29,-0.74248
3.63,-0.74248
36.3,-0.74248
36.31,-0.74248
36.32,-0.74248
36.33,-0.74248
36.34,-0.74248
36.35,-0.74248
36.36,-0.74248
36.37,-0.74248
36.38,-0.74248
36.39,-0.74248
3.64,-0.74248
36.4,-0.74248
36.41,-0.74248
36.42,-0.74248
36.43,-0.74248
36.44,-0.74248
36.45,-0.74248
36.46,-0.74248
36.47,-0.74248
36.48,-0.74248
36.49,-0.74248
3.65,-0.74248
36.5,-0.74248
36.51,-0.74248
36.52,-0.74248
36.53,-0.74248
36.54,-0.74248
36.55,-0.74248
36.56,-0.74248
36.57,-0.74248
36.58,-0.74248
36.59,-0.74248
3.66,-0.74248
36.6,-0.74248
36.61,-0.74248
36.62,-0.74248
36.63,-0.74248
36.64,-0.74248
36.65,-0.74248
36.66,-0.74248
36.67,-0.74248
36.68,-0.74248
36.69,-0.74248
3.67,-0.74248
36.7,-0.74248
36.71,-0.74248
36.72,-0.74248
36.73,-0.74248
36.74,-0.74248
36.75,-0.74248
36.76,-0.74248
36.77,-0.74248
36.78,-0.74248
36.79,-0.74248
3.68,-0.74248
36.8,-0.74248
36.81,-0.74248
36.82,-0.74248
36.83,-0.74248
36.84,-0.74248
36.85,-0.74248
36.86,-0.74248
36.87,-0.74248
36.88,-0.74248
36.89,-0.74248
3.69,-0.74248
36.9,-0.74248
36.91,-0.74248
36.92,-0.74248
36.93,-0.74248
36.94,-0.74248
36.95,-0.74248
36.96,-0.74248
36.97,-0.74248
36.98,-0.74248
36.99,-0.74248
37,-0.74248
3.7,-0.74248
37.01,-0.74248
37.02,-0.74248
37.03,-0.74248
37.04,-0.74248
37.05,-0.74248
37.06,-0.74248
37.07,-0.74248
37.08,-0.74248
37.09,-0.74248
3.71,-0.74248
37.1,-0.74248
37.11,-0.74248
37.12,-0.74248
37.13,-0.74248
37.14,-0.74248
37.15,-0.74248
37.16,-0.74248
37.17,-0.74248
37.18,-0.74248
37.19,-0.74248
3.72,-0.74248
37.2,-0.74248
37.21,-0.74248
37.22,-0.74248
37.23,-0.74248
37.24,-0.74248
37.25,-0.74248
37.26,-0.74248
37.27,-0.74248
37.28,-0.74248
37.29,-0.74248
3.73,-0.74248
37.3,-0.74248
37.31,-0.74248
37.32,-0.74248
37.33,-0.74248
37.34,-0.74248
37.35,-0.74248
37.36,-0.74248
37.37,-0.74248
37.38,-0.74248
37.39,-0.74248
3.74,-0.74248
37.4,-0.74248
37.41,-0.74248
37.42,-0.74248
37.43,-0.74248
37.44,-0.74248
37.45,-0.74248
37.46,-0.74248
37.47,-0.74248
37.48,-0.74248
37.49,-0.74248
3.75,-0.74248
37.5,-0.74248
37.51,-0.74248
37.52,-0.74248
37.53,-0.74248
37.54,-0.74248
37.55,-0.74248
37.56,-0.74248
37.57,-0.74248
37.58,-0.74248
37.59,-0.74248
3.76,-0.74248
37.6,-0.74248
37.61,-0.74248
37.62,-0.74248
37.63,-0.74248
37.64,-0.74248
37.65,-0.74248
37.66,-0.74248
37.67,-0.74248
37.68,-0.74248
37.69,-0.74248
3.77,-0.74248
37.7,-0.74248
37.71,-0.74248
37.72,-0.74248
37.73,-0.74248
37.74,-0.74248
37.75,-0.74248
37.76,-0.74248
37.77,-0.74248
37.78,-0.74248
37.79,-0.74248
3.78,-0.74248
37.8,-0.74248
37.81,-0.74248
37.82,-0.74248
37.83,-0.74248
37.84,-0.74248
37.85,-0.74248
37.86,-0.74248
37.87,-0.74248
37.88,-0.74248
37.89,-0.74248
3.79,-0.74248
37.9,-0.74248
37.91,-0.74248
37.92,-0.74248
37.93,-0.74248
37.94,-0.74248
37.95,-0.74248
37.96,-0.74248
37.97,-0.74248
37.98,-0.74248
37.99,-0.74248
38,-0.74248
3.8,-0.74248
38.01,-0.74248
38.02,-0.74248
38.03,-0.74248
38.04,-0.74248
38.05,-0.74248
38.06,-0.74248
38.07,-0.74248
38.08,-0.74248
38.09,-0.74248
3.81,-0.74248
38.1,-0.74248
38.11,-0.74248
38.12,-0.74248
38.13,-0.74248
38.14,-0.74248
38.15,-0.74248
38.16,-0.74248
38.17,-0.74248
38.18,-0.74248
38.19,-0.74248
3.82,-0.74248
38.2,-0.74248
38.21,-0.74248
38.22,-0.74248
38.23,-0.74248
38.24,-0.74248
38.25,-0.74248
38.26,-0.74248
38.27,-0.74248
38.28,-0.74248
38.29,-0.74248
3.83,-0.74248
38.3,-0.74248
38.31,-0.74248
38.32,-0.74248
38.33,-0.74248
38.34,-0.74248
38.35,-0.74248
38.36,-0.74248
38.37,-0.74248
38.38,-0.74248
38.39,-0.74248
3.84,-0.74248
38.4,-0.74248
38.41,-0.74248
38.42,-0.74248
38.43,-0.74248
38.44,-0.74248
38.45,-0.74248
38.46,-0.74248
38.47,-0.74248
38.48,-0.74248
38.49,-0.74248
3.85,-0.74248
38.5,-0.74248
38.51,-0.74248
38.52,-0.74248
38.53,-0.74248
38.54,-0.74248
38.55,-0.74248
38.56,-0.74248
38.57,-0.74248
38.58,-0.74248
38.59,-0.74248
3.86,-0.74248
38.6,-0.74248
38.61,-0.74248
38.62,-0.74248
38.63,-0.74248
38.64,-0.74248
38.65,-0.74248
38.66,-0.74248
38.67,-0.74248
38.68,-0.74248
38.69,-0.74248
3.87,-0.74248
38.7,-0.74248
38.71,-0.74248
38.72,-0.74248
38.73,-0.74248
38.74,-0.74248
38.75,-0.74248
38.76,-0.74248
38.77,-0.74248
38.78,-0.74248
38.79,-0.74248
3.88,-0.74248
38.8,-0.74248
38.81,-0.74248
38.82,-0.74248
38.83,-0.74248
38.84,-0.74248
38.85,-0.74248
38.86,-0.74248
38.87,-0.74248
38.88,-0.74248
38.89,-0.74248
3.89,-0.74248
38.9,-0.74248
38.91,-0.74248
38.92,-0.74248
38.93,-0.74248
38.94,-0.74248
38.95,-0.74248
38.96,-0.74248
38.97,-0.74248
38.98,-0.74248
38.99,-0.74248
39,-0.74248
3.9,-0.74248
39.01,-0.74248
39.02,-0.74248
39.03,-0.74248
39.04,-0.74248
39.05,-0.74248
39.06,-0.74248
39.07,-0.74248
39.08,-0.74248
39.09,-0.74248
3.91,-0.74248
39.1,-0.74248
39.11,-0.74248
39.12,-0.74248
39.13,-0.74248
39.14,-0.74248
39.15,-0.74248
39.16,-0.74248
39.17,-0.74248
39.18,-0.74248
39.19,-0.74248
3.92,-0.74248
39.2,-0.74248
39.21,-0.74248
39.22,-0.74248
39.23,-0.74248
39.24,-0.74248
39.25,-0.74248
39.26,-0.74248
39.27,-0.74248
39.28,-0.74248
39.29,-0.74248
3.93,-0.74248
39.3,-0.74248
39.31,-0.74248
39.32,-0.74248
39.33,-0.74248
39.34,-0.74248
39.35,-0.74248
39.36,-0.74248
39.37,-0.74248
39.38,-0.74248
39.39,-0.74248
3.94,-0.74248
39.4,-0.74248
39.41,-0.74248
39.42,-0.74248
39.43,-0.74248
39.44,-0.74248
39.45,-0.74248
39.46,-0.74248
39.47,-0.74248
39.48,-0.74248
39.49,-0.74248
3.95,-0.74248
39.5,-0.74248
39.51,-0.74248
39.52,-0.74248
39.53,-0.74248
39.54,-0.74248
39.55,-0.74248
39.56,-0.74248
39.57,-0.74248
39.58,-0.74248
39.59,-0.74248
3.96,-0.74248
39.6,-0.74248
39.61,-0.74248
39.62,-0.74248
39.63,-0.74248
39.64,-0.74248
39.65,-0.74248
39.66,-0.74248
39.67,-0.74248
39.68,-0.74248
39.69,-0.74248
3.97,-0.74248
39.7,-0.74248
39.71,-0.74248
39.72,-0.74248
39.73,-0.74248
39.74,-0.74248
39.75,-0.74248
39.76,-0.74248
39.77,-0.74248
39.78,-0.74248
39.79,-0.74248
3.98,-0.74248
39.8,-0.74248
39.81,-0.74248
39.82,-0.74248
39.83,-0.74248
39.84,-0.74248
39.85,-0.74248
39.86,-0.74248
39.87,-0.74248
39.88,-0.74248
39.89,-0.74248
3.99,-0.74248
39.9,-0.74248
39.91,-0.74248
39.92,-0.74248
39.93,-0.74248
39.94,-0.74248
39.95,-0.74248
39.96,-0.74248
39.97,-0.74248
39.98,-0.74248
39.99,-0.74248
4,-0.74248
40,-0.74248
4.01,-0.74248
4.02,-0.74248
4.03,-0.74248
4.04,-0.74248
4.05,-0.74248
4.06,-0.74248
4.07,-0.74248
4.08,-0.74248
4.09,-0.74248
4.1,-0.74248
4.11,-0.74248
4.12,-0.74248
4.13,-0.74248
4.14,-0.74248
4.15,-0.74248
4.16,-0.74248
4.17,-0.74248
4.18,-0.74248
4.19,-0.74248
4.2,-0.74248
4.21,-0.74248
4.22,-0.74248
4.23,-0.74248
4.24,-0.74248
4.25,-0.74248
4.26,-0.74248
4.27,-0.74248
4.28,-0.74248
4.29,-0.74248
4.3,-0.74248
4.31,-0.74248
4.32,-0.74248
4.33,-0.74248
4.34,-0.74248
4.35,-0.74248
4.36,-0.74248
4.37,-0.74248
4.38,-0.74248
4.39,-0.74248
4.4,-0.74248
4.41,-0.74248
4.42,-0.74248
4.43,-0.74248
4.44,-0.74248
4.45,-0.74248
4.46,-0.74248
4.47,-0.74248
4.48,-0.74248
4.49,-0.74248
4.5,-0.74248
4.51,-0.74248
4.52,-0.74248
4.53,-0.74248
4.54,-0.74248
4.55,-0.74248
4.56,-0.74248
4.57,-0.74248
4.58,-0.74248
4.59,-0.74248
4.6,-0.74248
4.61,-0.74248
4.62,-0.74248
4.63,-0.74248
4.64,-0.74248
4.65,-0.74248
4.66,-0.74248
4.67,-0.74248
4.68,-0.74248
4.69,-0.74248
4.7,-0.74248
4.71,-0.74248
4.72,-0.74248
4.73,-0.74248
4.74,-0.74248
4.75,-0.74248
4.76,-0.74248
4.77,-0.74248
4.78,-0.74248
4.79,-0.74248
4.8,-0.74248
4.81,-0.74248
4.82,-0.74248
4.83,-0.74248
4.84,-0.74248
4.85,-0.74248
4.86,-0.74248
4.87,-0.74248
4.88,-0.74248
4.89,-0.74248
4.9,-0.74248
4.91,-0.74248
4.92,-0.74248
4.93,-0.74248
4.94,-0.74248
4.95,-0.74248
4.96,-0.74248
4.97,-0.74248
4.98,-0.74248
4.99,-0.74248
5,-0.74248
5.01,-0.74248
5.02,-0.74248
5.03,-0.74248
5.04,-0.74248
5.05,-0.74248
5.06,-0.74248
5.07,-0.74248
5.08,-0.74248
5.09,-0.74248
5.1,-0.74248
5.11,-0.74248
5.12,-0.74248
5.13,-0.74248
5.14,-0.74248
5.15,-0.74248
5.16,-0.74248
5.17,-0.74248
5.18,-0.74248
5.19,-0.74248
5.2,-0.74248
5.21,-0.74248
5.22,-0.74248
5.23,-0.74248
5.24,-0.74248
5.25,-0.74248
5.26,-0.74248
5.27,-0.74248
5.28,-0.74248
5.29,-0.74248
5.3,-0.74248
5.31,-0.74248
5.32,-0.74248
5.33,-0.74248
5.34,-0.74248
5.35,-0.74248
5.36,-0.74248
5.37,-0.74248
5.38,-0.74248
5.39,-0.74248
5.4,-0.74248
5.41,-0.74248
5.42,-0.74248
5.43,-0.74248
5.44,-0.74248
5.45,-0.74248
5.46,-0.74248
5.47,-0.74248
5.48,-0.74248
5.49,-0.74248
5.5,-0.74248
5.51,-0.74248
5.52,-0.74248
5.53,-0.74248
5.54,-0.74248
5.55,-0.74248
5.56,-0.74248
5.57,-0.74248
5.58,-0.74248
5.59,-0.74248
5.6,-0.74248
5.61,-0.74248
5.62,-0.74248
5.63,-0.74248
5.64,-0.74248
5.65,-0.74248
5.66,-0.74248
5.67,-0.74248
5.68,-0.74248
5.69,-0.74248
5.7,-0.74248
5.71,-0.74248
5.72,-0.74248
5.73,-0.74248
5.74,-0.74248
5.75,-0.74248
5.76,-0.74248
5.77,-0.74248
5.78,-0.74248
5.79,-0.74248
5.8,-0.74248
5.81,-0.74248
5.82,-0.74248
5.83,-0.74248
5.84,-0.74248
5.85,-0.74248
5.86,-0.74248
5.87,-0.74248
5.88,-0.74248
5.89,-0.74248
5.9,-0.74248
5.91,-0.74248
5.92,-0.74248
5.93,-0.74248
5.94,-0.74248
5.95,-0.74248
5.96,-0.74248
5.97,-0.74248
5.98,-0.74248
5.99,-0.74248
6,-0.74248
6.01,-0.74248
6.02,-0.74248
6.03,-0.74248
6.04,-0.74248
6.05,-0.74248
6.06,-0.74248
6.07,-0.74248
6.08,-0.74248
6.09,-0.74248
6.1,-0.74248
6.11,-0.74248
6.12,-0.74248
6.13,-0.74248
6.14,-0.74248
6.15,-0.74248
6.16,-0.74248
6.17,-0.74248
6.18,-0.74248
6.19,-0.74248
6.2,-0.74248
6.21,-0.74248
6.22,-0.74248
6.23,-0.74248
6.24,-0.74248
6.25,-0.74248
6.26,-0.74248
6.27,-0.74248
6.28,-0.74248
6.29,-0.74248
6.3,-0.74248
6.31,-0.74248
6.32,-0.74248
6.33,-0.74248
6.34,-0.74248
6.35,-0.74248
6.36,-0.74248
6.37,-0.74248
6.38,-0.74248
6.39,-0.74248
6.4,-0.74248
6.41,-0.74248
6.42,-0.74248
6.43,-0.74248
6.44,-0.74248
6.45,-0.74248
6.46,-0.74248
6.47,-0.74248
6.48,-0.74248
6.49,-0.74248
6.5,-0.74248
6.51,-0.74248
6.52,-0.74248
6.53,-0.74248
6.54,-0.74248
6.55,-0.74248
6.56,-0.74248
6.57,-0.74248
6.58,-0.74248
6.59,-0.74248
6.6,-0.74248
6.61,-0.74248
6.62,-0.74248
6.63,-0.74248
6.64,-0.74248
6.65,-0.74248
6.66,-0.74248
6.67,-0.74248
6.68,-0.74248
6.69,-0.74248
6.7,-0.74248
6.71,-0.74248
6.72,-0.74248
6.73,-0.74248
6.74,-0.74248
6.75,-0.74248
6.76,-0.74248
6.77,-0.74248
6.78,-0.74248
6.79,-0.74248
6.8,-0.74248
6.81,-0.74248
6.82,-0.74248
6.83,-0.74248
6.84,-0.74248
6.85,-0.74248
6.86,-0.74248
6.87,-0.74248
6.88,-0.74248
6.89,-0.74248
6.9,-0.74248
6.91,-0.74248
6.92,-0.74248
6.93,-0.74248
6.94,-0.74248
6.95,-0.74248
6.96,-0.74248
6.97,-0.74248
6.98,-0.74248
6.99,-0.74248
7,-0.74248
7.01,-0.74248
7.02,-0.74248
7.03,-0.74248
7.04,-0.74248
7.05,-0.74248
7.06,-0.74248
7.07,-0.74248
7.08,-0.74248
7.09,-0.74248
7.1,-0.74248
7.11,-0.74248
7.12,-0.74248
7.13,-0.74248
7.14,-0.74248
7.15,-0.74248
7.16,-0.74248
7.17,-0.74248
7.18,-0.74248
7.19,-0.74248
7.2,-0.74248
7.21,-0.74248
7.22,-0.74248
7.23,-0.74248
7.24,-0.74248
7.25,-0.74248
7.26,-0.74248
7.27,-0.74248
7.28,-0.74248
7.29,-0.74248
7.3,-0.74248
7.31,-0.74248
7.32,-0.74248
7.33,-0.74248
7.34,-0.74248
7.35,-0.74248
7.36,-0.74248
7.37,-0.74248
7.38,-0.74248
7.39,-0.74248
7.4,-0.74248
7.41,-0.74248
7.42,-0.74248
7.43,-0.74248
7.44,-0.74248
7.45,-0.74248
7.46,-0.74248
7.47,-0.74248
7.48,-0.74248
7.49,-0.74248
7.5,-0.74248
7.51,-0.74248
7.52,-0.74248
7.53,-0.74248
7.54,-0.74248
7.55,-0.74248
7.56,-0.74248
7.57,-0.74248
7.58,-0.74248
7.59,-0.74248
7.6,-0.74248
7.61,-0.74248
7.62,-0.74248
7.63,-0.74248
7.64,-0.74248
7.65,-0.74248
7.66,-0.74248
7.67,-0.74248
7.68,-0.74248
7.69,-0.74248
7.7,-0.74248
7.71,-0.74248
7.72,-0.74248
7.73,-0.74248
7.74,-0.74248
7.75,-0.74248
7.76,-0.74248
7.77,-0.74248
7.78,-0.74248
7.79,-0.74248
7.8,-0.74248
7.81,-0.74248
7.82,-0.74248
7.83,-0.74248
7.84,-0.74248
7.85,-0.74248
7.86,-0.74248
7.87,-0.74248
7.88,-0.74248
7.89,-0.74248
7.9,-0.74248
7.91,-0.74248
7.92,-0.74248
7.93,-0.74248
7.94,-0.74248
7.95,-0.74248
7.96,-0.74248
7.97,-0.74248
7.98,-0.74248
7.99,-0.74248
8,-0.74248
8.01,-0.74248
8.02,-0.74248
8.03,-0.74248
8.04,-0.74248
8.05,-0.74248
8.06,-0.74248
8.07,-0.74248
8.08,-0.74248
8.09,-0.74248
8.1,-0.74248
8.11,-0.74248
8.12,-0.74248
8.13,-0.74248
8.14,-0.74248
8.15,-0.74248
8.16,-0.74248
8.17,-0.74248
8.18,-0.74248
8.19,-0.74248
8.2,-0.74248
8.21,-0.74248
8.22,-0.74248
8.23,-0.74248
8.24,-0.74248
8.25,-0.74248
8.26,-0.74248
8.27,-0.74248
8.28,-0.74248
8.29,-0.74248
8.3,-0.74248
8.31,-0.74248
8.32,-0.74248
8.33,-0.74248
8.34,-0.74248
8.35,-0.74248
8.36,-0.74248
8.37,-0.74248
8.38,-0.74248
8.39,-0.74248
8.4,-0.74248
8.41,-0.74248
8.42,-0.74248
8.43,-0.74248
8.44,-0.74248
8.45,-0.74248
8.46,-0.74248
8.47,-0.74248
8.48,-0.74248
8.49,-0.74248
8.5,-0.74248
8.51,-0.74248
8.52,-0.74248
8.53,-0.74248
8.54,-0.74248
8.55,-0.74248
8.56,-0.74248
8.57,-0.74248
8.58,-0.74248
8.59,-0.74248
8.6,-0.74248
8.61,-0.74248
8.62,-0.74248
8.63,-0.74248
8.64,-0.74248
8.65,-0.74248
8.66,-0.74248
8.67,-0.74248
8.68,-0.74248
8.69,-0.74248
8.7,-0.74248
8.71,-0.74248
8.72,-0.74248
8.73,-0.74248
8.74,-0.74248
8.75,-0.74248
8.76,-0.74248
8.77,-0.74248
8.78,-0.74248
8.79,-0.74248
8.8,-0.74248
8.81,-0.74248
8.82,-0.74248
8.83,-0.74248
8.84,-0.74248
8.85,-0.74248
8.86,-0.74248
8.87,-0.74248
8.88,-0.74248
8.89,-0.74248
8.9,-0.74248
8.91,-0.74248
8.92,-0.74248
8.93,-0.74248
8.94,-0.74248
8.95,-0.74248
8.96,-0.74248
8.97,-0.74248
8.98,-0.74248
8.99,-0.74248
9,-0.74248
9.01,-0.74248
9.02,-0.74248
9.03,-0.74248
9.04,-0.74248
9.05,-0.74248
9.06,-0.74248
9.07,-0.74248
9.08,-0.74248
9.09,-0.74248
9.1,-0.74248
9.11,-0.74248
9.12,-0.74248
9.13,-0.74248
9.14,-0.74248
9.15,-0.74248
9.16,-0.74248
9.17,-0.74248
9.18,-0.74248
9.19,-0.74248
9.2,-0.74248
9.21,-0.74248
9.22,-0.74248
9.23,-0.74248
9.24,-0.74248
9.25,-0.74248
9.26,-0.74248
9.27,-0.74248
9.28,-0.74248
9.29,-0.74248
9.3,-0.74248
9.31,-0.74248
9.32,-0.74248
9.33,-0.74248
9.34,-0.74248
9.35,-0.74248
9.36,-0.74248
9.37,-0.74248
9.38,-0.74248
9.39,-0.74248
9.4,-0.74248
9.41,-0.74248
9.42,-0.74248
9.43,-0.74248
9.44,-0.74248
9.45,-0.74248
9.46,-0.74248
9.47,-0.74248
9.48,-0.74248
9.49,-0.74248
9.5,-0.74248
9.51,-0.74248
9.52,-0.74248
9.53,-0.74248
9.54,-0.74248
9.55,-0.74248
9.56,-0.74248
9.57,-0.74248
9.58,-0.74248
9.59,-0.74248
9.6,-0.74248
9.61,-0.74248
9.62,-0.74248
9.63,-0.74248
9.64,-0.74248
9.65,-0.74248
9.66,-0.74248
9.67,-0.74248
9.68,-0.74248
9.69,-0.74248
9.7,-0.74248
9.71,-0.74248
9.72,-0.74248
9.73,-0.74248
9.74,-0.74248
9.75,-0.74248
9.76,-0.74248
9.77,-0.74248
9.78,-0.74248
9.79,-0.74248
9.8,-0.74248
9.81,-0.74248
9.82,-0.74248
9.83,-0.74248
9.84,-0.74248
9.85,-0.74248
9.86,-0.74248
9.87,-0.74248
9.88,-0.74248
9.89,-0.74248
9.9,-0.74248
9.91,-0.74248
9.92,-0.74248
9.93,-0.74248
9.94,-0.74248
9.95,-0.74248
9.96,-0.74248
9.97,-0.74248
9.98,-0.74248
9.99,-0.74248
