0,-0.25466
0.01,-0.25344
0.02,-0.25223
0.03,-0.25102
0.04,-0.24981
0.05,-0.2486
0.06,-0.24739
0.07,-0.24618
0.08,-0.24498
0.09,-0.24378
0.1,-0.24258
0.11,-0.24138
0.12,-0.24018
0.13,-0.23898
0.14,-0.23779
0.15,-0.23659
0.16,-0.2354
0.17,-0.23421
0.18,-0.23302
0.19,-0.23183
0.2,-0.23065
0.21,-0.22947
0.22,-0.22828
0.23,-0.2271
0.24,-0.22592
0.25,-0.22475
0.26,-0.22357
0.27,-0.2224
0.28,-0.22122
0.29,-0.22005
0.3,-0.21888
0.31,-0.21772
0.32,-0.21655
0.33,-0.21538
0.34,-0.21422
0.35,-0.21306
0.36,-0.2119
0.37,-0.21074
0.38,-0.20959
0.39,-0.20843
0.4,-0.20728
0.41,-0.20613
0.42,-0.20498
0.43,-0.20383
0.44,-0.20269
0.45,-0.20154
0.46,-0.2004
0.47,-0.19926
0.48,-0.19812
0.49,-0.19698
0.5,-0.19584
0.51,-0.19471
0.52,-0.19358
0.53,-0.19245
0.54,-0.19132
0.55,-0.19019
0.56,-0.18906
0.57,-0.18794
0.58,-0.18682
0.59,-0.1857
0.6,-0.18458
0.61,-0.18346
0.62,-0.18235
0.63,-0.18123
0.64,-0.18012
0.65,-0.17901
0.66,-0.1779
0.67,-0.1768
0.68,-0.17569
0.69,-0.17459
0.7,-0.17349
0.71,-0.17239
0.72,-0.17129
0.73,-0.17019
0.74,-0.1691
0.75,-0.16801
0.76,-0.16692
0.77,-0.16583
0.78,-0.16474
0.79,-0.16365
0.8,-0.16257
0.81,-0.16149
0.82,-0.16041
0.83,-0.15933
0.84,-0.15825
0.85,-0.15718
0.86,-0.15611
0.87,-0.15503
0.88,-0.15397
0.89,-0.1529
0.9,-0.15183
0.91,-0.15077
0.92,-0.14971
0.93,-0.14865
0.94,-0.14759
0.95,-0.14653
0.96,-0.14547
0.97,-0.14442
0.98,-0.14337
0.99,-0.14232
1,-0.14127
1.01,-0.14023
1.02,-0.13918
1.03,-0.13814
1.04,-0.1371
1.05,-0.13606
1.06,-0.13502
1.07,-0.13399
1.08,-0.13296
1.09,-0.13193
1.1,-0.1309
1.11,-0.12987
1.12,-0.12884
1.13,-0.12782
1.14,-0.1268
1.15,-0.12578
1.16,-0.12476
1.17,-0.12374
1.18,-0.12273
1.19,-0.12171
1.2,-0.1207
1.21,-0.11969
1.22,-0.11868
1.23,-0.11768
1.24,-0.11667
1.25,-0.11567
1.26,-0.11467
1.27,-0.11367
1.28,-0.11268
1.29,-0.11168
1.3,-0.11069
1.31,-0.1097
1.32,-0.10871
1.33,-0.10772
1.34,-0.10674
1.35,-0.10575
1.36,-0.10477
1.37,-0.10379
1.38,-0.10281
1.39,-0.10184
1.4,-0.10086
1.41,-0.099892
1.42,-0.098921
1.43,-0.097953
1.44,-0.096986
1.45,-0.096021
1.46,-0.095058
1.47,-0.094096
1.48,-0.093137
1.49,-0.09218
1.5,-0.091224
1.51,-0.09027
1.52,-0.089318
1.53,-0.088368
1.54,-0.08742
1.55,-0.086473
1.56,-0.085529
1.57,-0.084586
1.58,-0.083646
1.59,-0.082707
1.6,-0.08177
1.61,-0.080834
1.62,-0.079901
1.63,-0.07897
1.64,-0.07804
1.65,-0.077112
1.66,-0.076186
1.67,-0.075262
1.68,-0.07434
1.69,-0.07342
1.7,-0.072501
1.71,-0.071585
1.72,-0.07067
1.73,-0.069757
1.74,-0.068846
1.75,-0.067937
1.76,-0.06703
1.77,-0.066124
1.78,-0.065221
1.79,-0.064319
1.8,-0.063419
1.81,-0.062522
1.82,-0.061625
1.83,-0.060731
1.84,-0.059839
1.85,-0.058948
1.86,-0.05806
1.87,-0.057173
1.88,-0.056288
1.89,-0.055405
1.9,-0.054524
1.91,-0.053644
1.92,-0.052767
1.93,-0.051891
1.94,-0.051017
1.95,-0.050145
1.96,-0.049275
1.97,-0.048407
1.98,-0.047541
1.99,-0.046676
2,-0.045814
2.01,-0.044953
2.02,-0.044094
2.03,-0.043237
2.04,-0.042382
2.05,-0.041528
2.06,-0.040677
2.07,-0.039827
2.08,-0.038979
2.09,-0.038133
2.1,-0.037289
2.11,-0.036447
2.12,-0.035606
2.13,-0.034768
2.14,-0.033931
2.15,-0.033096
2.16,-0.032263
2.17,-0.031432
2.18,-0.030602
2.19,-0.029775
2.2,-0.028949
2.21,-0.028125
2.22,-0.027303
2.23,-0.026483
2.24,-0.025664
2.25,-0.024848
2.26,-0.024033
2.27,-0.02322
2.28,-0.022409
2.29,-0.0216
2.3,-0.020793
2.31,-0.019987
2.32,-0.019183
2.33,-0.018382
2.34,-0.017582
2.35,-0.016783
2.36,-0.015987
2.37,-0.015192
2.38,-0.014399
2.39,-0.013609
2.4,-0.012819
2.41,-0.012032
2.42,-0.011247
2.43,-0.010463
2.44,-0.0096811
2.45,-0.008901
2.46,-0.0081228
2.47,-0.0073463
2.48,-0.0065717
2.49,-0.0057989
2.5,-0.0050279
2.51,-0.0042587
2.52,-0.0034913
2.53,-0.0027257
2.54,-0.001962
2.55,-0.0012
2.56,-0.00043979
2.57,0.0003186
2.58,0.0010752
2.59,0.00183
2.6,0.002583
2.61,0.0033342
2.62,0.0040836
2.63,0.0048312
2.64,0.0055771
2.65,0.0063211
2.66,0.0070634
2.67,0.0078039
2.68,0.0085426
2.69,0.0092795
2.7,0.010015
2.71,0.010748
2.72,0.01148
2.73,0.012209
2.74,0.012937
2.75,0.013664
2.76,0.014388
2.77,0.015111
2.78,0.015832
2.79,0.016551
2.8,0.017268
2.81,0.017984
2.82,0.018698
2.83,0.01941
2.84,0.020121
2.85,0.020829
2.86,0.021536
2.87,0.022241
2.88,0.022944
2.89,0.023646
2.9,0.024346
2.91,0.025044
2.92,0.02574
2.93,0.026435
2.94,0.027128
2.95,0.027819
2.96,0.028509
2.97,0.029196
2.98,0.029882
2.99,0.030566
3,0.031249
3.01,0.03193
3.02,0.032609
3.03,0.033286
3.04,0.033962
3.05,0.034635
3.06,0.035308
3.07,0.035978
3.08,0.036647
3.09,0.037314
3.1,0.037979
3.11,0.038643
3.12,0.039304
3.13,0.039965
3.14,0.040623
3.15,0.04128
3.16,0.041935
3.17,0.042588
3.18,0.04324
3.19,0.04389
3.2,0.044538
3.21,0.045185
3.22,0.045829
3.23,0.046473
3.24,0.047114
3.25,0.047754
3.26,0.048392
3.27,0.049029
3.28,0.049663
3.29,0.050296
3.3,0.050928
3.31,0.051558
3.32,0.052186
3.33,0.052812
3.34,0.053437
3.35,0.05406
3.36,0.054681
3.37,0.055301
3.38,0.055919
3.39,0.056536
3.4,0.057151
3.41,0.057764
3.42,0.058375
3.43,0.058985
3.44,0.059593
3.45,0.0602
3.46,0.060805
3.47,0.061408
3.48,0.06201
3.49,0.06261
3.5,0.063208
3.51,0.063805
3.52,0.0644
3.53,0.064994
3.54,0.065585
3.55,0.066176
3.56,0.066764
3.57,0.067351
3.58,0.067937
3.59,0.068521
3.6,0.069103
3.61,0.069683
3.62,0.070262
3.63,0.07084
3.64,0.071416
3.65,0.07199
3.66,0.072562
3.67,0.073133
3.68,0.073703
3.69,0.07427
3.7,0.074837
3.71,0.075401
3.72,0.075964
3.73,0.076526
3.74,0.077086
3.75,0.077644
3.76,0.078201
3.77,0.078756
3.78,0.079309
3.79,0.079861
3.8,0.080412
3.81,0.080961
3.82,0.081508
3.83,0.082054
3.84,0.082598
3.85,0.083141
3.86,0.083682
3.87,0.084221
3.88,0.084759
3.89,0.085296
3.9,0.085831
3.91,0.086364
3.92,0.086896
3.93,0.087426
3.94,0.087955
3.95,0.088482
3.96,0.089008
3.97,0.089532
3.98,0.090055
3.99,0.090576
4,0.091096
4.01,0.091614
4.02,0.092131
4.03,0.092646
4.04,0.093159
4.05,0.093671
4.06,0.094182
4.07,0.094691
4.08,0.095199
4.09,0.095705
4.1,0.096209
4.11,0.096712
4.12,0.097214
4.13,0.097714
4.14,0.098213
4.15,0.09871
4.16,0.099205
4.17,0.0997
4.18,0.10019
4.19,0.10068
4.2,0.10117
4.21,0.10166
4.22,0.10215
4.23,0.10263
4.24,0.10312
4.25,0.1036
4.26,0.10408
4.27,0.10456
4.28,0.10504
4.29,0.10552
4.3,0.10599
4.31,0.10646
4.32,0.10694
4.33,0.10741
4.34,0.10788
4.35,0.10834
4.36,0.10881
4.37,0.10928
4.38,0.10974
4.39,0.1102
4.4,0.11066
4.41,0.11112
4.42,0.11158
4.43,0.11204
4.44,0.11249
4.45,0.11295
4.46,0.1134
4.47,0.11385
4.48,0.1143
4.49,0.11475
4.5,0.11519
4.51,0.11564
4.52,0.11608
4.53,0.11653
4.54,0.11697
4.55,0.11741
4.56,0.11785
4.57,0.11828
4.58,0.11872
4.59,0.11915
4.6,0.11959
4.61,0.12002
4.62,0.12045
4.63,0.12088
4.64,0.1213
4.65,0.12173
4.66,0.12216
4.67,0.12258
4.68,0.123
4.69,0.12342
4.7,0.12384
4.71,0.12426
4.72,0.12468
4.73,0.12509
4.74,0.12551
4.75,0.12592
4.76,0.12633
4.77,0.12674
4.78,0.12715
4.79,0.12756
4.8,0.12796
4.81,0.12837
4.82,0.12877
4.83,0.12917
4.84,0.12957
4.85,0.12997
4.86,0.13037
4.87,0.13077
4.88,0.13116
4.89,0.13156
4.9,0.13195
4.91,0.13234
4.92,0.13273
4.93,0.13312
4.94,0.13351
4.95,0.1339
4.96,0.13428
4.97,0.13466
4.98,0.13505
4.99,0.13543
5,0.13581
5.01,0.13619
5.02,0.13657
5.03,0.13694
5.04,0.13732
5.05,0.13769
5.06,0.13806
5.07,0.13844
5.08,0.13881
5.09,0.13917
5.1,0.13954
5.11,0.13991
5.12,0.14027
5.13,0.14064
5.14,0.141
5.15,0.14136
5.16,0.14172
5.17,0.14208
5.18,0.14244
5.19,0.14279
5.2,0.14315
5.21,0.1435
5.22,0.14386
5.23,0.14421
5.24,0.14456
5.25,0.14491
5.26,0.14526
5.27,0.1456
5.28,0.14595
5.29,0.14629
5.3,0.14664
5.31,0.14698
5.32,0.14732
5.33,0.14766
5.34,0.148
5.35,0.14834
5.36,0.14867
5.37,0.14901
5.38,0.14934
5.39,0.14967
5.4,0.15
5.41,0.15033
5.42,0.15066
5.43,0.15099
5.44,0.15132
5.45,0.15164
5.46,0.15197
5.47,0.15229
5.48,0.15261
5.49,0.15294
5.5,0.15326
5.51,0.15357
5.52,0.15389
5.53,0.15421
5.54,0.15452
5.55,0.15484
5.56,0.15515
5.57,0.15546
5.58,0.15577
5.59,0.15608
5.6,0.15639
5.61,0.1567
5.62,0.15701
5.63,0.15731
5.64,0.15762
5.65,0.15792
5.66,0.15822
5.67,0.15852
5.68,0.15882
5.69,0.15912
5.7,0.15942
5.71,0.15971
5.72,0.16001
5.73,0.1603
5.74,0.1606
5.75,0.16089
5.76,0.16118
5.77,0.16147
5.78,0.16176
5.79,0.16205
5.8,0.16233
5.81,0.16262
5.82,0.1629
5.83,0.16319
5.84,0.16347
5.85,0.16375
5.86,0.16403
5.87,0.16431
5.88,0.16459
5.89,0.16487
5.9,0.16514
5.91,0.16542
5.92,0.16569
5.93,0.16597
5.94,0.16624
5.95,0.16651
5.96,0.16678
5.97,0.16705
5.98,0.16732
5.99,0.16758
6,0.16785
6.01,0.16811
6.02,0.16838
6.03,0.16864
6.04,0.1689
6.05,0.16916
6.06,0.16942
6.07,0.16968
6.08,0.16994
6.09,0.1702
6.1,0.17045
6.11,0.17071
6.12,0.17096
6.13,0.17121
6.14,0.17147
6.15,0.17172
6.16,0.17197
6.17,0.17222
6.18,0.17246
6.19,0.17271
6.2,0.17296
6.21,0.1732
6.22,0.17345
6.23,0.17369
6.24,0.17393
6.25,0.17417
6.26,0.17441
6.27,0.17465
6.28,0.17489
6.29,0.17513
6.3,0.17536
6.31,0.1756
6.32,0.17583
6.33,0.17607
6.34,0.1763
6.35,0.17653
6.36,0.17676
6.37,0.17699
6.38,0.17722
6.39,0.17745
6.4,0.17768
6.41,0.1779
6.42,0.17813
6.43,0.17835
6.44,0.17858
6.45,0.1788
6.46,0.17902
6.47,0.17924
6.48,0.17946
6.49,0.17968
6.5,0.1799
6.51,0.18012
6.52,0.18033
6.53,0.18055
6.54,0.18076
6.55,0.18098
6.56,0.18119
6.57,0.1814
6.58,0.18161
6.59,0.18182
6.6,0.18203
6.61,0.18224
6.62,0.18245
6.63,0.18265
6.64,0.18286
6.65,0.18306
6.66,0.18327
6.67,0.18347
6.68,0.18367
6.69,0.18387
6.7,0.18407
6.71,0.18427
6.72,0.18447
6.73,0.18467
6.74,0.18487
6.75,0.18506
6.76,0.18526
6.77,0.18545
6.78,0.18565
6.79,0.18584
6.8,0.18603
6.81,0.18622
6.82,0.18641
6.83,0.1866
6.84,0.18679
6.85,0.18698
6.86,0.18717
6.87,0.18735
6.88,0.18754
6.89,0.18772
6.9,0.18791
6.91,0.18809
6.92,0.18827
6.93,0.18846
6.94,0.18864
6.95,0.18882
6.96,0.18899
6.97,0.18917
6.98,0.18935
6.99,0.18953
7,0.1897
7.01,0.18988
7.02,0.19005
7.03,0.19023
7.04,0.1904
7.05,0.19057
7.06,0.19074
7.07,0.19091
7.08,0.19108
7.09,0.19125
7.1,0.19142
7.11,0.19159
7.12,0.19175
7.13,0.19192
7.14,0.19209
7.15,0.19225
7.16,0.19241
7.17,0.19258
7.18,0.19274
7.19,0.1929
7.2,0.19306
7.21,0.19322
7.22,0.19338
7.23,0.19354
7.24,0.1937
7.25,0.19385
7.26,0.19401
7.27,0.19416
7.28,0.19432
7.29,0.19447
7.3,0.19463
7.31,0.19478
7.32,0.19493
7.33,0.19508
7.34,0.19523
7.35,0.19538
7.36,0.19553
7.37,0.19568
7.38,0.19583
7.39,0.19597
7.4,0.19612
7.41,0.19627
7.42,0.19641
7.43,0.19655
7.44,0.1967
7.45,0.19684
7.46,0.19698
7.47,0.19712
7.48,0.19727
7.49,0.19741
7.5,0.19754
7.51,0.19768
7.52,0.19782
7.53,0.19796
7.54,0.1981
7.55,0.19823
7.56,0.19837
7.57,0.1985
7.58,0.19863
7.59,0.19877
7.6,0.1989
7.61,0.19903
7.62,0.19916
7.63,0.19929
7.64,0.19942
7.65,0.19955
7.66,0.19968
7.67,0.19981
7.68,0.19994
7.69,0.20006
7.7,0.20019
7.71,0.20032
7.72,0.20044
7.73,0.20057
7.74,0.20069
7.75,0.20081
7.76,0.20093
7.77,0.20106
7.78,0.20118
7.79,0.2013
7.8,0.20142
7.81,0.20154
7.82,0.20165
7.83,0.20177
7.84,0.20189
7.85,0.20201
7.86,0.20212
7.87,0.20224
7.88,0.20235
7.89,0.20247
7.9,0.20258
7.91,0.20269
7.92,0.20281
7.93,0.20292
7.94,0.20303
7.95,0.20314
7.96,0.20325
7.97,0.20336
7.98,0.20347
7.99,0.20358
8,0.20368
8.01,0.20379
8.02,0.2039
8.03,0.204
8.04,0.20411
8.05,0.20421
8.06,0.20432
8.07,0.20442
8.08,0.20453
8.09,0.20463
8.1,0.20473
8.11,0.20483
8.12,0.20493
8.13,0.20503
8.14,0.20513
8.15,0.20523
8.16,0.20533
8.17,0.20543
8.18,0.20553
8.19,0.20562
8.2,0.20572
8.21,0.20582
8.22,0.20591
8.23,0.20601
8.24,0.2061
8.25,0.20619
8.26,0.20629
8.27,0.20638
8.28,0.20647
8.29,0.20656
8.3,0.20665
8.31,0.20674
8.32,0.20683
8.33,0.20692
8.34,0.20701
8.35,0.2071
8.36,0.20719
8.37,0.20728
8.38,0.20736
8.39,0.20745
8.4,0.20754
8.41,0.20762
8.42,0.20771
8.43,0.20779
8.44,0.20787
8.45,0.20796
8.46,0.20804
8.47,0.20812
8.48,0.2082
8.49,0.20829
8.5,0.20837
8.51,0.20845
8.52,0.20853
8.53,0.20861
8.54,0.20869
8.55,0.20876
8.56,0.20884
8.57,0.20892
8.58,0.209
8.59,0.20907
8.6,0.20915
8.61,0.20922
8.62,0.2093
8.63,0.20937
8.64,0.20945
8.65,0.20952
8.66,0.20959
8.67,0.20967
8.68,0.20974
8.69,0.20981
8.7,0.20988
8.71,0.20995
8.72,0.21002
8.73,0.21009
8.74,0.21016
8.75,0.21023
8.76,0.2103
8.77,0.21037
8.78,0.21043
8.79,0.2105
8.8,0.21057
8.81,0.21064
8.82,0.2107
8.83,0.21077
8.84,0.21083
8.85,0.2109
8.86,0.21096
8.87,0.21102
8.88,0.21109
8.89,0.21115
8.9,0.21121
8.91,0.21127
8.92,0.21133
8.93,0.2114
8.94,0.21146
8.95,0.21152
8.96,0.21158
8.97,0.21164
8.98,0.21169
8.99,0.21175
9,0.21181
9.01,0.21187
9.02,0.21193
9.03,0.21198
9.04,0.21204
9.05,0.2121
9.06,0.21215
9.07,0.21221
9.08,0.21226
9.09,0.21232
9.1,0.21237
9.11,0.21242
9.12,0.21248
9.13,0.21253
9.14,0.21258
9.15,0.21263
9.16,0.21269
9.17,0.21274
9.18,0.21279
9.19,0.21284
9.2,0.21289
9.21,0.21294
9.22,0.21299
9.23,0.21304
9.24,0.21308
9.25,0.21313
9.26,0.21318
9.27,0.21323
9.28,0.21328
9.29,0.21332
9.3,0.21337
9.31,0.21341
9.32,0.21346
9.33,0.2135
9.34,0.21355
9.35,0.21359
9.36,0.21364
9.37,0.21368
9.38,0.21373
9.39,0.21377
9.4,0.21381
9.41,0.21385
9.42,0.2139
9.43,0.21394
9.44,0.21398
9.45,0.21402
9.46,0.21406
9.47,0.2141
9.48,0.21414
9.49,0.21418
9.5,0.21422
9.51,0.21426
9.52,0.2143
9.53,0.21433
9.54,0.21437
9.55,0.21441
9.56,0.21445
9.57,0.21448
9.58,0.21452
9.59,0.21455
9.6,0.21459
9.61,0.21463
9.62,0.21466
9.63,0.2147
9.64,0.21473
9.65,0.21476
9.66,0.2148
9.67,0.21483
9.68,0.21487
9.69,0.2149
9.7,0.21493
9.71,0.21496
9.72,0.21499
9.73,0.21503
9.74,0.21506
9.75,0.21509
9.76,0.21512
9.77,0.21515
9.78,0.21518
9.79,0.21521
9.8,0.21524
9.81,0.21527
9.82,0.2153
9.83,0.21533
9.84,0.21535
9.85,0.21538
9.86,0.21541
9.87,0.21544
9.88,0.21546
9.89,0.21549
9.9,0.21552
9.91,0.21554
9.92,0.21557
9.93,0.21559
9.94,0.21562
9.95,0.21564
9.96,0.21567
9.97,0.21569
9.98,0.21572
9.99,0.21574
10,0.21576
10.01,0.21579
10.02,0.21581
10.03,0.21583
10.04,0.21586
10.05,0.21588
10.06,0.2159
10.07,0.21592
10.08,0.21594
10.09,0.21596
10.1,0.21599
10.11,0.21601
10.12,0.21603
10.13,0.21605
10.14,0.21607
10.15,0.21609
10.16,0.2161
10.17,0.21612
10.18,0.21614
10.19,0.21616
10.2,0.21618
10.21,0.2162
10.22,0.21621
10.23,0.21623
10.24,0.21625
10.25,0.21627
10.26,0.21628
10.27,0.2163
10.28,0.21631
10.29,0.21633
10.3,0.21635
10.31,0.21636
10.32,0.21638
10.33,0.21639
10.34,0.21641
10.35,0.21642
10.36,0.21644
10.37,0.21645
10.38,0.21646
10.39,0.21648
10.4,0.21649
10.41,0.2165
10.42,0.21652
10.43,0.21653
10.44,0.21654
10.45,0.21655
10.46,0.21656
10.47,0.21658
10.48,0.21659
10.49,0.2166
10.5,0.21661
10.51,0.21662
10.52,0.21663
10.53,0.21664
10.54,0.21665
10.55,0.21666
10.56,0.21667
10.57,0.21668
10.58,0.21669
10.59,0.2167
10.6,0.21671
10.61,0.21672
10.62,0.21672
10.63,0.21673
10.64,0.21674
10.65,0.21675
10.66,0.21675
10.67,0.21676
10.68,0.21677
10.69,0.21678
10.7,0.21678
10.71,0.21679
10.72,0.21679
10.73,0.2168
10.74,0.21681
10.75,0.21681
10.76,0.21682
10.77,0.21682
10.78,0.21683
10.79,0.21683
10.8,0.21684
10.81,0.21684
10.82,0.21685
10.83,0.21685
10.84,0.21685
10.85,0.21686
10.86,0.21686
10.87,0.21686
10.88,0.21687
10.89,0.21687
10.9,0.21687
10.91,0.21688
10.92,0.21688
10.93,0.21688
10.94,0.21688
10.95,0.21688
10.96,0.21689
10.97,0.21689
10.98,0.21689
10.99,0.21689
11,0.21689
11.01,0.21689
11.02,0.21689
11.03,0.21689
11.04,0.21689
11.05,0.21689
16.06,0.21689
16.07,0.21689
16.08,0.21689
16.09,0.21689
16.1,0.21689
16.11,0.21689
16.12,0.21689
16.13,0.21689
16.14,0.21688
16.15,0.21688
16.16,0.21688
16.17,0.21688
16.18,0.21688
16.19,0.21687
16.2,0.21687
16.21,0.21687
16.22,0.21687
16.23,0.21686
16.24,0.21686
16.25,0.21686
16.26,0.21685
16.27,0.21685
16.28,0.21685
16.29,0.21684
16.3,0.21684
16.31,0.21683
16.32,0.21683
16.33,0.21683
16.34,0.21682
16.35,0.21682
16.36,0.21681
16.37,0.21681
16.38,0.2168
16.39,0.2168
16.4,0.21679
16.41,0.21678
16.42,0.21678
16.43,0.21677
16.44,0.21677
16.45,0.21676
16.46,0.21675
16.47,0.21675
16.48,0.21674
16.49,0.21673
16.5,0.21673
16.51,0.21672
16.52,0.21671
16.53,0.21671
16.54,0.2167
16.55,0.21669
16.56,0.21668
16.57,0.21667
16.58,0.21667
16.59,0.21666
16.6,0.21665
16.61,0.21664
16.62,0.21663
16.63,0.21662
16.64,0.21662
16.65,0.21661
16.66,0.2166
16.67,0.21659
16.68,0.21658
16.69,0.21657
16.7,0.21656
16.71,0.21655
16.72,0.21654
16.73,0.21653
16.74,0.21652
16.75,0.21651
16.76,0.2165
16.77,0.21649
16.78,0.21648
16.79,0.21647
16.8,0.21646
16.81,0.21645
16.82,0.21644
16.83,0.21643
16.84,0.21642
16.85,0.2164
16.86,0.21639
16.87,0.21638
16.88,0.21637
16.89,0.21636
16.9,0.21635
16.91,0.21633
16.92,0.21632
16.93,0.21631
16.94,0.2163
16.95,0.21629
16.96,0.21627
16.97,0.21626
16.98,0.21625
16.99,0.21624
17,0.21622
17.01,0.21621
17.02,0.2162
17.03,0.21618
17.04,0.21617
17.05,0.21616
17.06,0.21614
17.07,0.21613
17.08,0.21612
17.09,0.2161
17.1,0.21609
17.11,0.21608
17.12,0.21606
17.13,0.21605
17.14,0.21603
17.15,0.21602
17.16,0.216
17.17,0.21599
17.18,0.21598
17.19,0.21596
17.2,0.21595
17.21,0.21593
17.22,0.21592
17.23,0.2159
17.24,0.21589
17.25,0.21587
17.26,0.21586
17.27,0.21584
17.28,0.21582
17.29,0.21581
17.3,0.21579
17.31,0.21578
17.32,0.21576
17.33,0.21575
17.34,0.21573
17.35,0.21571
17.36,0.2157
17.37,0.21568
17.38,0.21567
17.39,0.21565
17.4,0.21563
17.41,0.21562
17.42,0.2156
17.43,0.21558
17.44,0.21557
17.45,0.21555
17.46,0.21553
17.47,0.21552
17.48,0.2155
17.49,0.21548
17.5,0.21547
17.51,0.21545
17.52,0.21543
17.53,0.21541
17.54,0.2154
17.55,0.21538
17.56,0.21536
17.57,0.21534
17.58,0.21533
17.59,0.21531
17.6,0.21529
17.61,0.21527
17.62,0.21525
17.63,0.21524
17.64,0.21522
17.65,0.2152
17.66,0.21518
17.67,0.21516
17.68,0.21515
17.69,0.21513
17.7,0.21511
17.71,0.21509
17.72,0.21507
17.73,0.21505
17.74,0.21503
17.75,0.21502
17.76,0.215
17.77,0.21498
17.78,0.21496
17.79,0.21494
17.8,0.21492
17.81,0.2149
17.82,0.21488
17.83,0.21486
17.84,0.21484
17.85,0.21483
17.86,0.21481
17.87,0.21479
17.88,0.21477
17.89,0.21475
17.9,0.21473
17.91,0.21471
17.92,0.21469
17.93,0.21467
17.94,0.21465
17.95,0.21463
17.96,0.21461
17.97,0.21459
17.98,0.21457
17.99,0.21455
18,0.21453
18.01,0.21451
18.02,0.21449
18.03,0.21447
18.04,0.21445
18.05,0.21443
18.06,0.21441
18.07,0.21439
18.08,0.21437
18.09,0.21435
18.1,0.21433
18.11,0.21431
18.12,0.21428
18.13,0.21426
18.14,0.21424
18.15,0.21422
18.16,0.2142
18.17,0.21418
18.18,0.21416
18.19,0.21414
18.2,0.21412
18.21,0.2141
18.22,0.21408
18.23,0.21406
18.24,0.21403
18.25,0.21401
18.26,0.21399
18.27,0.21397
18.28,0.21395
18.29,0.21393
18.3,0.21391
18.31,0.21389
18.32,0.21386
18.33,0.21384
18.34,0.21382
18.35,0.2138
18.36,0.21378
18.37,0.21376
18.38,0.21374
18.39,0.21371
18.4,0.21369
18.41,0.21367
18.42,0.21365
18.43,0.21363
18.44,0.21361
18.45,0.21358
18.46,0.21356
18.47,0.21354
18.48,0.21352
18.49,0.2135
18.5,0.21347
18.51,0.21345
18.52,0.21343
18.53,0.21341
18.54,0.21339
18.55,0.21336
18.56,0.21334
18.57,0.21332
18.58,0.2133
18.59,0.21328
18.6,0.21325
18.61,0.21323
18.62,0.21321
18.63,0.21319
18.64,0.21317
18.65,0.21314
18.66,0.21312
18.67,0.2131
18.68,0.21308
18.69,0.21305
18.7,0.21303
18.71,0.21301
18.72,0.21299
18.73,0.21296
18.74,0.21294
18.75,0.21292
18.76,0.2129
18.77,0.21287
18.78,0.21285
18.79,0.21283
18.8,0.21281
18.81,0.21278
18.82,0.21276
18.83,0.21274
18.84,0.21272
18.85,0.21269
18.86,0.21267
18.87,0.21265
18.88,0.21263
18.89,0.2126
18.9,0.21258
18.91,0.21256
18.92,0.21253
18.93,0.21251
18.94,0.21249
18.95,0.21247
18.96,0.21244
18.97,0.21242
18.98,0.2124
18.99,0.21237
19,0.21235
19.01,0.21233
19.02,0.21231
19.03,0.21228
19.04,0.21226
19.05,0.21224
19.06,0.21221
19.07,0.21219
19.08,0.21217
19.09,0.21215
19.1,0.21212
19.11,0.2121
19.12,0.21208
19.13,0.21205
19.14,0.21203
19.15,0.21201
19.16,0.21199
19.17,0.21196
19.18,0.21194
19.19,0.21192
19.2,0.21189
19.21,0.21187
19.22,0.21185
19.23,0.21182
19.24,0.2118
19.25,0.21178
19.26,0.21176
19.27,0.21173
19.28,0.21171
19.29,0.21169
19.3,0.21166
19.31,0.21164
19.32,0.21162
19.33,0.21159
19.34,0.21157
19.35,0.21155
19.36,0.21153
19.37,0.2115
19.38,0.21148
19.39,0.21146
19.4,0.21143
19.41,0.21141
19.42,0.21139
19.43,0.21136
19.44,0.21134
19.45,0.21132
19.46,0.21129
19.47,0.21127
19.48,0.21125
19.49,0.21123
19.5,0.2112
19.51,0.21118
19.52,0.21116
19.53,0.21113
19.54,0.21111
19.55,0.21109
19.56,0.21106
19.57,0.21104
19.58,0.21102
19.59,0.211
19.6,0.21097
19.61,0.21095
19.62,0.21093
19.63,0.2109
19.64,0.21088
19.65,0.21086
19.66,0.21083
19.67,0.21081
19.68,0.21079
19.69,0.21077
19.7,0.21074
19.71,0.21072
19.72,0.2107
19.73,0.21067
19.74,0.21065
19.75,0.21063
19.76,0.2106
19.77,0.21058
19.78,0.21056
19.79,0.21054
19.8,0.21051
19.81,0.21049
19.82,0.21047
19.83,0.21044
19.84,0.21042
19.85,0.2104
19.86,0.21038
19.87,0.21035
19.88,0.21033
19.89,0.21031
19.9,0.21028
19.91,0.21026
19.92,0.21024
19.93,0.21022
19.94,0.21019
19.95,0.21017
19.96,0.21015
19.97,0.21013
19.98,0.2101
19.99,0.21008
20,0.21006
20.01,0.21003
20.02,0.21001
20.03,0.20999
20.04,0.20997
20.05,0.20994
20.06,0.20992
20.07,0.2099
20.08,0.20988
20.09,0.20985
20.1,0.20983
20.11,0.20981
20.12,0.20979
20.13,0.20976
20.14,0.20974
20.15,0.20972
20.16,0.2097
20.17,0.20967
20.18,0.20965
20.19,0.20963
20.2,0.20961
20.21,0.20958
20.22,0.20956
20.23,0.20954
20.24,0.20952
20.25,0.20949
20.26,0.20947
20.27,0.20945
20.28,0.20943
20.29,0.20941
20.3,0.20938
20.31,0.20936
20.32,0.20934
20.33,0.20932
20.34,0.20929
20.35,0.20927
20.36,0.20925
20.37,0.20923
20.38,0.20921
20.39,0.20918
20.4,0.20916
20.41,0.20914
20.42,0.20912
20.43,0.2091
20.44,0.20907
20.45,0.20905
20.46,0.20903
20.47,0.20901
20.48,0.20899
20.49,0.20896
20.5,0.20894
20.51,0.20892
20.52,0.2089
20.53,0.20888
20.54,0.20885
20.55,0.20883
20.56,0.20881
20.57,0.20879
20.58,0.20877
20.59,0.20875
20.6,0.20872
20.61,0.2087
20.62,0.20868
20.63,0.20866
20.64,0.20864
20.65,0.20862
20.66,0.20859
20.67,0.20857
20.68,0.20855
20.69,0.20853
20.7,0.20851
20.71,0.20849
20.72,0.20847
20.73,0.20844
20.74,0.20842
20.75,0.2084
20.76,0.20838
20.77,0.20836
20.78,0.20834
20.79,0.20832
20.8,0.20829
20.81,0.20827
20.82,0.20825
20.83,0.20823
20.84,0.20821
20.85,0.20819
20.86,0.20817
20.87,0.20815
20.88,0.20813
20.89,0.2081
20.9,0.20808
20.91,0.20806
20.92,0.20804
20.93,0.20802
20.94,0.208
20.95,0.20798
20.96,0.20796
20.97,0.20794
20.98,0.20792
20.99,0.2079
21,0.20787
21.01,0.20785
21.02,0.20783
21.03,0.20781
21.04,0.20779
21.05,0.20777
21.06,0.20775
21.07,0.20773
21.08,0.20771
21.09,0.20769
21.1,0.20767
21.11,0.20765
21.12,0.20763
21.13,0.20761
21.14,0.20759
21.15,0.20757
21.16,0.20755
21.17,0.20753
21.18,0.2075
21.19,0.20748
21.2,0.20746
21.21,0.20744
21.22,0.20742
21.23,0.2074
21.24,0.20738
21.25,0.20736
21.26,0.20734
21.27,0.20732
21.28,0.2073
21.29,0.20728
21.3,0.20726
21.31,0.20724
21.32,0.20722
21.33,0.2072
21.34,0.20718
21.35,0.20716
21.36,0.20714
21.37,0.20712
21.38,0.2071
21.39,0.20708
21.4,0.20706
21.41,0.20704
21.42,0.20703
21.43,0.20701
21.44,0.20699
21.45,0.20697
21.46,0.20695
21.47,0.20693
21.48,0.20691
21.49,0.20689
21.5,0.20687
21.51,0.20685
21.52,0.20683
21.53,0.20681
21.54,0.20679
21.55,0.20677
21.56,0.20675
21.57,0.20673
21.58,0.20671
21.59,0.20669
21.6,0.20668
21.61,0.20666
21.62,0.20664
21.63,0.20662
21.64,0.2066
21.65,0.20658
21.66,0.20656
21.67,0.20654
21.68,0.20652
21.69,0.2065
21.7,0.20649
21.71,0.20647
21.72,0.20645
21.73,0.20643
21.74,0.20641
21.75,0.20639
21.76,0.20637
21.77,0.20635
21.78,0.20634
21.79,0.20632
21.8,0.2063
21.81,0.20628
21.82,0.20626
21.83,0.20624
21.84,0.20622
21.85,0.20621
21.86,0.20619
21.87,0.20617
21.88,0.20615
21.89,0.20613
21.9,0.20611
21.91,0.2061
21.92,0.20608
21.93,0.20606
21.94,0.20604
21.95,0.20602
21.96,0.20601
21.97,0.20599
21.98,0.20597
21.99,0.20595
22,0.20593
22.01,0.20592
22.02,0.2059
22.03,0.20588
22.04,0.20586
22.05,0.20584
22.06,0.20583
22.07,0.20581
22.08,0.20579
22.09,0.20577
22.1,0.20575
22.11,0.20574
22.12,0.20572
22.13,0.2057
22.14,0.20568
22.15,0.20567
22.16,0.20565
22.17,0.20563
22.18,0.20561
22.19,0.2056
22.2,0.20558
22.21,0.20556
22.22,0.20555
22.23,0.20553
22.24,0.20551
22.25,0.20549
22.26,0.20548
22.27,0.20546
22.28,0.20544
22.29,0.20542
22.3,0.20541
22.31,0.20539
22.32,0.20537
22.33,0.20536
22.34,0.20534
22.35,0.20532
22.36,0.20531
22.37,0.20529
22.38,0.20527
22.39,0.20526
22.4,0.20524
22.41,0.20522
22.42,0.20521
22.43,0.20519
22.44,0.20517
22.45,0.20516
22.46,0.20514
22.47,0.20512
22.48,0.20511
22.49,0.20509
22.5,0.20507
22.51,0.20506
22.52,0.20504
22.53,0.20502
22.54,0.20501
22.55,0.20499
22.56,0.20498
22.57,0.20496
22.58,0.20494
22.59,0.20493
22.6,0.20491
22.61,0.20489
22.62,0.20488
22.63,0.20486
22.64,0.20485
22.65,0.20483
22.66,0.20481
22.67,0.2048
22.68,0.20478
22.69,0.20477
22.7,0.20475
22.71,0.20474
22.72,0.20472
22.73,0.2047
22.74,0.20469
22.75,0.20467
22.76,0.20466
22.77,0.20464
22.78,0.20463
22.79,0.20461
22.8,0.20459
22.81,0.20458
22.82,0.20456
22.83,0.20455
22.84,0.20453
22.85,0.20452
22.86,0.2045
22.87,0.20449
22.88,0.20447
22.89,0.20446
22.9,0.20444
22.91,0.20443
22.92,0.20441
22.93,0.2044
22.94,0.20438
22.95,0.20437
22.96,0.20435
22.97,0.20434
22.98,0.20432
22.99,0.20431
23,0.20429
23.01,0.20428
23.02,0.20426
23.03,0.20425
23.04,0.20423
23.05,0.20422
23.06,0.2042
23.07,0.20419
23.08,0.20417
23.09,0.20416
23.1,0.20414
23.11,0.20413
23.12,0.20412
23.13,0.2041
23.14,0.20409
23.15,0.20407
23.16,0.20406
23.17,0.20404
23.18,0.20403
23.19,0.20401
23.2,0.204
23.21,0.20399
23.22,0.20397
23.23,0.20396
23.24,0.20394
23.25,0.20393
23.26,0.20392
23.27,0.2039
23.28,0.20389
23.29,0.20387
23.3,0.20386
23.31,0.20385
23.32,0.20383
23.33,0.20382
23.34,0.2038
23.35,0.20379
23.36,0.20378
23.37,0.20376
23.38,0.20375
23.39,0.20374
23.4,0.20372
23.41,0.20371
23.42,0.2037
23.43,0.20368
23.44,0.20367
23.45,0.20365
23.46,0.20364
23.47,0.20363
23.48,0.20361
23.49,0.2036
23.5,0.20359
23.51,0.20357
23.52,0.20356
23.53,0.20355
23.54,0.20353
23.55,0.20352
23.56,0.20351
23.57,0.2035
23.58,0.20348
23.59,0.20347
23.6,0.20346
23.61,0.20344
23.62,0.20343
23.63,0.20342
23.64,0.2034
23.65,0.20339
23.66,0.20338
23.67,0.20337
23.68,0.20335
23.69,0.20334
23.7,0.20333
23.71,0.20332
23.72,0.2033
23.73,0.20329
23.74,0.20328
23.75,0.20326
23.76,0.20325
23.77,0.20324
23.78,0.20323
23.79,0.20321
23.8,0.2032
23.81,0.20319
23.82,0.20318
23.83,0.20317
23.84,0.20315
23.85,0.20314
23.86,0.20313
23.87,0.20312
23.88,0.2031
23.89,0.20309
23.9,0.20308
23.91,0.20307
23.92,0.20306
23.93,0.20304
23.94,0.20303
23.95,0.20302
23.96,0.20301
23.97,0.203
23.98,0.20298
23.99,0.20297
24,0.20296
24.01,0.20295
24.02,0.20294
24.03,0.20293
24.04,0.20291
24.05,0.2029
24.06,0.20289
24.07,0.20288
24.08,0.20287
24.09,0.20286
24.1,0.20284
24.11,0.20283
24.12,0.20282
24.13,0.20281
24.14,0.2028
24.15,0.20279
24.16,0.20278
24.17,0.20276
24.18,0.20275
24.19,0.20274
24.2,0.20273
24.21,0.20272
24.22,0.20271
24.23,0.2027
24.24,0.20269
24.25,0.20268
24.26,0.20266
24.27,0.20265
24.28,0.20264
24.29,0.20263
24.3,0.20262
24.31,0.20261
24.32,0.2026
24.33,0.20259
24.34,0.20258
24.35,0.20257
24.36,0.20256
24.37,0.20254
24.38,0.20253
24.39,0.20252
24.4,0.20251
24.41,0.2025
24.42,0.20249
24.43,0.20248
24.44,0.20247
24.45,0.20246
24.46,0.20245
24.47,0.20244
24.48,0.20243
24.49,0.20242
24.5,0.20241
24.51,0.2024
24.52,0.20239
24.53,0.20238
24.54,0.20237
24.55,0.20236
24.56,0.20235
24.57,0.20234
24.58,0.20233
24.59,0.20232
24.6,0.20231
24.61,0.2023
24.62,0.20229
24.63,0.20228
24.64,0.20227
24.65,0.20226
24.66,0.20225
24.67,0.20224
24.68,0.20223
24.69,0.20222
24.7,0.20221
24.71,0.2022
24.72,0.20219
24.73,0.20218
24.74,0.20217
24.75,0.20216
24.76,0.20215
24.77,0.20214
24.78,0.20213
24.79,0.20212
24.8,0.20211
24.81,0.2021
24.82,0.20209
24.83,0.20208
24.84,0.20207
24.85,0.20206
24.86,0.20205
24.87,0.20204
24.88,0.20203
24.89,0.20202
24.9,0.20202
24.91,0.20201
24.92,0.202
24.93,0.20199
24.94,0.20198
24.95,0.20197
24.96,0.20196
24.97,0.20195
24.98,0.20194
24.99,0.20193
25,0.20192
25.01,0.20191
25.02,0.20191
25.03,0.2019
25.04,0.20189
25.05,0.20188
25.06,0.20187
25.07,0.20186
25.08,0.20185
25.09,0.20184
25.1,0.20184
25.11,0.20183
25.12,0.20182
25.13,0.20181
25.14,0.2018
25.15,0.20179
25.16,0.20178
25.17,0.20177
25.18,0.20177
25.19,0.20176
25.2,0.20175
25.21,0.20174
25.22,0.20173
25.23,0.20172
25.24,0.20172
25.25,0.20171
25.26,0.2017
25.27,0.20169
25.28,0.20168
25.29,0.20167
25.3,0.20167
25.31,0.20166
25.32,0.20165
25.33,0.20164
25.34,0.20163
25.35,0.20162
25.36,0.20162
25.37,0.20161
25.38,0.2016
25.39,0.20159
25.4,0.20158
25.41,0.20158
25.42,0.20157
25.43,0.20156
25.44,0.20155
25.45,0.20154
25.46,0.20154
25.47,0.20153
25.48,0.20152
25.49,0.20151
25.5,0.20151
25.51,0.2015
25.52,0.20149
25.53,0.20148
25.54,0.20147
25.55,0.20147
25.56,0.20146
25.57,0.20145
25.58,0.20144
25.59,0.20144
25.6,0.20143
25.61,0.20142
25.62,0.20141
25.63,0.20141
25.64,0.2014
25.65,0.20139
25.66,0.20138
25.67,0.20138
25.68,0.20137
25.69,0.20136
25.7,0.20135
25.71,0.20135
25.72,0.20134
25.73,0.20133
25.74,0.20133
25.75,0.20132
25.76,0.20131
25.77,0.2013
25.78,0.2013
25.79,0.20129
25.8,0.20128
25.81,0.20128
25.82,0.20127
25.83,0.20126
25.84,0.20125
25.85,0.20125
25.86,0.20124
25.87,0.20123
25.88,0.20123
25.89,0.20122
25.9,0.20121
25.91,0.20121
25.92,0.2012
25.93,0.20119
25.94,0.20119
25.95,0.20118
25.96,0.20117
25.97,0.20117
25.98,0.20116
25.99,0.20115
26,0.20115
26.01,0.20114
26.02,0.20113
26.03,0.20113
26.04,0.20112
26.05,0.20111
26.06,0.20111
26.07,0.2011
26.08,0.20109
26.09,0.20109
26.1,0.20108
26.11,0.20107
26.12,0.20107
26.13,0.20106
26.14,0.20106
26.15,0.20105
26.16,0.20104
26.17,0.20104
26.18,0.20103
26.19,0.20102
26.2,0.20102
26.21,0.20101
26.22,0.20101
26.23,0.201
26.24,0.20099
26.25,0.20099
26.26,0.20098
26.27,0.20098
26.28,0.20097
26.29,0.20096
26.3,0.20096
26.31,0.20095
26.32,0.20095
26.33,0.20094
26.34,0.20093
26.35,0.20093
26.36,0.20092
26.37,0.20092
26.38,0.20091
26.39,0.2009
26.4,0.2009
26.41,0.20089
26.42,0.20089
26.43,0.20088
26.44,0.20088
26.45,0.20087
26.46,0.20086
26.47,0.20086
26.48,0.20085
26.49,0.20085
26.5,0.20084
26.51,0.20084
26.52,0.20083
26.53,0.20083
26.54,0.20082
26.55,0.20081
26.56,0.20081
26.57,0.2008
26.58,0.2008
26.59,0.20079
26.6,0.20079
26.61,0.20078
26.62,0.20078
26.63,0.20077
26.64,0.20077
26.65,0.20076
26.66,0.20075
26.67,0.20075
26.68,0.20074
26.69,0.20074
26.7,0.20073
26.71,0.20073
26.72,0.20072
26.73,0.20072
26.74,0.20071
26.75,0.20071
26.76,0.2007
26.77,0.2007
26.78,0.20069
26.79,0.20069
26.8,0.20068
26.81,0.20068
26.82,0.20067
26.83,0.20067
26.84,0.20066
26.85,0.20066
26.86,0.20065
26.87,0.20065
26.88,0.20064
26.89,0.20064
26.9,0.20063
26.91,0.20063
26.92,0.20062
26.93,0.20062
26.94,0.20061
26.95,0.20061
26.96,0.20061
26.97,0.2006
26.98,0.2006
26.99,0.20059
27,0.20059
27.01,0.20058
27.02,0.20058
27.03,0.20057
27.04,0.20057
27.05,0.20056
27.06,0.20056
27.07,0.20055
27.08,0.20055
27.09,0.20055
27.1,0.20054
27.11,0.20054
27.12,0.20053
27.13,0.20053
27.14,0.20052
27.15,0.20052
27.16,0.20051
27.17,0.20051
27.18,0.20051
27.19,0.2005
27.2,0.2005
27.21,0.20049
27.22,0.20049
27.23,0.20048
27.24,0.20048
27.25,0.20048
27.26,0.20047
27.27,0.20047
27.28,0.20046
27.29,0.20046
27.3,0.20045
27.31,0.20045
27.32,0.20045
27.33,0.20044
27.34,0.20044
27.35,0.20043
27.36,0.20043
27.37,0.20043
27.38,0.20042
27.39,0.20042
27.4,0.20041
27.41,0.20041
27.42,0.20041
27.43,0.2004
27.44,0.2004
27.45,0.20039
27.46,0.20039
27.47,0.20039
27.48,0.20038
27.49,0.20038
27.5,0.20038
27.51,0.20037
27.52,0.20037
27.53,0.20036
27.54,0.20036
27.55,0.20036
27.56,0.20035
27.57,0.20035
27.58,0.20035
27.59,0.20034
27.6,0.20034
27.61,0.20033
27.62,0.20033
27.63,0.20033
27.64,0.20032
27.65,0.20032
27.66,0.20032
27.67,0.20031
27.68,0.20031
27.69,0.20031
27.7,0.2003
27.71,0.2003
27.72,0.20029
27.73,0.20029
27.74,0.20029
27.75,0.20028
27.76,0.20028
27.77,0.20028
27.78,0.20027
27.79,0.20027
27.8,0.20027
27.81,0.20026
27.82,0.20026
27.83,0.20026
27.84,0.20025
27.85,0.20025
27.86,0.20025
27.87,0.20024
27.88,0.20024
27.89,0.20024
27.9,0.20023
27.91,0.20023
27.92,0.20023
27.93,0.20022
27.94,0.20022
27.95,0.20022
27.96,0.20022
27.97,0.20021
27.98,0.20021
27.99,0.20021
28,0.2002
28.01,0.2002
28.02,0.2002
28.03,0.20019
28.04,0.20019
28.05,0.20019
28.06,0.20018
28.07,0.20018
28.08,0.20018
28.09,0.20018
28.1,0.20017
28.11,0.20017
28.12,0.20017
28.13,0.20016
28.14,0.20016
28.15,0.20016
28.16,0.20016
28.17,0.20015
28.18,0.20015
28.19,0.20015
28.2,0.20014
28.21,0.20014
28.22,0.20014
28.23,0.20014
28.24,0.20013
28.25,0.20013
28.26,0.20013
28.27,0.20012
28.28,0.20012
28.29,0.20012
28.3,0.20012
28.31,0.20011
28.32,0.20011
28.33,0.20011
28.34,0.20011
28.35,0.2001
28.36,0.2001
28.37,0.2001
28.38,0.20009
28.39,0.20009
28.4,0.20009
28.41,0.20009
28.42,0.20008
28.43,0.20008
28.44,0.20008
28.45,0.20008
28.46,0.20007
28.47,0.20007
28.48,0.20007
28.49,0.20007
28.5,0.20006
28.51,0.20006
28.52,0.20006
28.53,0.20006
28.54,0.20005
28.55,0.20005
28.56,0.20005
28.57,0.20005
28.58,0.20005
28.59,0.20004
28.6,0.20004
28.61,0.20004
28.62,0.20004
28.63,0.20003
28.64,0.20003
28.65,0.20003
28.66,0.20003
28.67,0.20002
28.68,0.20002
28.69,0.20002
28.7,0.20002
28.71,0.20002
28.72,0.20001
28.73,0.20001
28.74,0.20001
28.75,0.20001
28.76,0.2
28.77,0.2
28.78,0.2
28.79,0.2
28.8,0.2
28.81,0.19999
28.82,0.19999
28.83,0.19999
28.84,0.19999
28.85,0.19999
28.86,0.19998
28.87,0.19998
28.88,0.19998
28.89,0.19998
28.9,0.19998
28.91,0.19997
28.92,0.19997
28.93,0.19997
28.94,0.19997
28.95,0.19997
28.96,0.19996
28.97,0.19996
28.98,0.19996
28.99,0.19996
29,0.19996
29.01,0.19995
29.02,0.19995
29.03,0.19995
29.04,0.19995
29.05,0.19995
29.06,0.19994
29.07,0.19994
29.08,0.19994
29.09,0.19994
29.1,0.19994
29.11,0.19994
29.12,0.19993
29.13,0.19993
29.14,0.19993
29.15,0.19993
29.16,0.19993
29.17,0.19992
29.18,0.19992
29.19,0.19992
29.2,0.19992
29.21,0.19992
29.22,0.19992
29.23,0.19991
29.24,0.19991
29.25,0.19991
29.26,0.19991
29.27,0.19991
29.28,0.19991
29.29,0.1999
29.3,0.1999
29.31,0.1999
29.32,0.1999
29.33,0.1999
29.34,0.1999
29.35,0.19989
29.36,0.19989
29.37,0.19989
29.38,0.19989
29.39,0.19989
29.4,0.19989
29.41,0.19989
29.42,0.19988
29.43,0.19988
29.44,0.19988
29.45,0.19988
29.46,0.19988
29.47,0.19988
29.48,0.19988
29.49,0.19987
29.5,0.19987
29.51,0.19987
29.52,0.19987
29.53,0.19987
29.54,0.19987
29.55,0.19987
29.56,0.19986
29.57,0.19986
29.58,0.19986
29.59,0.19986
29.6,0.19986
29.61,0.19986
29.62,0.19986
29.63,0.19985
29.64,0.19985
29.65,0.19985
29.66,0.19985
29.67,0.19985
29.68,0.19985
29.69,0.19985
29.7,0.19984
29.71,0.19984
29.72,0.19984
29.73,0.19984
29.74,0.19984
29.75,0.19984
29.76,0.19984
29.77,0.19984
29.78,0.19984
29.79,0.19983
29.8,0.19983
29.81,0.19983
29.82,0.19983
29.83,0.19983
29.84,0.19983
29.85,0.19983
29.86,0.19983
29.87,0.19982
29.88,0.19982
29.89,0.19982
29.9,0.19982
29.91,0.19982
29.92,0.19982
29.93,0.19982
29.94,0.19982
29.95,0.19982
29.96,0.19981
29.97,0.19981
29.98,0.19981
29.99,0.19981
30,0.19981
